{
"type": "FeatureCollection",
"name": "deptos",
"crs": { "type": "name", "properties": { "name": "urn:ogc:def:crs:OGC:1.3:CRS84" } },
"features": [
{ "type": "Feature", "properties": { "DPTO_CCDGO": "05", "DPTO_CNMBR": "ANTIOQUIA", "area_km2": 62788.733071539529 }, "geometry": { "type": "Polygon", "coordinates": [ [ [ -75.93, 5.508 ], [ -75.954, 5.509 ], [ -75.983, 5.519 ], [ -75.988, 5.537 ], [ -75.999, 5.541 ], [ -76.009, 5.568 ], [ -76.006, 5.581 ], [ -76.011, 5.594 ], [ -76.002, 5.6 ], [ -76.005, 5.621 ], [ -76.036, 5.652 ], [ -76.066, 5.667 ], [ -76.074, 5.677 ], [ -76.087, 5.689 ], [ -76.08, 5.708 ], [ -76.063, 5.727 ], [ -76.071, 5.742 ], [ -76.061, 5.758 ], [ -76.065, 5.764 ], [ -76.081, 5.766 ], [ -76.071, 5.781 ], [ -76.084, 5.791 ], [ -76.081, 5.816 ], [ -76.099, 5.831 ], [ -76.099, 5.85 ], [ -76.074, 5.888 ], [ -76.061, 5.886 ], [ -76.056, 5.895 ], [ -76.061, 5.926 ], [ -76.054, 5.932 ], [ -76.051, 5.951 ], [ -76.068, 5.962 ], [ -76.067, 5.978 ], [ -76.085, 5.987 ], [ -76.097, 6.004 ], [ -76.105, 6.018 ], [ -76.122, 6.02 ], [ -76.132, 6.0 ], [ -76.145, 5.998 ], [ -76.16, 6.004 ], [ -76.173, 6.017 ], [ -76.175, 6.044 ], [ -76.192, 6.06 ], [ -76.197, 6.08 ], [ -76.196, 6.105 ], [ -76.202, 6.122 ], [ -76.203, 6.163 ], [ -76.213, 6.167 ], [ -76.209, 6.185 ], [ -76.224, 6.188 ], [ -76.238, 6.208 ], [ -76.246, 6.205 ], [ -76.261, 6.209 ], [ -76.285, 6.193 ], [ -76.296, 6.201 ], [ -76.326, 6.203 ], [ -76.331, 6.197 ], [ -76.378, 6.193 ], [ -76.405, 6.186 ], [ -76.411, 6.17 ], [ -76.42, 6.166 ], [ -76.445, 6.168 ], [ -76.469, 6.177 ], [ -76.475, 6.16 ], [ -76.49, 6.169 ], [ -76.518, 6.179 ], [ -76.56, 6.18 ], [ -76.585, 6.193 ], [ -76.601, 6.193 ], [ -76.627, 6.183 ], [ -76.645, 6.168 ], [ -76.672, 6.174 ], [ -76.685, 6.163 ], [ -76.716, 6.171 ], [ -76.72, 6.178 ], [ -76.714, 6.192 ], [ -76.721, 6.199 ], [ -76.718, 6.215 ], [ -76.727, 6.227 ], [ -76.723, 6.237 ], [ -76.732, 6.237 ], [ -76.756, 6.251 ], [ -76.76, 6.26 ], [ -76.75, 6.274 ], [ -76.754, 6.285 ], [ -76.777, 6.286 ], [ -76.79, 6.319 ], [ -76.779, 6.326 ], [ -76.791, 6.342 ], [ -76.788, 6.351 ], [ -76.774, 6.359 ], [ -76.774, 6.37 ], [ -76.787, 6.375 ], [ -76.785, 6.382 ], [ -76.768, 6.381 ], [ -76.77, 6.397 ], [ -76.792, 6.409 ], [ -76.794, 6.423 ], [ -76.772, 6.421 ], [ -76.762, 6.432 ], [ -76.772, 6.44 ], [ -76.784, 6.433 ], [ -76.796, 6.438 ], [ -76.793, 6.451 ], [ -76.767, 6.47 ], [ -76.777, 6.489 ], [ -76.792, 6.496 ], [ -76.8, 6.508 ], [ -76.82, 6.487 ], [ -76.823, 6.505 ], [ -76.819, 6.524 ], [ -76.839, 6.52 ], [ -76.845, 6.53 ], [ -76.852, 6.561 ], [ -76.865, 6.572 ], [ -76.887, 6.561 ], [ -76.898, 6.579 ], [ -76.898, 6.589 ], [ -76.884, 6.609 ], [ -76.863, 6.609 ], [ -76.861, 6.625 ], [ -76.876, 6.63 ], [ -76.907, 6.627 ], [ -76.91, 6.644 ], [ -76.895, 6.663 ], [ -76.909, 6.671 ], [ -76.924, 6.647 ], [ -76.937, 6.655 ], [ -76.941, 6.686 ], [ -76.955, 6.675 ], [ -76.964, 6.687 ], [ -76.948, 6.696 ], [ -76.934, 6.71 ], [ -76.936, 6.719 ], [ -76.955, 6.723 ], [ -76.967, 6.744 ], [ -76.962, 6.764 ], [ -76.965, 6.78 ], [ -76.958, 6.791 ], [ -76.972, 6.798 ], [ -76.97, 6.813 ], [ -76.961, 6.816 ], [ -76.932, 6.813 ], [ -76.92, 6.843 ], [ -76.914, 6.847 ], [ -76.9, 6.829 ], [ -76.884, 6.848 ], [ -76.855, 6.846 ], [ -76.85, 6.835 ], [ -76.835, 6.829 ], [ -76.831, 6.839 ], [ -76.821, 6.835 ], [ -76.819, 6.846 ], [ -76.832, 6.855 ], [ -76.793, 6.865 ], [ -76.786, 6.878 ], [ -76.795, 6.896 ], [ -76.8, 6.948 ], [ -76.811, 6.962 ], [ -76.828, 6.959 ], [ -76.819, 6.973 ], [ -76.83, 6.972 ], [ -76.832, 6.989 ], [ -76.843, 6.988 ], [ -76.825, 7.005 ], [ -76.707, 7.025 ], [ -76.684, 7.021 ], [ -76.676, 7.03 ], [ -76.645, 7.008 ], [ -76.616, 7.016 ], [ -76.603, 7.001 ], [ -76.592, 7.01 ], [ -76.584, 6.983 ], [ -76.57, 6.98 ], [ -76.547, 7.003 ], [ -76.549, 7.016 ], [ -76.535, 7.039 ], [ -76.531, 7.06 ], [ -76.538, 7.066 ], [ -76.53, 7.08 ], [ -76.531, 7.093 ], [ -76.524, 7.107 ], [ -76.515, 7.11 ], [ -76.509, 7.135 ], [ -76.485, 7.135 ], [ -76.496, 7.147 ], [ -76.5, 7.168 ], [ -76.508, 7.185 ], [ -76.504, 7.194 ], [ -76.513, 7.204 ], [ -76.53, 7.255 ], [ -76.547, 7.259 ], [ -76.564, 7.275 ], [ -76.579, 7.305 ], [ -76.595, 7.303 ], [ -76.618, 7.315 ], [ -76.661, 7.448 ], [ -76.683, 7.468 ], [ -76.801, 7.572 ], [ -76.825, 7.582 ], [ -76.899, 7.582 ], [ -76.936, 7.584 ], [ -76.943, 7.589 ], [ -76.962, 7.642 ], [ -77.003, 7.672 ], [ -77.039, 7.705 ], [ -77.113, 7.782 ], [ -77.121, 7.787 ], [ -77.128, 7.826 ], [ -77.117, 7.831 ], [ -77.095, 7.825 ], [ -77.075, 7.847 ], [ -77.058, 7.852 ], [ -77.031, 7.88 ], [ -77.013, 7.938 ], [ -77.022, 7.947 ], [ -77.0, 7.958 ], [ -77.006, 7.973 ], [ -77.003, 7.998 ], [ -76.997, 8.019 ], [ -76.987, 8.031 ], [ -76.96, 8.037 ], [ -76.947, 8.05 ], [ -76.938, 8.068 ], [ -76.944, 8.094 ], [ -76.951, 8.099 ], [ -76.955, 8.12 ], [ -76.949, 8.172 ], [ -76.967, 8.192 ], [ -76.978, 8.228 ], [ -76.98, 8.255 ], [ -76.95, 8.253 ], [ -76.955, 8.237 ], [ -76.969, 8.243 ], [ -76.967, 8.213 ], [ -76.956, 8.184 ], [ -76.939, 8.181 ], [ -76.934, 8.197 ], [ -76.944, 8.211 ], [ -76.926, 8.202 ], [ -76.927, 8.184 ], [ -76.911, 8.181 ], [ -76.934, 8.17 ], [ -76.926, 8.162 ], [ -76.943, 8.167 ], [ -76.953, 8.128 ], [ -76.941, 8.117 ], [ -76.932, 8.092 ], [ -76.901, 8.102 ], [ -76.888, 8.115 ], [ -76.89, 8.129 ], [ -76.842, 8.137 ], [ -76.82, 8.138 ], [ -76.838, 8.122 ], [ -76.854, 8.12 ], [ -76.857, 8.114 ], [ -76.849, 8.088 ], [ -76.826, 8.095 ], [ -76.835, 8.081 ], [ -76.866, 8.074 ], [ -76.873, 8.067 ], [ -76.865, 8.061 ], [ -76.84, 8.06 ], [ -76.832, 8.047 ], [ -76.838, 8.043 ], [ -76.853, 8.057 ], [ -76.871, 8.054 ], [ -76.858, 8.044 ], [ -76.858, 8.035 ], [ -76.836, 8.025 ], [ -76.844, 8.016 ], [ -76.852, 8.023 ], [ -76.875, 8.021 ], [ -76.884, 8.043 ], [ -76.905, 8.045 ], [ -76.925, 8.025 ], [ -76.929, 8.006 ], [ -76.92, 7.999 ], [ -76.928, 7.991 ], [ -76.933, 7.942 ], [ -76.922, 7.918 ], [ -76.912, 7.912 ], [ -76.867, 7.904 ], [ -76.815, 7.903 ], [ -76.768, 7.91 ], [ -76.748, 7.922 ], [ -76.75, 7.934 ], [ -76.763, 7.944 ], [ -76.747, 7.941 ], [ -76.74, 7.949 ], [ -76.745, 7.962 ], [ -76.726, 7.983 ], [ -76.747, 8.021 ], [ -76.736, 8.02 ], [ -76.728, 8.031 ], [ -76.736, 8.043 ], [ -76.72, 8.04 ], [ -76.715, 8.062 ], [ -76.728, 8.087 ], [ -76.735, 8.092 ], [ -76.733, 8.071 ], [ -76.742, 8.063 ], [ -76.74, 8.111 ], [ -76.748, 8.109 ], [ -76.762, 8.12 ], [ -76.746, 8.136 ], [ -76.739, 8.167 ], [ -76.748, 8.195 ], [ -76.755, 8.238 ], [ -76.76, 8.252 ], [ -76.774, 8.267 ], [ -76.759, 8.303 ], [ -76.754, 8.338 ], [ -76.761, 8.35 ], [ -76.758, 8.382 ], [ -76.761, 8.404 ], [ -76.774, 8.421 ], [ -76.788, 8.421 ], [ -76.798, 8.458 ], [ -76.816, 8.488 ], [ -76.837, 8.505 ], [ -76.894, 8.526 ], [ -76.917, 8.538 ], [ -76.915, 8.545 ], [ -76.935, 8.536 ], [ -76.936, 8.556 ], [ -76.899, 8.584 ], [ -76.889, 8.596 ], [ -76.885, 8.623 ], [ -76.846, 8.625 ], [ -76.798, 8.632 ], [ -76.714, 8.65 ], [ -76.677, 8.659 ], [ -76.65, 8.671 ], [ -76.634, 8.69 ], [ -76.638, 8.709 ], [ -76.628, 8.72 ], [ -76.631, 8.732 ], [ -76.608, 8.741 ], [ -76.584, 8.746 ], [ -76.544, 8.762 ], [ -76.513, 8.784 ], [ -76.511, 8.803 ], [ -76.486, 8.819 ], [ -76.48, 8.826 ], [ -76.441, 8.846 ], [ -76.419, 8.862 ], [ -76.414, 8.874 ], [ -76.381, 8.794 ], [ -76.4, 8.78 ], [ -76.42, 8.755 ], [ -76.4, 8.746 ], [ -76.368, 8.721 ], [ -76.364, 8.709 ], [ -76.356, 8.693 ], [ -76.345, 8.64 ], [ -76.318, 8.656 ], [ -76.281, 8.649 ], [ -76.266, 8.639 ], [ -76.269, 8.622 ], [ -76.251, 8.611 ], [ -76.255, 8.594 ], [ -76.265, 8.584 ], [ -76.244, 8.572 ], [ -76.224, 8.574 ], [ -76.224, 8.562 ], [ -76.236, 8.553 ], [ -76.21, 8.523 ], [ -76.21, 8.475 ], [ -76.219, 8.444 ], [ -76.212, 8.43 ], [ -76.197, 8.423 ], [ -76.181, 8.4 ], [ -76.184, 8.393 ], [ -76.227, 8.381 ], [ -76.237, 8.37 ], [ -76.268, 8.351 ], [ -76.295, 8.315 ], [ -76.303, 8.311 ], [ -76.303, 8.285 ], [ -76.325, 8.262 ], [ -76.328, 8.242 ], [ -76.343, 8.211 ], [ -76.351, 8.203 ], [ -76.35, 8.172 ], [ -76.333, 8.156 ], [ -76.335, 8.148 ], [ -76.349, 8.155 ], [ -76.357, 8.146 ], [ -76.371, 8.15 ], [ -76.375, 8.112 ], [ -76.402, 8.102 ], [ -76.408, 8.1 ], [ -76.409, 8.074 ], [ -76.425, 8.073 ], [ -76.43, 8.056 ], [ -76.427, 8.019 ], [ -76.412, 8.007 ], [ -76.417, 7.982 ], [ -76.415, 7.955 ], [ -76.423, 7.95 ], [ -76.419, 7.927 ], [ -76.421, 7.912 ], [ -76.433, 7.909 ], [ -76.445, 7.894 ], [ -76.45, 7.879 ], [ -76.464, 7.87 ], [ -76.465, 7.849 ], [ -76.481, 7.821 ], [ -76.484, 7.803 ], [ -76.48, 7.777 ], [ -76.483, 7.758 ], [ -76.497, 7.75 ], [ -76.491, 7.72 ], [ -76.486, 7.689 ], [ -76.496, 7.653 ], [ -76.492, 7.64 ], [ -76.512, 7.61 ], [ -76.508, 7.602 ], [ -76.515, 7.587 ], [ -76.502, 7.556 ], [ -76.494, 7.542 ], [ -76.48, 7.537 ], [ -76.474, 7.522 ], [ -76.462, 7.517 ], [ -76.452, 7.501 ], [ -76.455, 7.483 ], [ -76.445, 7.48 ], [ -76.438, 7.457 ], [ -76.427, 7.45 ], [ -76.424, 7.433 ], [ -76.413, 7.415 ], [ -76.403, 7.413 ], [ -76.381, 7.392 ], [ -76.055, 7.365 ], [ -75.966, 7.357 ], [ -75.845, 7.347 ], [ -75.834, 7.371 ], [ -75.836, 7.389 ], [ -75.83, 7.408 ], [ -75.818, 7.417 ], [ -75.827, 7.425 ], [ -75.825, 7.443 ], [ -75.802, 7.446 ], [ -75.788, 7.46 ], [ -75.788, 7.473 ], [ -75.775, 7.502 ], [ -75.787, 7.512 ], [ -75.767, 7.529 ], [ -75.776, 7.545 ], [ -75.774, 7.565 ], [ -75.761, 7.578 ], [ -75.766, 7.599 ], [ -75.752, 7.611 ], [ -75.743, 7.612 ], [ -75.712, 7.581 ], [ -75.681, 7.585 ], [ -75.672, 7.597 ], [ -75.646, 7.586 ], [ -75.619, 7.583 ], [ -75.602, 7.59 ], [ -75.601, 7.602 ], [ -75.592, 7.604 ], [ -75.571, 7.625 ], [ -75.555, 7.624 ], [ -75.558, 7.643 ], [ -75.549, 7.645 ], [ -75.551, 7.667 ], [ -75.534, 7.691 ], [ -75.538, 7.715 ], [ -75.531, 7.725 ], [ -75.503, 7.719 ], [ -75.485, 7.736 ], [ -75.475, 7.777 ], [ -75.461, 7.786 ], [ -75.454, 7.803 ], [ -75.466, 7.819 ], [ -75.459, 7.834 ], [ -75.428, 7.818 ], [ -75.419, 7.824 ], [ -75.416, 7.839 ], [ -75.405, 7.842 ], [ -75.407, 7.853 ], [ -75.391, 7.863 ], [ -75.355, 7.869 ], [ -75.343, 7.881 ], [ -75.344, 7.892 ], [ -75.331, 7.925 ], [ -75.337, 7.939 ], [ -75.337, 7.948 ], [ -75.327, 7.944 ], [ -75.309, 7.947 ], [ -75.292, 7.96 ], [ -75.287, 7.974 ], [ -75.266, 8.0 ], [ -75.252, 8.001 ], [ -75.243, 8.009 ], [ -75.237, 8.032 ], [ -75.247, 8.043 ], [ -75.23, 8.053 ], [ -75.22, 8.068 ], [ -75.208, 8.057 ], [ -75.196, 8.056 ], [ -75.186, 8.044 ], [ -75.168, 8.053 ], [ -75.133, 8.054 ], [ -75.128, 8.04 ], [ -75.107, 8.052 ], [ -75.095, 8.07 ], [ -75.082, 8.063 ], [ -75.081, 8.053 ], [ -75.056, 8.048 ], [ -75.028, 8.053 ], [ -75.013, 8.071 ], [ -74.99, 8.075 ], [ -74.966, 8.09 ], [ -74.956, 8.079 ], [ -74.928, 8.075 ], [ -74.913, 8.1 ], [ -74.894, 8.116 ], [ -74.87, 8.166 ], [ -74.868, 8.196 ], [ -74.861, 8.201 ], [ -74.831, 8.2 ], [ -74.811, 8.183 ], [ -74.813, 8.168 ], [ -74.799, 8.16 ], [ -74.789, 8.137 ], [ -74.771, 8.122 ], [ -74.761, 8.13 ], [ -74.737, 8.116 ], [ -74.725, 8.116 ], [ -74.718, 8.098 ], [ -74.707, 8.091 ], [ -74.691, 8.09 ], [ -74.674, 8.078 ], [ -74.668, 8.06 ], [ -74.65, 8.052 ], [ -74.631, 8.055 ], [ -74.626, 8.036 ], [ -74.615, 8.032 ], [ -74.603, 8.037 ], [ -74.591, 8.004 ], [ -74.579, 7.995 ], [ -74.573, 7.978 ], [ -74.561, 7.968 ], [ -74.549, 7.95 ], [ -74.539, 7.947 ], [ -74.535, 7.914 ], [ -74.52, 7.901 ], [ -74.527, 7.838 ], [ -74.519, 7.824 ], [ -74.517, 7.802 ], [ -74.525, 7.782 ], [ -74.514, 7.781 ], [ -74.509, 7.73 ], [ -74.498, 7.711 ], [ -74.487, 7.713 ], [ -74.475, 7.704 ], [ -74.476, 7.682 ], [ -74.489, 7.676 ], [ -74.517, 7.677 ], [ -74.531, 7.671 ], [ -74.544, 7.655 ], [ -74.561, 7.646 ], [ -74.566, 7.618 ], [ -74.562, 7.61 ], [ -74.571, 7.578 ], [ -74.567, 7.539 ], [ -74.568, 7.519 ], [ -74.59, 7.511 ], [ -74.593, 7.491 ], [ -74.588, 7.482 ], [ -74.598, 7.462 ], [ -74.579, 7.434 ], [ -74.563, 7.433 ], [ -74.561, 7.428 ], [ -74.559, 7.414 ], [ -74.548, 7.412 ], [ -74.508, 7.373 ], [ -74.506, 7.362 ], [ -74.491, 7.343 ], [ -74.47, 7.348 ], [ -74.467, 7.362 ], [ -74.452, 7.366 ], [ -74.448, 7.378 ], [ -74.426, 7.381 ], [ -74.414, 7.399 ], [ -74.416, 7.421 ], [ -74.412, 7.441 ], [ -74.422, 7.441 ], [ -74.412, 7.46 ], [ -74.378, 7.467 ], [ -74.371, 7.48 ], [ -74.358, 7.473 ], [ -74.353, 7.462 ], [ -74.335, 7.459 ], [ -74.319, 7.44 ], [ -74.343, 7.412 ], [ -74.347, 7.403 ], [ -74.374, 7.373 ], [ -74.374, 7.364 ], [ -74.389, 7.359 ], [ -74.398, 7.348 ], [ -74.403, 7.324 ], [ -74.4, 7.313 ], [ -74.386, 7.299 ], [ -74.389, 7.267 ], [ -74.396, 7.256 ], [ -74.399, 7.235 ], [ -74.408, 7.22 ], [ -74.41, 7.202 ], [ -74.4, 7.189 ], [ -74.397, 7.172 ], [ -74.377, 7.143 ], [ -74.369, 7.122 ], [ -74.372, 7.099 ], [ -74.351, 7.081 ], [ -74.351, 7.057 ], [ -74.356, 7.01 ], [ -74.33, 7.011 ], [ -74.322, 7.019 ], [ -74.306, 6.999 ], [ -74.284, 7.009 ], [ -74.277, 7.012 ], [ -74.244, 7.004 ], [ -74.207, 7.038 ], [ -74.079, 7.151 ], [ -73.916, 7.296 ], [ -73.925, 7.268 ], [ -73.92, 7.242 ], [ -73.923, 7.213 ], [ -73.939, 7.182 ], [ -73.931, 7.151 ], [ -73.933, 7.125 ], [ -73.929, 7.115 ], [ -73.888, 7.07 ], [ -73.881, 7.013 ], [ -73.898, 6.986 ], [ -73.936, 6.955 ], [ -73.949, 6.952 ], [ -73.988, 6.93 ], [ -74.011, 6.913 ], [ -74.023, 6.891 ], [ -74.051, 6.869 ], [ -74.079, 6.839 ], [ -74.08, 6.825 ], [ -74.094, 6.804 ], [ -74.11, 6.777 ], [ -74.115, 6.766 ], [ -74.133, 6.755 ], [ -74.143, 6.757 ], [ -74.16, 6.736 ], [ -74.193, 6.72 ], [ -74.206, 6.722 ], [ -74.231, 6.71 ], [ -74.257, 6.675 ], [ -74.277, 6.664 ], [ -74.312, 6.654 ], [ -74.328, 6.631 ], [ -74.36, 6.633 ], [ -74.38, 6.616 ], [ -74.387, 6.604 ], [ -74.409, 6.587 ], [ -74.403, 6.568 ], [ -74.407, 6.543 ], [ -74.395, 6.506 ], [ -74.394, 6.494 ], [ -74.404, 6.477 ], [ -74.397, 6.452 ], [ -74.374, 6.429 ], [ -74.369, 6.415 ], [ -74.373, 6.406 ], [ -74.39, 6.394 ], [ -74.42, 6.392 ], [ -74.44, 6.372 ], [ -74.45, 6.332 ], [ -74.473, 6.311 ], [ -74.485, 6.306 ], [ -74.509, 6.286 ], [ -74.527, 6.274 ], [ -74.534, 6.269 ], [ -74.552, 6.238 ], [ -74.573, 6.216 ], [ -74.575, 6.192 ], [ -74.589, 6.166 ], [ -74.597, 6.16 ], [ -74.612, 6.127 ], [ -74.604, 6.112 ], [ -74.585, 6.088 ], [ -74.562, 6.078 ], [ -74.567, 6.058 ], [ -74.572, 6.035 ], [ -74.563, 6.002 ], [ -74.569, 5.987 ], [ -74.594, 5.986 ], [ -74.613, 5.966 ], [ -74.608, 5.945 ], [ -74.597, 5.93 ], [ -74.586, 5.925 ], [ -74.585, 5.903 ], [ -74.59, 5.895 ], [ -74.612, 5.89 ], [ -74.634, 5.873 ], [ -74.64, 5.859 ], [ -74.651, 5.833 ], [ -74.647, 5.808 ], [ -74.653, 5.787 ], [ -74.665, 5.769 ], [ -74.679, 5.779 ], [ -74.693, 5.773 ], [ -74.714, 5.772 ], [ -74.728, 5.739 ], [ -74.725, 5.724 ], [ -74.739, 5.699 ], [ -74.767, 5.699 ], [ -74.77, 5.69 ], [ -74.805, 5.698 ], [ -74.811, 5.709 ], [ -74.82, 5.708 ], [ -74.834, 5.72 ], [ -74.837, 5.735 ], [ -74.865, 5.747 ], [ -74.88, 5.746 ], [ -74.881, 5.745 ], [ -74.886, 5.739 ], [ -74.93, 5.734 ], [ -74.952, 5.72 ], [ -74.971, 5.715 ], [ -74.993, 5.716 ], [ -75.008, 5.683 ], [ -75.029, 5.675 ], [ -75.048, 5.661 ], [ -75.069, 5.662 ], [ -75.087, 5.661 ], [ -75.099, 5.643 ], [ -75.089, 5.616 ], [ -75.096, 5.603 ], [ -75.087, 5.598 ], [ -75.091, 5.586 ], [ -75.113, 5.572 ], [ -75.13, 5.553 ], [ -75.132, 5.541 ], [ -75.138, 5.527 ], [ -75.165, 5.528 ], [ -75.202, 5.516 ], [ -75.206, 5.508 ], [ -75.221, 5.503 ], [ -75.241, 5.467 ], [ -75.276, 5.419 ], [ -75.287, 5.459 ], [ -75.283, 5.476 ], [ -75.297, 5.474 ], [ -75.314, 5.465 ], [ -75.316, 5.459 ], [ -75.317, 5.486 ], [ -75.311, 5.507 ], [ -75.329, 5.525 ], [ -75.328, 5.556 ], [ -75.338, 5.569 ], [ -75.346, 5.587 ], [ -75.34, 5.603 ], [ -75.363, 5.601 ], [ -75.383, 5.621 ], [ -75.383, 5.627 ], [ -75.369, 5.64 ], [ -75.368, 5.655 ], [ -75.377, 5.674 ], [ -75.407, 5.681 ], [ -75.413, 5.694 ], [ -75.424, 5.696 ], [ -75.455, 5.682 ], [ -75.461, 5.672 ], [ -75.479, 5.664 ], [ -75.489, 5.678 ], [ -75.508, 5.681 ], [ -75.52, 5.695 ], [ -75.536, 5.692 ], [ -75.544, 5.709 ], [ -75.544, 5.72 ], [ -75.556, 5.724 ], [ -75.569, 5.725 ], [ -75.599, 5.737 ], [ -75.595, 5.711 ], [ -75.599, 5.681 ], [ -75.574, 5.67 ], [ -75.59, 5.642 ], [ -75.584, 5.632 ], [ -75.58, 5.606 ], [ -75.575, 5.575 ], [ -75.576, 5.55 ], [ -75.571, 5.544 ], [ -75.569, 5.523 ], [ -75.578, 5.516 ], [ -75.596, 5.518 ], [ -75.617, 5.532 ], [ -75.627, 5.526 ], [ -75.641, 5.53 ], [ -75.656, 5.525 ], [ -75.67, 5.529 ], [ -75.689, 5.519 ], [ -75.704, 5.538 ], [ -75.714, 5.548 ], [ -75.73, 5.564 ], [ -75.745, 5.552 ], [ -75.765, 5.548 ], [ -75.773, 5.537 ], [ -75.783, 5.541 ], [ -75.807, 5.514 ], [ -75.817, 5.512 ], [ -75.832, 5.489 ], [ -75.85, 5.492 ], [ -75.861, 5.506 ], [ -75.868, 5.49 ], [ -75.884, 5.483 ], [ -75.906, 5.481 ], [ -75.923, 5.493 ], [ -75.93, 5.508 ] ] ] } },
{ "type": "Feature", "properties": { "DPTO_CCDGO": "08", "DPTO_CNMBR": "ATLÁNTICO", "area_km2": 3324.2957616204008 }, "geometry": { "type": "Polygon", "coordinates": [ [ [ -75.006, 10.361 ], [ -75.024, 10.364 ], [ -75.033, 10.369 ], [ -75.054, 10.383 ], [ -75.074, 10.409 ], [ -75.089, 10.41 ], [ -75.127, 10.399 ], [ -75.152, 10.425 ], [ -75.158, 10.443 ], [ -75.169, 10.452 ], [ -75.192, 10.45 ], [ -75.205, 10.458 ], [ -75.2, 10.47 ], [ -75.224, 10.481 ], [ -75.234, 10.48 ], [ -75.242, 10.504 ], [ -75.235, 10.531 ], [ -75.225, 10.542 ], [ -75.227, 10.56 ], [ -75.237, 10.567 ], [ -75.225, 10.597 ], [ -75.229, 10.614 ], [ -75.223, 10.623 ], [ -75.229, 10.644 ], [ -75.247, 10.678 ], [ -75.248, 10.696 ], [ -75.245, 10.717 ], [ -75.25, 10.723 ], [ -75.241, 10.747 ], [ -75.228, 10.761 ], [ -75.235, 10.778 ], [ -75.271, 10.778 ], [ -75.26, 10.801 ], [ -75.23, 10.795 ], [ -75.217, 10.805 ], [ -75.209, 10.817 ], [ -75.192, 10.819 ], [ -75.181, 10.83 ], [ -75.164, 10.83 ], [ -75.15, 10.836 ], [ -75.143, 10.853 ], [ -75.131, 10.863 ], [ -75.104, 10.866 ], [ -75.074, 10.887 ], [ -75.061, 10.89 ], [ -75.042, 10.906 ], [ -75.031, 10.931 ], [ -75.028, 10.95 ], [ -75.058, 10.936 ], [ -75.046, 10.95 ], [ -75.009, 10.977 ], [ -74.981, 10.98 ], [ -74.958, 10.991 ], [ -74.942, 11.018 ], [ -74.922, 11.028 ], [ -74.921, 11.046 ], [ -74.903, 11.043 ], [ -74.874, 11.048 ], [ -74.847, 11.058 ], [ -74.855, 11.105 ], [ -74.852, 11.105 ], [ -74.846, 11.075 ], [ -74.838, 11.058 ], [ -74.827, 11.047 ], [ -74.803, 11.033 ], [ -74.771, 11.005 ], [ -74.764, 10.995 ], [ -74.756, 10.971 ], [ -74.757, 10.945 ], [ -74.754, 10.936 ], [ -74.719, 10.91 ], [ -74.735, 10.893 ], [ -74.738, 10.876 ], [ -74.741, 10.834 ], [ -74.738, 10.808 ], [ -74.725, 10.772 ], [ -74.728, 10.749 ], [ -74.726, 10.728 ], [ -74.724, 10.667 ], [ -74.746, 10.651 ], [ -74.74, 10.634 ], [ -74.725, 10.62 ], [ -74.726, 10.601 ], [ -74.738, 10.58 ], [ -74.736, 10.551 ], [ -74.744, 10.538 ], [ -74.767, 10.528 ], [ -74.782, 10.515 ], [ -74.807, 10.483 ], [ -74.812, 10.451 ], [ -74.818, 10.425 ], [ -74.827, 10.411 ], [ -74.836, 10.41 ], [ -74.858, 10.393 ], [ -74.864, 10.367 ], [ -74.861, 10.354 ], [ -74.868, 10.341 ], [ -74.895, 10.295 ], [ -74.911, 10.254 ], [ -74.937, 10.29 ], [ -74.965, 10.326 ], [ -75.006, 10.361 ] ] ] } },
{ "type": "Feature", "properties": { "DPTO_CCDGO": "11", "DPTO_CNMBR": "BOGOTÁ, D.C.", "area_km2": 1620.5408343314778 }, "geometry": { "type": "Polygon", "coordinates": [ [ [ -74.0, 4.806 ], [ -74.016, 4.792 ], [ -74.019, 4.764 ], [ -74.011, 4.758 ], [ -74.007, 4.727 ], [ -74.014, 4.698 ], [ -74.011, 4.683 ], [ -74.002, 4.675 ], [ -74.007, 4.664 ], [ -74.025, 4.663 ], [ -74.029, 4.643 ], [ -74.009, 4.638 ], [ -74.01, 4.626 ], [ -73.987, 4.631 ], [ -73.995, 4.614 ], [ -73.994, 4.601 ], [ -74.003, 4.586 ], [ -74.005, 4.561 ], [ -74.029, 4.559 ], [ -74.042, 4.512 ], [ -74.048, 4.513 ], [ -74.073, 4.513 ], [ -74.076, 4.464 ], [ -74.092, 4.459 ], [ -74.107, 4.447 ], [ -74.117, 4.404 ], [ -74.114, 4.386 ], [ -74.098, 4.38 ], [ -74.094, 4.363 ], [ -74.098, 4.346 ], [ -74.119, 4.311 ], [ -74.129, 4.284 ], [ -74.152, 4.256 ], [ -74.141, 4.232 ], [ -74.138, 4.213 ], [ -74.124, 4.196 ], [ -74.123, 4.181 ], [ -74.11, 4.182 ], [ -74.115, 4.152 ], [ -74.109, 4.133 ], [ -74.129, 4.125 ], [ -74.132, 4.104 ], [ -74.12, 4.098 ], [ -74.133, 4.08 ], [ -74.125, 4.055 ], [ -74.151, 4.005 ], [ -74.16, 4.018 ], [ -74.175, 4.018 ], [ -74.184, 4.009 ], [ -74.202, 4.014 ], [ -74.217, 4.011 ], [ -74.229, 3.994 ], [ -74.244, 3.955 ], [ -74.26, 3.947 ], [ -74.256, 3.928 ], [ -74.274, 3.924 ], [ -74.281, 3.901 ], [ -74.298, 3.883 ], [ -74.31, 3.888 ], [ -74.318, 3.879 ], [ -74.304, 3.85 ], [ -74.307, 3.84 ], [ -74.294, 3.829 ], [ -74.297, 3.819 ], [ -74.317, 3.815 ], [ -74.326, 3.827 ], [ -74.337, 3.812 ], [ -74.353, 3.807 ], [ -74.352, 3.8 ], [ -74.364, 3.786 ], [ -74.394, 3.77 ], [ -74.387, 3.753 ], [ -74.398, 3.745 ], [ -74.402, 3.737 ], [ -74.416, 3.741 ], [ -74.425, 3.741 ], [ -74.44, 3.731 ], [ -74.451, 3.75 ], [ -74.434, 3.765 ], [ -74.432, 3.783 ], [ -74.425, 3.785 ], [ -74.395, 3.824 ], [ -74.387, 3.863 ], [ -74.373, 3.879 ], [ -74.36, 3.914 ], [ -74.355, 3.938 ], [ -74.357, 3.971 ], [ -74.375, 3.986 ], [ -74.362, 4.012 ], [ -74.366, 4.035 ], [ -74.361, 4.048 ], [ -74.351, 4.057 ], [ -74.35, 4.075 ], [ -74.345, 4.094 ], [ -74.33, 4.12 ], [ -74.329, 4.131 ], [ -74.319, 4.126 ], [ -74.304, 4.109 ], [ -74.273, 4.099 ], [ -74.26, 4.091 ], [ -74.246, 4.103 ], [ -74.243, 4.16 ], [ -74.24, 4.187 ], [ -74.238, 4.195 ], [ -74.232, 4.217 ], [ -74.22, 4.225 ], [ -74.217, 4.236 ], [ -74.207, 4.241 ], [ -74.206, 4.269 ], [ -74.217, 4.273 ], [ -74.214, 4.307 ], [ -74.218, 4.358 ], [ -74.214, 4.381 ], [ -74.204, 4.418 ], [ -74.184, 4.463 ], [ -74.178, 4.486 ], [ -74.182, 4.504 ], [ -74.175, 4.507 ], [ -74.188, 4.529 ], [ -74.174, 4.54 ], [ -74.177, 4.547 ], [ -74.184, 4.596 ], [ -74.204, 4.601 ], [ -74.223, 4.621 ], [ -74.223, 4.629 ], [ -74.21, 4.636 ], [ -74.194, 4.655 ], [ -74.186, 4.648 ], [ -74.159, 4.662 ], [ -74.175, 4.677 ], [ -74.168, 4.688 ], [ -74.172, 4.696 ], [ -74.172, 4.711 ], [ -74.157, 4.725 ], [ -74.152, 4.723 ], [ -74.138, 4.731 ], [ -74.126, 4.729 ], [ -74.132, 4.74 ], [ -74.12, 4.754 ], [ -74.115, 4.786 ], [ -74.105, 4.798 ], [ -74.08, 4.808 ], [ -74.087, 4.816 ], [ -74.079, 4.821 ], [ -74.082, 4.835 ], [ -74.067, 4.828 ], [ -74.053, 4.833 ], [ -74.031, 4.823 ], [ -74.01, 4.821 ], [ -74.0, 4.806 ] ] ] } },
{ "type": "Feature", "properties": { "DPTO_CCDGO": "13", "DPTO_CNMBR": "BOLÍVAR", "area_km2": 26680.806449320287 }, "geometry": { "type": "MultiPolygon", "coordinates": [ [ [ [ -76.184, 9.396 ], [ -76.173, 9.397 ], [ -76.18, 9.378 ], [ -76.19, 9.384 ], [ -76.184, 9.396 ] ] ], [ [ [ -75.75, 9.735 ], [ -75.754, 9.739 ], [ -75.745, 9.737 ], [ -75.75, 9.735 ] ] ], [ [ [ -75.869, 9.781 ], [ -75.876, 9.78 ], [ -75.87, 9.784 ], [ -75.869, 9.781 ] ] ], [ [ [ -75.859, 9.785 ], [ -75.86, 9.786 ], [ -75.858, 9.786 ], [ -75.859, 9.785 ] ] ], [ [ [ -75.851, 9.79 ], [ -75.851, 9.805 ], [ -75.828, 9.796 ], [ -75.828, 9.79 ], [ -75.851, 9.79 ] ] ], [ [ [ -75.693, 10.149 ], [ -75.692, 10.15 ], [ -75.692, 10.149 ], [ -75.693, 10.149 ] ] ], [ [ [ -75.79, 10.157 ], [ -75.796, 10.167 ], [ -75.787, 10.166 ], [ -75.79, 10.157 ] ] ], [ [ [ -75.672, 10.163 ], [ -75.671, 10.165 ], [ -75.67, 10.164 ], [ -75.672, 10.163 ] ] ], [ [ [ -75.653, 10.167 ], [ -75.661, 10.167 ], [ -75.653, 10.172 ], [ -75.653, 10.167 ] ] ], [ [ [ -75.756, 10.174 ], [ -75.755, 10.179 ], [ -75.754, 10.173 ], [ -75.756, 10.174 ] ] ], [ [ [ -74.873, 9.848 ], [ -74.863, 9.844 ], [ -74.856, 9.827 ], [ -74.839, 9.81 ], [ -74.815, 9.785 ], [ -74.805, 9.761 ], [ -74.816, 9.734 ], [ -74.8, 9.71 ], [ -74.789, 9.699 ], [ -74.793, 9.687 ], [ -74.802, 9.683 ], [ -74.804, 9.667 ], [ -74.791, 9.653 ], [ -74.777, 9.626 ], [ -74.772, 9.604 ], [ -74.774, 9.584 ], [ -74.781, 9.574 ], [ -74.805, 9.554 ], [ -74.807, 9.545 ], [ -74.788, 9.526 ], [ -74.778, 9.508 ], [ -74.777, 9.496 ], [ -74.79, 9.479 ], [ -74.807, 9.465 ], [ -74.809, 9.457 ], [ -74.801, 9.442 ], [ -74.779, 9.462 ], [ -74.756, 9.461 ], [ -74.742, 9.446 ], [ -74.739, 9.426 ], [ -74.72, 9.418 ], [ -74.699, 9.427 ], [ -74.674, 9.414 ], [ -74.665, 9.392 ], [ -74.656, 9.384 ], [ -74.629, 9.379 ], [ -74.614, 9.361 ], [ -74.616, 9.341 ], [ -74.592, 9.324 ], [ -74.575, 9.32 ], [ -74.564, 9.311 ], [ -74.561, 9.294 ], [ -74.532, 9.256 ], [ -74.531, 9.242 ], [ -74.514, 9.234 ], [ -74.487, 9.25 ], [ -74.464, 9.271 ], [ -74.431, 9.271 ], [ -74.432, 9.262 ], [ -74.418, 9.236 ], [ -74.406, 9.216 ], [ -74.392, 9.215 ], [ -74.36, 9.231 ], [ -74.342, 9.231 ], [ -74.328, 9.219 ], [ -74.3, 9.204 ], [ -74.291, 9.192 ], [ -74.297, 9.177 ], [ -74.298, 9.16 ], [ -74.279, 9.16 ], [ -74.266, 9.17 ], [ -74.248, 9.165 ], [ -74.236, 9.148 ], [ -74.22, 9.136 ], [ -74.229, 9.128 ], [ -74.214, 9.12 ], [ -74.202, 9.102 ], [ -74.176, 9.088 ], [ -74.178, 9.078 ], [ -74.157, 9.07 ], [ -74.158, 9.058 ], [ -74.134, 9.064 ], [ -74.119, 9.044 ], [ -74.137, 9.043 ], [ -74.141, 9.031 ], [ -74.128, 9.028 ], [ -74.112, 9.041 ], [ -74.1, 9.019 ], [ -74.093, 9.015 ], [ -74.075, 9.026 ], [ -74.06, 9.019 ], [ -74.047, 9.023 ], [ -74.043, 9.041 ], [ -74.036, 9.044 ], [ -74.028, 9.027 ], [ -74.004, 9.031 ], [ -73.985, 9.008 ], [ -74.001, 9.011 ], [ -74.002, 8.996 ], [ -73.989, 8.995 ], [ -73.978, 8.984 ], [ -73.958, 8.996 ], [ -73.938, 8.984 ], [ -73.915, 8.978 ], [ -73.9, 8.981 ], [ -73.871, 8.961 ], [ -73.868, 8.936 ], [ -73.872, 8.912 ], [ -73.867, 8.887 ], [ -73.818, 8.835 ], [ -73.796, 8.819 ], [ -73.792, 8.79 ], [ -73.795, 8.767 ], [ -73.789, 8.751 ], [ -73.811, 8.732 ], [ -73.816, 8.72 ], [ -73.809, 8.698 ], [ -73.82, 8.662 ], [ -73.815, 8.626 ], [ -73.798, 8.609 ], [ -73.794, 8.59 ], [ -73.783, 8.566 ], [ -73.775, 8.559 ], [ -73.778, 8.548 ], [ -73.78, 8.512 ], [ -73.774, 8.497 ], [ -73.747, 8.466 ], [ -73.747, 8.449 ], [ -73.75, 8.405 ], [ -73.749, 8.36 ], [ -73.757, 8.338 ], [ -73.747, 8.319 ], [ -73.76, 8.304 ], [ -73.75, 8.275 ], [ -73.76, 8.263 ], [ -73.765, 8.24 ], [ -73.775, 8.226 ], [ -73.78, 8.208 ], [ -73.771, 8.155 ], [ -73.775, 8.145 ], [ -73.786, 8.134 ], [ -73.807, 8.13 ], [ -73.824, 8.106 ], [ -73.856, 8.084 ], [ -73.868, 8.064 ], [ -73.872, 8.019 ], [ -73.869, 7.989 ], [ -73.861, 7.971 ], [ -73.839, 7.95 ], [ -73.831, 7.932 ], [ -73.836, 7.903 ], [ -73.834, 7.885 ], [ -73.821, 7.865 ], [ -73.822, 7.826 ], [ -73.811, 7.809 ], [ -73.798, 7.772 ], [ -73.818, 7.743 ], [ -73.828, 7.739 ], [ -73.831, 7.727 ], [ -73.811, 7.704 ], [ -73.816, 7.692 ], [ -73.809, 7.67 ], [ -73.798, 7.657 ], [ -73.803, 7.645 ], [ -73.812, 7.647 ], [ -73.819, 7.636 ], [ -73.811, 7.624 ], [ -73.814, 7.61 ], [ -73.827, 7.604 ], [ -73.831, 7.576 ], [ -73.84, 7.567 ], [ -73.849, 7.535 ], [ -73.865, 7.534 ], [ -73.88, 7.508 ], [ -73.91, 7.498 ], [ -73.917, 7.472 ], [ -73.908, 7.461 ], [ -73.895, 7.43 ], [ -73.901, 7.386 ], [ -73.908, 7.381 ], [ -73.904, 7.359 ], [ -73.914, 7.319 ], [ -73.916, 7.296 ], [ -74.079, 7.151 ], [ -74.207, 7.038 ], [ -74.244, 7.004 ], [ -74.277, 7.012 ], [ -74.284, 7.009 ], [ -74.306, 6.999 ], [ -74.322, 7.019 ], [ -74.33, 7.011 ], [ -74.356, 7.01 ], [ -74.351, 7.057 ], [ -74.351, 7.081 ], [ -74.372, 7.099 ], [ -74.369, 7.122 ], [ -74.377, 7.143 ], [ -74.397, 7.172 ], [ -74.4, 7.189 ], [ -74.41, 7.202 ], [ -74.408, 7.22 ], [ -74.399, 7.235 ], [ -74.396, 7.256 ], [ -74.389, 7.267 ], [ -74.386, 7.299 ], [ -74.4, 7.313 ], [ -74.403, 7.324 ], [ -74.398, 7.348 ], [ -74.389, 7.359 ], [ -74.374, 7.364 ], [ -74.374, 7.373 ], [ -74.347, 7.403 ], [ -74.343, 7.412 ], [ -74.319, 7.44 ], [ -74.335, 7.459 ], [ -74.353, 7.462 ], [ -74.358, 7.473 ], [ -74.371, 7.48 ], [ -74.378, 7.467 ], [ -74.412, 7.46 ], [ -74.422, 7.441 ], [ -74.412, 7.441 ], [ -74.416, 7.421 ], [ -74.414, 7.399 ], [ -74.426, 7.381 ], [ -74.448, 7.378 ], [ -74.452, 7.366 ], [ -74.467, 7.362 ], [ -74.47, 7.348 ], [ -74.491, 7.343 ], [ -74.506, 7.362 ], [ -74.508, 7.373 ], [ -74.548, 7.412 ], [ -74.559, 7.414 ], [ -74.561, 7.428 ], [ -74.563, 7.433 ], [ -74.579, 7.434 ], [ -74.598, 7.462 ], [ -74.588, 7.482 ], [ -74.593, 7.491 ], [ -74.59, 7.511 ], [ -74.568, 7.519 ], [ -74.567, 7.539 ], [ -74.571, 7.578 ], [ -74.562, 7.61 ], [ -74.566, 7.618 ], [ -74.561, 7.646 ], [ -74.544, 7.655 ], [ -74.531, 7.671 ], [ -74.517, 7.677 ], [ -74.489, 7.676 ], [ -74.476, 7.682 ], [ -74.475, 7.704 ], [ -74.487, 7.713 ], [ -74.498, 7.711 ], [ -74.509, 7.73 ], [ -74.514, 7.781 ], [ -74.525, 7.782 ], [ -74.517, 7.802 ], [ -74.519, 7.824 ], [ -74.527, 7.838 ], [ -74.52, 7.901 ], [ -74.535, 7.914 ], [ -74.539, 7.947 ], [ -74.549, 7.95 ], [ -74.561, 7.968 ], [ -74.573, 7.978 ], [ -74.579, 7.995 ], [ -74.591, 8.004 ], [ -74.603, 8.037 ], [ -74.615, 8.032 ], [ -74.626, 8.036 ], [ -74.631, 8.055 ], [ -74.65, 8.052 ], [ -74.668, 8.06 ], [ -74.674, 8.078 ], [ -74.691, 8.09 ], [ -74.707, 8.091 ], [ -74.718, 8.098 ], [ -74.725, 8.116 ], [ -74.737, 8.116 ], [ -74.761, 8.13 ], [ -74.771, 8.122 ], [ -74.789, 8.137 ], [ -74.799, 8.16 ], [ -74.813, 8.168 ], [ -74.811, 8.183 ], [ -74.831, 8.2 ], [ -74.834, 8.22 ], [ -74.826, 8.23 ], [ -74.817, 8.225 ], [ -74.797, 8.253 ], [ -74.806, 8.257 ], [ -74.807, 8.275 ], [ -74.795, 8.269 ], [ -74.781, 8.278 ], [ -74.771, 8.279 ], [ -74.764, 8.295 ], [ -74.748, 8.299 ], [ -74.727, 8.281 ], [ -74.726, 8.296 ], [ -74.713, 8.304 ], [ -74.681, 8.292 ], [ -74.668, 8.295 ], [ -74.66, 8.28 ], [ -74.65, 8.283 ], [ -74.649, 8.313 ], [ -74.632, 8.327 ], [ -74.614, 8.347 ], [ -74.618, 8.358 ], [ -74.611, 8.376 ], [ -74.616, 8.386 ], [ -74.61, 8.401 ], [ -74.597, 8.403 ], [ -74.59, 8.388 ], [ -74.577, 8.386 ], [ -74.561, 8.39 ], [ -74.554, 8.413 ], [ -74.539, 8.428 ], [ -74.534, 8.452 ], [ -74.534, 8.475 ], [ -74.556, 8.509 ], [ -74.57, 8.51 ], [ -74.567, 8.517 ], [ -74.577, 8.544 ], [ -74.564, 8.549 ], [ -74.564, 8.572 ], [ -74.573, 8.581 ], [ -74.594, 8.591 ], [ -74.588, 8.61 ], [ -74.587, 8.631 ], [ -74.598, 8.651 ], [ -74.592, 8.666 ], [ -74.597, 8.678 ], [ -74.597, 8.701 ], [ -74.608, 8.73 ], [ -74.6, 8.745 ], [ -74.61, 8.754 ], [ -74.607, 8.763 ], [ -74.589, 8.761 ], [ -74.576, 8.775 ], [ -74.575, 8.786 ], [ -74.564, 8.795 ], [ -74.54, 8.805 ], [ -74.565, 8.837 ], [ -74.586, 8.841 ], [ -74.58, 8.873 ], [ -74.589, 8.872 ], [ -74.592, 8.887 ], [ -74.609, 8.919 ], [ -74.607, 8.932 ], [ -74.623, 8.93 ], [ -74.623, 8.939 ], [ -74.639, 8.977 ], [ -74.67, 8.998 ], [ -74.669, 9.005 ], [ -74.685, 9.011 ], [ -74.705, 9.008 ], [ -74.737, 9.016 ], [ -74.748, 9.028 ], [ -74.746, 9.038 ], [ -74.755, 9.044 ], [ -74.776, 9.038 ], [ -74.786, 9.047 ], [ -74.813, 9.05 ], [ -74.828, 9.062 ], [ -74.829, 9.085 ], [ -74.844, 9.107 ], [ -74.847, 9.122 ], [ -74.862, 9.146 ], [ -74.874, 9.157 ], [ -74.903, 9.163 ], [ -74.906, 9.174 ], [ -74.902, 9.194 ], [ -74.908, 9.205 ], [ -74.905, 9.23 ], [ -74.91, 9.245 ], [ -74.928, 9.251 ], [ -74.924, 9.268 ], [ -74.931, 9.292 ], [ -74.945, 9.296 ], [ -74.933, 9.328 ], [ -74.943, 9.335 ], [ -74.95, 9.349 ], [ -74.942, 9.351 ], [ -74.922, 9.388 ], [ -74.922, 9.4 ], [ -74.912, 9.416 ], [ -74.886, 9.425 ], [ -74.891, 9.431 ], [ -74.91, 9.433 ], [ -74.914, 9.44 ], [ -74.939, 9.447 ], [ -74.946, 9.437 ], [ -74.96, 9.434 ], [ -74.981, 9.445 ], [ -74.996, 9.447 ], [ -75.032, 9.467 ], [ -75.036, 9.474 ], [ -75.026, 9.495 ], [ -75.029, 9.51 ], [ -75.012, 9.528 ], [ -75.027, 9.529 ], [ -75.039, 9.54 ], [ -75.056, 9.533 ], [ -75.077, 9.533 ], [ -75.085, 9.545 ], [ -75.123, 9.577 ], [ -75.132, 9.581 ], [ -75.133, 9.596 ], [ -75.154, 9.6 ], [ -75.168, 9.613 ], [ -75.181, 9.602 ], [ -75.183, 9.627 ], [ -75.165, 9.646 ], [ -75.18, 9.639 ], [ -75.199, 9.651 ], [ -75.23, 9.651 ], [ -75.27, 9.67 ], [ -75.267, 9.683 ], [ -75.28, 9.686 ], [ -75.3, 9.67 ], [ -75.3, 9.658 ], [ -75.315, 9.653 ], [ -75.327, 9.617 ], [ -75.33, 9.631 ], [ -75.342, 9.642 ], [ -75.363, 9.647 ], [ -75.363, 9.631 ], [ -75.373, 9.629 ], [ -75.384, 9.651 ], [ -75.375, 9.658 ], [ -75.372, 9.676 ], [ -75.381, 9.682 ], [ -75.372, 9.69 ], [ -75.377, 9.704 ], [ -75.372, 9.728 ], [ -75.366, 9.727 ], [ -75.347, 9.773 ], [ -75.336, 9.812 ], [ -75.339, 9.828 ], [ -75.362, 9.846 ], [ -75.377, 9.849 ], [ -75.384, 9.871 ], [ -75.394, 9.881 ], [ -75.421, 9.884 ], [ -75.419, 9.89 ], [ -75.433, 9.897 ], [ -75.431, 9.913 ], [ -75.446, 9.913 ], [ -75.453, 9.894 ], [ -75.466, 9.892 ], [ -75.464, 9.906 ], [ -75.476, 9.917 ], [ -75.469, 9.925 ], [ -75.478, 9.935 ], [ -75.464, 9.961 ], [ -75.477, 9.974 ], [ -75.474, 10.004 ], [ -75.484, 10.007 ], [ -75.476, 10.019 ], [ -75.487, 10.037 ], [ -75.502, 10.035 ], [ -75.511, 10.025 ], [ -75.521, 10.026 ], [ -75.545, 10.046 ], [ -75.497, 10.145 ], [ -75.574, 10.086 ], [ -75.581, 10.125 ], [ -75.564, 10.124 ], [ -75.556, 10.141 ], [ -75.535, 10.163 ], [ -75.545, 10.176 ], [ -75.537, 10.188 ], [ -75.534, 10.176 ], [ -75.523, 10.174 ], [ -75.522, 10.192 ], [ -75.525, 10.221 ], [ -75.547, 10.229 ], [ -75.523, 10.236 ], [ -75.54, 10.244 ], [ -75.556, 10.229 ], [ -75.578, 10.223 ], [ -75.602, 10.201 ], [ -75.621, 10.197 ], [ -75.67, 10.138 ], [ -75.681, 10.141 ], [ -75.685, 10.132 ], [ -75.702, 10.135 ], [ -75.703, 10.144 ], [ -75.691, 10.148 ], [ -75.678, 10.157 ], [ -75.654, 10.164 ], [ -75.653, 10.167 ], [ -75.647, 10.18 ], [ -75.622, 10.205 ], [ -75.608, 10.224 ], [ -75.604, 10.237 ], [ -75.586, 10.228 ], [ -75.588, 10.236 ], [ -75.621, 10.249 ], [ -75.613, 10.26 ], [ -75.591, 10.263 ], [ -75.596, 10.28 ], [ -75.591, 10.293 ], [ -75.579, 10.3 ], [ -75.578, 10.274 ], [ -75.562, 10.27 ], [ -75.547, 10.28 ], [ -75.534, 10.277 ], [ -75.528, 10.295 ], [ -75.503, 10.301 ], [ -75.51, 10.317 ], [ -75.512, 10.357 ], [ -75.508, 10.371 ], [ -75.513, 10.383 ], [ -75.53, 10.385 ], [ -75.524, 10.405 ], [ -75.538, 10.408 ], [ -75.544, 10.417 ], [ -75.559, 10.393 ], [ -75.565, 10.398 ], [ -75.552, 10.409 ], [ -75.554, 10.426 ], [ -75.533, 10.438 ], [ -75.502, 10.468 ], [ -75.492, 10.489 ], [ -75.501, 10.498 ], [ -75.502, 10.51 ], [ -75.494, 10.534 ], [ -75.504, 10.551 ], [ -75.515, 10.56 ], [ -75.512, 10.572 ], [ -75.476, 10.581 ], [ -75.458, 10.596 ], [ -75.452, 10.626 ], [ -75.421, 10.644 ], [ -75.399, 10.663 ], [ -75.396, 10.682 ], [ -75.357, 10.691 ], [ -75.32, 10.694 ], [ -75.294, 10.703 ], [ -75.276, 10.715 ], [ -75.266, 10.737 ], [ -75.268, 10.756 ], [ -75.272, 10.748 ], [ -75.271, 10.778 ], [ -75.235, 10.778 ], [ -75.228, 10.761 ], [ -75.241, 10.747 ], [ -75.25, 10.723 ], [ -75.245, 10.717 ], [ -75.248, 10.696 ], [ -75.247, 10.678 ], [ -75.229, 10.644 ], [ -75.223, 10.623 ], [ -75.229, 10.614 ], [ -75.225, 10.597 ], [ -75.237, 10.567 ], [ -75.227, 10.56 ], [ -75.225, 10.542 ], [ -75.235, 10.531 ], [ -75.242, 10.504 ], [ -75.234, 10.48 ], [ -75.224, 10.481 ], [ -75.2, 10.47 ], [ -75.205, 10.458 ], [ -75.192, 10.45 ], [ -75.169, 10.452 ], [ -75.158, 10.443 ], [ -75.152, 10.425 ], [ -75.127, 10.399 ], [ -75.089, 10.41 ], [ -75.074, 10.409 ], [ -75.054, 10.383 ], [ -75.033, 10.369 ], [ -75.024, 10.364 ], [ -75.006, 10.361 ], [ -74.965, 10.326 ], [ -74.937, 10.29 ], [ -74.911, 10.254 ], [ -74.916, 10.238 ], [ -74.925, 10.224 ], [ -74.932, 10.198 ], [ -74.932, 10.18 ], [ -74.944, 10.151 ], [ -74.945, 10.129 ], [ -74.927, 10.108 ], [ -74.896, 10.107 ], [ -74.859, 10.091 ], [ -74.84, 10.079 ], [ -74.825, 10.059 ], [ -74.817, 10.04 ], [ -74.79, 10.014 ], [ -74.788, 10.008 ], [ -74.799, 9.99 ], [ -74.82, 9.967 ], [ -74.853, 9.954 ], [ -74.863, 9.944 ], [ -74.873, 9.936 ], [ -74.872, 9.902 ], [ -74.88, 9.887 ], [ -74.882, 9.872 ], [ -74.873, 9.848 ] ] ], [ [ [ -75.737, 10.172 ], [ -75.748, 10.181 ], [ -75.727, 10.182 ], [ -75.737, 10.172 ] ] ], [ [ [ -75.772, 10.177 ], [ -75.771, 10.178 ], [ -75.771, 10.176 ], [ -75.772, 10.176 ], [ -75.772, 10.177 ] ] ], [ [ [ -75.749, 10.176 ], [ -75.751, 10.179 ], [ -75.749, 10.18 ], [ -75.749, 10.176 ] ] ], [ [ [ -75.671, 10.178 ], [ -75.67, 10.179 ], [ -75.67, 10.178 ], [ -75.671, 10.178 ] ] ], [ [ [ -75.777, 10.178 ], [ -75.777, 10.179 ], [ -75.776, 10.178 ], [ -75.777, 10.178 ] ] ], [ [ [ -75.779, 10.179 ], [ -75.778, 10.18 ], [ -75.777, 10.179 ], [ -75.779, 10.179 ] ] ], [ [ [ -75.577, 10.312 ], [ -75.578, 10.314 ], [ -75.576, 10.313 ], [ -75.577, 10.312 ] ] ], [ [ [ -75.591, 10.323 ], [ -75.591, 10.358 ], [ -75.575, 10.381 ], [ -75.558, 10.366 ], [ -75.541, 10.363 ], [ -75.538, 10.349 ], [ -75.55, 10.336 ], [ -75.567, 10.345 ], [ -75.581, 10.335 ], [ -75.575, 10.328 ], [ -75.591, 10.323 ] ] ] ] } },
{ "type": "Feature", "properties": { "DPTO_CCDGO": "15", "DPTO_CNMBR": "BOYACÁ", "area_km2": 23073.396960065616 }, "geometry": { "type": "Polygon", "coordinates": [ [ [ -73.47, 4.893 ], [ -73.487, 4.891 ], [ -73.494, 4.884 ], [ -73.521, 4.879 ], [ -73.525, 4.892 ], [ -73.539, 4.897 ], [ -73.542, 4.914 ], [ -73.549, 4.925 ], [ -73.544, 4.945 ], [ -73.533, 4.955 ], [ -73.519, 4.979 ], [ -73.517, 4.99 ], [ -73.507, 4.996 ], [ -73.516, 5.004 ], [ -73.522, 5.029 ], [ -73.496, 5.04 ], [ -73.48, 5.062 ], [ -73.482, 5.083 ], [ -73.495, 5.106 ], [ -73.492, 5.129 ], [ -73.477, 5.148 ], [ -73.482, 5.154 ], [ -73.505, 5.152 ], [ -73.512, 5.163 ], [ -73.508, 5.185 ], [ -73.522, 5.192 ], [ -73.523, 5.22 ], [ -73.515, 5.233 ], [ -73.528, 5.245 ], [ -73.532, 5.278 ], [ -73.548, 5.3 ], [ -73.567, 5.305 ], [ -73.577, 5.302 ], [ -73.599, 5.319 ], [ -73.591, 5.344 ], [ -73.596, 5.365 ], [ -73.599, 5.378 ], [ -73.59, 5.39 ], [ -73.593, 5.398 ], [ -73.619, 5.405 ], [ -73.641, 5.418 ], [ -73.65, 5.415 ], [ -73.655, 5.426 ], [ -73.68, 5.436 ], [ -73.675, 5.442 ], [ -73.678, 5.46 ], [ -73.69, 5.447 ], [ -73.72, 5.459 ], [ -73.718, 5.476 ], [ -73.743, 5.471 ], [ -73.747, 5.49 ], [ -73.769, 5.487 ], [ -73.787, 5.511 ], [ -73.792, 5.531 ], [ -73.789, 5.553 ], [ -73.805, 5.571 ], [ -73.822, 5.553 ], [ -73.848, 5.546 ], [ -73.857, 5.531 ], [ -73.869, 5.533 ], [ -73.891, 5.513 ], [ -73.905, 5.529 ], [ -73.911, 5.524 ], [ -73.91, 5.5 ], [ -73.905, 5.493 ], [ -73.902, 5.467 ], [ -73.905, 5.446 ], [ -73.913, 5.432 ], [ -73.925, 5.44 ], [ -73.942, 5.434 ], [ -73.947, 5.424 ], [ -73.947, 5.418 ], [ -73.973, 5.419 ], [ -73.981, 5.404 ], [ -73.987, 5.379 ], [ -73.999, 5.367 ], [ -74.023, 5.368 ], [ -74.022, 5.386 ], [ -74.041, 5.393 ], [ -74.045, 5.405 ], [ -74.056, 5.401 ], [ -74.074, 5.408 ], [ -74.095, 5.436 ], [ -74.097, 5.471 ], [ -74.116, 5.474 ], [ -74.113, 5.467 ], [ -74.123, 5.429 ], [ -74.144, 5.448 ], [ -74.161, 5.448 ], [ -74.175, 5.462 ], [ -74.178, 5.46 ], [ -74.202, 5.497 ], [ -74.215, 5.498 ], [ -74.233, 5.48 ], [ -74.245, 5.476 ], [ -74.256, 5.5 ], [ -74.24, 5.539 ], [ -74.26, 5.56 ], [ -74.273, 5.561 ], [ -74.298, 5.575 ], [ -74.31, 5.619 ], [ -74.315, 5.623 ], [ -74.306, 5.638 ], [ -74.308, 5.648 ], [ -74.285, 5.664 ], [ -74.276, 5.693 ], [ -74.304, 5.71 ], [ -74.302, 5.724 ], [ -74.287, 5.745 ], [ -74.297, 5.764 ], [ -74.313, 5.782 ], [ -74.301, 5.792 ], [ -74.303, 5.8 ], [ -74.318, 5.804 ], [ -74.315, 5.815 ], [ -74.334, 5.827 ], [ -74.335, 5.837 ], [ -74.346, 5.831 ], [ -74.354, 5.814 ], [ -74.372, 5.801 ], [ -74.389, 5.781 ], [ -74.394, 5.784 ], [ -74.419, 5.77 ], [ -74.431, 5.758 ], [ -74.443, 5.767 ], [ -74.462, 5.766 ], [ -74.462, 5.774 ], [ -74.481, 5.776 ], [ -74.486, 5.771 ], [ -74.495, 5.785 ], [ -74.501, 5.779 ], [ -74.517, 5.791 ], [ -74.539, 5.785 ], [ -74.557, 5.762 ], [ -74.579, 5.752 ], [ -74.585, 5.759 ], [ -74.599, 5.744 ], [ -74.62, 5.753 ], [ -74.627, 5.762 ], [ -74.639, 5.754 ], [ -74.644, 5.735 ], [ -74.661, 5.752 ], [ -74.665, 5.769 ], [ -74.653, 5.787 ], [ -74.647, 5.808 ], [ -74.651, 5.833 ], [ -74.64, 5.859 ], [ -74.634, 5.873 ], [ -74.612, 5.89 ], [ -74.59, 5.895 ], [ -74.585, 5.903 ], [ -74.586, 5.925 ], [ -74.597, 5.93 ], [ -74.608, 5.945 ], [ -74.613, 5.966 ], [ -74.594, 5.986 ], [ -74.569, 5.987 ], [ -74.563, 6.002 ], [ -74.572, 6.035 ], [ -74.567, 6.058 ], [ -74.562, 6.078 ], [ -74.585, 6.088 ], [ -74.604, 6.112 ], [ -74.612, 6.127 ], [ -74.597, 6.16 ], [ -74.589, 6.166 ], [ -74.575, 6.192 ], [ -74.573, 6.216 ], [ -74.552, 6.238 ], [ -74.534, 6.269 ], [ -74.527, 6.274 ], [ -74.529, 6.263 ], [ -74.522, 6.244 ], [ -74.505, 6.214 ], [ -74.483, 6.2 ], [ -74.47, 6.201 ], [ -74.478, 6.157 ], [ -74.453, 6.136 ], [ -74.455, 6.126 ], [ -74.442, 6.093 ], [ -74.42, 6.085 ], [ -74.413, 6.089 ], [ -74.401, 6.079 ], [ -74.402, 6.066 ], [ -74.386, 6.053 ], [ -74.383, 6.04 ], [ -74.365, 6.046 ], [ -74.348, 6.038 ], [ -74.337, 6.064 ], [ -74.306, 6.072 ], [ -74.298, 6.084 ], [ -74.26, 6.067 ], [ -74.264, 6.03 ], [ -74.261, 6.015 ], [ -74.247, 5.994 ], [ -74.222, 5.968 ], [ -74.239, 5.944 ], [ -74.225, 5.924 ], [ -74.239, 5.897 ], [ -74.253, 5.892 ], [ -74.273, 5.872 ], [ -74.274, 5.864 ], [ -74.266, 5.835 ], [ -74.244, 5.833 ], [ -74.206, 5.856 ], [ -74.195, 5.856 ], [ -74.2, 5.877 ], [ -74.18, 5.911 ], [ -74.166, 5.898 ], [ -74.148, 5.89 ], [ -74.133, 5.876 ], [ -74.103, 5.877 ], [ -74.092, 5.858 ], [ -74.089, 5.842 ], [ -74.079, 5.833 ], [ -74.079, 5.819 ], [ -74.06, 5.82 ], [ -74.034, 5.812 ], [ -74.023, 5.795 ], [ -74.025, 5.784 ], [ -74.011, 5.774 ], [ -73.992, 5.729 ], [ -73.981, 5.721 ], [ -73.962, 5.74 ], [ -73.945, 5.736 ], [ -73.925, 5.743 ], [ -73.916, 5.737 ], [ -73.9, 5.737 ], [ -73.886, 5.735 ], [ -73.884, 5.723 ], [ -73.873, 5.726 ], [ -73.88, 5.708 ], [ -73.862, 5.711 ], [ -73.854, 5.726 ], [ -73.837, 5.74 ], [ -73.819, 5.737 ], [ -73.82, 5.717 ], [ -73.813, 5.715 ], [ -73.796, 5.728 ], [ -73.763, 5.773 ], [ -73.726, 5.771 ], [ -73.716, 5.781 ], [ -73.694, 5.758 ], [ -73.673, 5.748 ], [ -73.652, 5.712 ], [ -73.639, 5.724 ], [ -73.629, 5.747 ], [ -73.626, 5.779 ], [ -73.629, 5.79 ], [ -73.619, 5.827 ], [ -73.6, 5.869 ], [ -73.613, 5.888 ], [ -73.63, 5.894 ], [ -73.636, 5.911 ], [ -73.607, 5.931 ], [ -73.593, 5.959 ], [ -73.588, 5.998 ], [ -73.582, 6.012 ], [ -73.566, 6.018 ], [ -73.56, 6.029 ], [ -73.537, 6.042 ], [ -73.532, 6.049 ], [ -73.525, 6.059 ], [ -73.527, 6.077 ], [ -73.514, 6.087 ], [ -73.515, 6.099 ], [ -73.497, 6.108 ], [ -73.472, 6.095 ], [ -73.454, 6.079 ], [ -73.43, 6.068 ], [ -73.419, 6.068 ], [ -73.404, 6.056 ], [ -73.406, 6.051 ], [ -73.399, 6.046 ], [ -73.371, 6.005 ], [ -73.376, 5.977 ], [ -73.374, 5.97 ], [ -73.389, 5.942 ], [ -73.386, 5.936 ], [ -73.409, 5.889 ], [ -73.421, 5.889 ], [ -73.434, 5.898 ], [ -73.444, 5.902 ], [ -73.457, 5.89 ], [ -73.449, 5.88 ], [ -73.451, 5.867 ], [ -73.464, 5.848 ], [ -73.472, 5.822 ], [ -73.431, 5.793 ], [ -73.427, 5.766 ], [ -73.418, 5.769 ], [ -73.39, 5.751 ], [ -73.382, 5.761 ], [ -73.37, 5.788 ], [ -73.359, 5.798 ], [ -73.353, 5.831 ], [ -73.346, 5.842 ], [ -73.351, 5.873 ], [ -73.327, 5.851 ], [ -73.313, 5.856 ], [ -73.29, 5.85 ], [ -73.284, 5.86 ], [ -73.269, 5.853 ], [ -73.265, 5.835 ], [ -73.246, 5.816 ], [ -73.229, 5.825 ], [ -73.206, 5.826 ], [ -73.184, 5.85 ], [ -73.21, 5.891 ], [ -73.221, 5.891 ], [ -73.219, 5.913 ], [ -73.208, 5.922 ], [ -73.225, 5.941 ], [ -73.218, 5.981 ], [ -73.199, 6.003 ], [ -73.176, 5.995 ], [ -73.155, 5.979 ], [ -73.154, 5.968 ], [ -73.13, 5.959 ], [ -73.102, 5.962 ], [ -73.082, 5.969 ], [ -73.082, 5.977 ], [ -73.068, 5.983 ], [ -73.062, 6.011 ], [ -73.047, 6.02 ], [ -73.031, 6.021 ], [ -73.028, 5.997 ], [ -73.022, 5.991 ], [ -73.018, 5.97 ], [ -73.011, 5.963 ], [ -72.991, 5.988 ], [ -72.983, 6.01 ], [ -72.97, 6.019 ], [ -72.953, 6.049 ], [ -72.954, 6.065 ], [ -72.945, 6.077 ], [ -72.935, 6.077 ], [ -72.923, 6.088 ], [ -72.923, 6.098 ], [ -72.916, 6.107 ], [ -72.9, 6.112 ], [ -72.898, 6.121 ], [ -72.873, 6.125 ], [ -72.868, 6.145 ], [ -72.843, 6.144 ], [ -72.829, 6.153 ], [ -72.825, 6.158 ], [ -72.82, 6.181 ], [ -72.811, 6.192 ], [ -72.804, 6.215 ], [ -72.793, 6.219 ], [ -72.775, 6.21 ], [ -72.767, 6.22 ], [ -72.755, 6.219 ], [ -72.746, 6.228 ], [ -72.75, 6.253 ], [ -72.744, 6.259 ], [ -72.746, 6.275 ], [ -72.755, 6.281 ], [ -72.758, 6.317 ], [ -72.75, 6.324 ], [ -72.748, 6.348 ], [ -72.731, 6.357 ], [ -72.726, 6.372 ], [ -72.733, 6.385 ], [ -72.735, 6.432 ], [ -72.738, 6.44 ], [ -72.725, 6.456 ], [ -72.737, 6.473 ], [ -72.736, 6.491 ], [ -72.756, 6.494 ], [ -72.773, 6.508 ], [ -72.779, 6.529 ], [ -72.797, 6.53 ], [ -72.811, 6.542 ], [ -72.809, 6.56 ], [ -72.77, 6.58 ], [ -72.76, 6.581 ], [ -72.743, 6.566 ], [ -72.744, 6.56 ], [ -72.73, 6.551 ], [ -72.721, 6.554 ], [ -72.704, 6.54 ], [ -72.694, 6.514 ], [ -72.687, 6.508 ], [ -72.68, 6.483 ], [ -72.661, 6.443 ], [ -72.649, 6.436 ], [ -72.623, 6.441 ], [ -72.603, 6.452 ], [ -72.583, 6.476 ], [ -72.548, 6.487 ], [ -72.539, 6.488 ], [ -72.534, 6.496 ], [ -72.545, 6.504 ], [ -72.549, 6.521 ], [ -72.536, 6.54 ], [ -72.537, 6.554 ], [ -72.546, 6.567 ], [ -72.542, 6.583 ], [ -72.527, 6.592 ], [ -72.514, 6.627 ], [ -72.497, 6.634 ], [ -72.486, 6.654 ], [ -72.485, 6.672 ], [ -72.491, 6.681 ], [ -72.485, 6.695 ], [ -72.488, 6.716 ], [ -72.499, 6.728 ], [ -72.488, 6.744 ], [ -72.491, 6.76 ], [ -72.499, 6.764 ], [ -72.498, 6.798 ], [ -72.483, 6.812 ], [ -72.477, 6.842 ], [ -72.498, 6.868 ], [ -72.502, 6.882 ], [ -72.496, 6.896 ], [ -72.503, 6.908 ], [ -72.497, 6.922 ], [ -72.488, 6.925 ], [ -72.465, 6.902 ], [ -72.441, 6.892 ], [ -72.432, 6.883 ], [ -72.406, 6.873 ], [ -72.392, 6.872 ], [ -72.361, 6.894 ], [ -72.352, 6.892 ], [ -72.313, 6.932 ], [ -72.302, 6.969 ], [ -72.29, 6.997 ], [ -72.277, 7.013 ], [ -72.254, 7.008 ], [ -72.256, 6.985 ], [ -72.245, 6.977 ], [ -72.22, 6.986 ], [ -72.21, 7.004 ], [ -72.201, 7.007 ], [ -72.206, 7.023 ], [ -72.2, 7.041 ], [ -72.191, 7.047 ], [ -72.183, 7.029 ], [ -72.162, 7.047 ], [ -72.146, 7.033 ], [ -72.148, 7.016 ], [ -72.114, 6.997 ], [ -72.081, 7.045 ], [ -72.068, 7.046 ], [ -72.048, 7.038 ], [ -72.021, 7.036 ], [ -71.949, 7.011 ], [ -71.96, 7.002 ], [ -71.962, 6.99 ], [ -71.978, 6.965 ], [ -71.994, 6.927 ], [ -71.997, 6.909 ], [ -72.018, 6.861 ], [ -72.035, 6.83 ], [ -72.039, 6.794 ], [ -72.051, 6.769 ], [ -72.06, 6.768 ], [ -72.079, 6.751 ], [ -72.093, 6.754 ], [ -72.1, 6.746 ], [ -72.095, 6.73 ], [ -72.1, 6.724 ], [ -72.098, 6.679 ], [ -72.091, 6.648 ], [ -72.095, 6.635 ], [ -72.113, 6.612 ], [ -72.112, 6.592 ], [ -72.118, 6.579 ], [ -72.124, 6.54 ], [ -72.129, 6.525 ], [ -72.139, 6.514 ], [ -72.162, 6.51 ], [ -72.178, 6.497 ], [ -72.173, 6.48 ], [ -72.175, 6.463 ], [ -72.182, 6.459 ], [ -72.203, 6.469 ], [ -72.213, 6.466 ], [ -72.219, 6.438 ], [ -72.233, 6.423 ], [ -72.246, 6.42 ], [ -72.261, 6.442 ], [ -72.271, 6.437 ], [ -72.269, 6.419 ], [ -72.282, 6.416 ], [ -72.287, 6.396 ], [ -72.284, 6.378 ], [ -72.295, 6.374 ], [ -72.302, 6.359 ], [ -72.315, 6.358 ], [ -72.317, 6.335 ], [ -72.334, 6.338 ], [ -72.339, 6.346 ], [ -72.352, 6.345 ], [ -72.371, 6.319 ], [ -72.379, 6.293 ], [ -72.397, 6.272 ], [ -72.387, 6.261 ], [ -72.398, 6.237 ], [ -72.403, 6.208 ], [ -72.417, 6.184 ], [ -72.393, 6.188 ], [ -72.393, 6.162 ], [ -72.375, 6.15 ], [ -72.377, 6.134 ], [ -72.389, 6.124 ], [ -72.384, 6.114 ], [ -72.364, 6.099 ], [ -72.375, 6.093 ], [ -72.362, 6.075 ], [ -72.321, 6.088 ], [ -72.322, 6.068 ], [ -72.366, 6.037 ], [ -72.343, 6.001 ], [ -72.339, 5.986 ], [ -72.343, 5.971 ], [ -72.336, 5.944 ], [ -72.325, 5.935 ], [ -72.328, 5.902 ], [ -72.333, 5.892 ], [ -72.392, 5.902 ], [ -72.416, 5.904 ], [ -72.451, 5.878 ], [ -72.461, 5.86 ], [ -72.462, 5.847 ], [ -72.459, 5.851 ], [ -72.435, 5.849 ], [ -72.401, 5.837 ], [ -72.392, 5.819 ], [ -72.331, 5.802 ], [ -72.303, 5.789 ], [ -72.307, 5.78 ], [ -72.297, 5.771 ], [ -72.297, 5.755 ], [ -72.28, 5.75 ], [ -72.274, 5.728 ], [ -72.248, 5.696 ], [ -72.249, 5.685 ], [ -72.236, 5.687 ], [ -72.221, 5.675 ], [ -72.226, 5.668 ], [ -72.257, 5.662 ], [ -72.269, 5.664 ], [ -72.273, 5.655 ], [ -72.263, 5.634 ], [ -72.287, 5.606 ], [ -72.285, 5.575 ], [ -72.297, 5.547 ], [ -72.295, 5.515 ], [ -72.301, 5.506 ], [ -72.33, 5.498 ], [ -72.346, 5.507 ], [ -72.363, 5.528 ], [ -72.375, 5.538 ], [ -72.384, 5.56 ], [ -72.397, 5.57 ], [ -72.421, 5.563 ], [ -72.426, 5.547 ], [ -72.444, 5.521 ], [ -72.471, 5.496 ], [ -72.49, 5.482 ], [ -72.502, 5.445 ], [ -72.529, 5.428 ], [ -72.537, 5.414 ], [ -72.559, 5.402 ], [ -72.584, 5.382 ], [ -72.567, 5.373 ], [ -72.582, 5.35 ], [ -72.592, 5.358 ], [ -72.609, 5.348 ], [ -72.619, 5.352 ], [ -72.638, 5.336 ], [ -72.649, 5.322 ], [ -72.653, 5.306 ], [ -72.667, 5.295 ], [ -72.682, 5.29 ], [ -72.701, 5.273 ], [ -72.72, 5.288 ], [ -72.718, 5.301 ], [ -72.726, 5.319 ], [ -72.743, 5.322 ], [ -72.761, 5.335 ], [ -72.779, 5.366 ], [ -72.798, 5.38 ], [ -72.812, 5.378 ], [ -72.822, 5.37 ], [ -72.842, 5.364 ], [ -72.855, 5.342 ], [ -72.867, 5.341 ], [ -72.866, 5.353 ], [ -72.883, 5.363 ], [ -72.882, 5.347 ], [ -72.89, 5.331 ], [ -72.888, 5.316 ], [ -72.901, 5.294 ], [ -72.892, 5.287 ], [ -72.897, 5.26 ], [ -72.91, 5.246 ], [ -72.923, 5.215 ], [ -72.937, 5.204 ], [ -72.949, 5.191 ], [ -72.963, 5.156 ], [ -72.974, 5.15 ], [ -72.965, 5.134 ], [ -72.942, 5.12 ], [ -72.929, 5.1 ], [ -72.909, 5.103 ], [ -72.904, 5.068 ], [ -72.928, 5.047 ], [ -72.926, 5.032 ], [ -72.953, 5.01 ], [ -72.975, 4.975 ], [ -73.015, 5.002 ], [ -73.031, 4.982 ], [ -73.029, 4.97 ], [ -73.038, 4.956 ], [ -73.039, 4.939 ], [ -73.049, 4.922 ], [ -73.041, 4.879 ], [ -73.062, 4.855 ], [ -73.069, 4.827 ], [ -73.078, 4.81 ], [ -73.07, 4.802 ], [ -73.06, 4.779 ], [ -73.046, 4.758 ], [ -73.053, 4.736 ], [ -73.062, 4.732 ], [ -73.071, 4.74 ], [ -73.079, 4.726 ], [ -73.072, 4.72 ], [ -73.091, 4.689 ], [ -73.091, 4.676 ], [ -73.103, 4.661 ], [ -73.121, 4.671 ], [ -73.147, 4.655 ], [ -73.16, 4.662 ], [ -73.194, 4.672 ], [ -73.208, 4.681 ], [ -73.221, 4.677 ], [ -73.234, 4.694 ], [ -73.228, 4.715 ], [ -73.22, 4.725 ], [ -73.223, 4.733 ], [ -73.248, 4.733 ], [ -73.269, 4.741 ], [ -73.283, 4.722 ], [ -73.302, 4.728 ], [ -73.314, 4.771 ], [ -73.324, 4.78 ], [ -73.341, 4.791 ], [ -73.372, 4.801 ], [ -73.365, 4.825 ], [ -73.375, 4.84 ], [ -73.392, 4.85 ], [ -73.394, 4.867 ], [ -73.402, 4.88 ], [ -73.425, 4.879 ], [ -73.446, 4.89 ], [ -73.452, 4.883 ], [ -73.47, 4.893 ] ] ] } },
{ "type": "Feature", "properties": { "DPTO_CCDGO": "17", "DPTO_CNMBR": "CALDAS", "area_km2": 7421.9383886504484 }, "geometry": { "type": "Polygon", "coordinates": [ [ [ -75.588, 4.935 ], [ -75.595, 4.927 ], [ -75.618, 4.934 ], [ -75.616, 4.945 ], [ -75.624, 4.972 ], [ -75.636, 4.971 ], [ -75.654, 4.958 ], [ -75.653, 4.951 ], [ -75.666, 4.943 ], [ -75.698, 4.944 ], [ -75.714, 4.958 ], [ -75.715, 4.976 ], [ -75.733, 5.023 ], [ -75.747, 5.047 ], [ -75.758, 5.038 ], [ -75.764, 5.024 ], [ -75.772, 5.02 ], [ -75.77, 5.009 ], [ -75.785, 4.995 ], [ -75.779, 4.994 ], [ -75.793, 4.98 ], [ -75.796, 4.966 ], [ -75.788, 4.949 ], [ -75.815, 4.919 ], [ -75.84, 4.929 ], [ -75.867, 4.933 ], [ -75.861, 4.942 ], [ -75.892, 4.962 ], [ -75.904, 4.992 ], [ -75.904, 5.024 ], [ -75.922, 5.042 ], [ -75.912, 5.074 ], [ -75.917, 5.079 ], [ -75.899, 5.107 ], [ -75.9, 5.118 ], [ -75.888, 5.117 ], [ -75.892, 5.131 ], [ -75.884, 5.131 ], [ -75.877, 5.133 ], [ -75.845, 5.106 ], [ -75.837, 5.115 ], [ -75.836, 5.129 ], [ -75.821, 5.173 ], [ -75.803, 5.202 ], [ -75.808, 5.207 ], [ -75.805, 5.235 ], [ -75.82, 5.244 ], [ -75.824, 5.27 ], [ -75.787, 5.285 ], [ -75.773, 5.274 ], [ -75.763, 5.273 ], [ -75.748, 5.284 ], [ -75.746, 5.275 ], [ -75.73, 5.266 ], [ -75.694, 5.255 ], [ -75.668, 5.267 ], [ -75.667, 5.276 ], [ -75.662, 5.29 ], [ -75.648, 5.307 ], [ -75.66, 5.319 ], [ -75.667, 5.338 ], [ -75.666, 5.354 ], [ -75.678, 5.354 ], [ -75.698, 5.378 ], [ -75.699, 5.388 ], [ -75.712, 5.386 ], [ -75.721, 5.395 ], [ -75.739, 5.398 ], [ -75.742, 5.384 ], [ -75.751, 5.386 ], [ -75.763, 5.387 ], [ -75.792, 5.366 ], [ -75.811, 5.362 ], [ -75.828, 5.367 ], [ -75.833, 5.361 ], [ -75.837, 5.368 ], [ -75.861, 5.372 ], [ -75.851, 5.413 ], [ -75.863, 5.442 ], [ -75.868, 5.49 ], [ -75.861, 5.506 ], [ -75.85, 5.492 ], [ -75.832, 5.489 ], [ -75.817, 5.512 ], [ -75.807, 5.514 ], [ -75.783, 5.541 ], [ -75.773, 5.537 ], [ -75.765, 5.548 ], [ -75.745, 5.552 ], [ -75.73, 5.564 ], [ -75.714, 5.548 ], [ -75.704, 5.538 ], [ -75.689, 5.519 ], [ -75.67, 5.529 ], [ -75.656, 5.525 ], [ -75.641, 5.53 ], [ -75.627, 5.526 ], [ -75.617, 5.532 ], [ -75.596, 5.518 ], [ -75.578, 5.516 ], [ -75.569, 5.523 ], [ -75.571, 5.544 ], [ -75.576, 5.55 ], [ -75.575, 5.575 ], [ -75.58, 5.606 ], [ -75.584, 5.632 ], [ -75.59, 5.642 ], [ -75.574, 5.67 ], [ -75.599, 5.681 ], [ -75.595, 5.711 ], [ -75.599, 5.737 ], [ -75.569, 5.725 ], [ -75.556, 5.724 ], [ -75.544, 5.72 ], [ -75.544, 5.709 ], [ -75.536, 5.692 ], [ -75.52, 5.695 ], [ -75.508, 5.681 ], [ -75.489, 5.678 ], [ -75.479, 5.664 ], [ -75.461, 5.672 ], [ -75.455, 5.682 ], [ -75.424, 5.696 ], [ -75.413, 5.694 ], [ -75.407, 5.681 ], [ -75.377, 5.674 ], [ -75.368, 5.655 ], [ -75.369, 5.64 ], [ -75.383, 5.627 ], [ -75.383, 5.621 ], [ -75.363, 5.601 ], [ -75.34, 5.603 ], [ -75.346, 5.587 ], [ -75.338, 5.569 ], [ -75.328, 5.556 ], [ -75.329, 5.525 ], [ -75.311, 5.507 ], [ -75.317, 5.486 ], [ -75.316, 5.459 ], [ -75.314, 5.465 ], [ -75.297, 5.474 ], [ -75.283, 5.476 ], [ -75.287, 5.459 ], [ -75.281, 5.437 ], [ -75.276, 5.419 ], [ -75.241, 5.467 ], [ -75.221, 5.503 ], [ -75.206, 5.508 ], [ -75.202, 5.516 ], [ -75.165, 5.528 ], [ -75.138, 5.527 ], [ -75.132, 5.541 ], [ -75.13, 5.553 ], [ -75.113, 5.572 ], [ -75.091, 5.586 ], [ -75.087, 5.598 ], [ -75.096, 5.603 ], [ -75.089, 5.616 ], [ -75.099, 5.643 ], [ -75.087, 5.661 ], [ -75.069, 5.662 ], [ -75.048, 5.661 ], [ -75.029, 5.675 ], [ -75.008, 5.683 ], [ -74.993, 5.716 ], [ -74.971, 5.715 ], [ -74.952, 5.72 ], [ -74.93, 5.734 ], [ -74.886, 5.739 ], [ -74.881, 5.745 ], [ -74.88, 5.746 ], [ -74.865, 5.747 ], [ -74.837, 5.735 ], [ -74.834, 5.72 ], [ -74.82, 5.708 ], [ -74.811, 5.709 ], [ -74.805, 5.698 ], [ -74.77, 5.69 ], [ -74.767, 5.699 ], [ -74.739, 5.699 ], [ -74.725, 5.724 ], [ -74.728, 5.739 ], [ -74.714, 5.772 ], [ -74.693, 5.773 ], [ -74.679, 5.779 ], [ -74.665, 5.769 ], [ -74.661, 5.752 ], [ -74.658, 5.723 ], [ -74.649, 5.708 ], [ -74.638, 5.709 ], [ -74.628, 5.697 ], [ -74.628, 5.678 ], [ -74.637, 5.651 ], [ -74.63, 5.629 ], [ -74.645, 5.619 ], [ -74.645, 5.605 ], [ -74.653, 5.574 ], [ -74.641, 5.55 ], [ -74.641, 5.539 ], [ -74.656, 5.523 ], [ -74.674, 5.516 ], [ -74.66, 5.449 ], [ -74.65, 5.442 ], [ -74.667, 5.443 ], [ -74.677, 5.437 ], [ -74.668, 5.42 ], [ -74.667, 5.405 ], [ -74.685, 5.399 ], [ -74.678, 5.378 ], [ -74.689, 5.365 ], [ -74.707, 5.369 ], [ -74.701, 5.356 ], [ -74.71, 5.34 ], [ -74.715, 5.315 ], [ -74.727, 5.306 ], [ -74.734, 5.287 ], [ -74.743, 5.291 ], [ -74.754, 5.282 ], [ -74.773, 5.298 ], [ -74.79, 5.299 ], [ -74.812, 5.306 ], [ -74.823, 5.318 ], [ -74.848, 5.317 ], [ -74.861, 5.306 ], [ -74.872, 5.295 ], [ -74.898, 5.299 ], [ -74.909, 5.308 ], [ -74.94, 5.313 ], [ -74.955, 5.301 ], [ -74.968, 5.301 ], [ -74.987, 5.289 ], [ -75.001, 5.292 ], [ -75.024, 5.287 ], [ -75.036, 5.277 ], [ -75.057, 5.276 ], [ -75.06, 5.27 ], [ -75.061, 5.256 ], [ -75.075, 5.244 ], [ -75.085, 5.224 ], [ -75.098, 5.211 ], [ -75.113, 5.182 ], [ -75.112, 5.164 ], [ -75.13, 5.156 ], [ -75.149, 5.165 ], [ -75.167, 5.169 ], [ -75.195, 5.164 ], [ -75.207, 5.144 ], [ -75.235, 5.126 ], [ -75.276, 5.141 ], [ -75.288, 5.138 ], [ -75.308, 5.111 ], [ -75.345, 5.081 ], [ -75.349, 5.057 ], [ -75.338, 5.045 ], [ -75.328, 5.042 ], [ -75.318, 5.028 ], [ -75.318, 5.014 ], [ -75.336, 4.975 ], [ -75.354, 4.963 ], [ -75.352, 4.938 ], [ -75.335, 4.9 ], [ -75.319, 4.893 ], [ -75.319, 4.887 ], [ -75.324, 4.866 ], [ -75.345, 4.842 ], [ -75.352, 4.842 ], [ -75.357, 4.827 ], [ -75.375, 4.803 ], [ -75.405, 4.804 ], [ -75.427, 4.817 ], [ -75.431, 4.836 ], [ -75.438, 4.839 ], [ -75.439, 4.855 ], [ -75.452, 4.869 ], [ -75.454, 4.884 ], [ -75.473, 4.891 ], [ -75.48, 4.916 ], [ -75.512, 4.924 ], [ -75.537, 4.917 ], [ -75.543, 4.928 ], [ -75.557, 4.924 ], [ -75.565, 4.938 ], [ -75.572, 4.936 ], [ -75.588, 4.935 ] ] ] } },
{ "type": "Feature", "properties": { "DPTO_CCDGO": "18", "DPTO_CNMBR": "CAQUETÁ", "area_km2": 92708.99244048199 }, "geometry": { "type": "Polygon", "coordinates": [ [ [ -75.504, 0.767 ], [ -75.539, 0.79 ], [ -75.538, 0.827 ], [ -75.547, 0.833 ], [ -75.574, 0.834 ], [ -75.586, 0.839 ], [ -75.605, 0.837 ], [ -75.613, 0.846 ], [ -75.619, 0.868 ], [ -75.636, 0.877 ], [ -75.66, 0.873 ], [ -75.682, 0.857 ], [ -75.711, 0.862 ], [ -75.742, 0.853 ], [ -75.758, 0.837 ], [ -75.778, 0.873 ], [ -75.797, 0.894 ], [ -75.809, 0.896 ], [ -75.825, 0.876 ], [ -75.832, 0.874 ], [ -75.857, 0.885 ], [ -75.87, 0.925 ], [ -75.895, 0.935 ], [ -75.903, 0.95 ], [ -75.904, 0.966 ], [ -75.921, 0.978 ], [ -75.946, 0.981 ], [ -75.932, 0.994 ], [ -75.931, 1.007 ], [ -75.922, 1.019 ], [ -75.927, 1.034 ], [ -75.935, 1.03 ], [ -75.952, 1.033 ], [ -75.976, 1.062 ], [ -75.986, 1.07 ], [ -76.0, 1.07 ], [ -75.986, 1.045 ], [ -75.994, 1.027 ], [ -76.001, 1.031 ], [ -76.006, 1.055 ], [ -76.02, 1.048 ], [ -76.039, 1.053 ], [ -76.047, 1.046 ], [ -76.064, 1.055 ], [ -76.085, 1.058 ], [ -76.08, 1.063 ], [ -76.103, 1.079 ], [ -76.124, 1.088 ], [ -76.123, 1.1 ], [ -76.133, 1.101 ], [ -76.143, 1.099 ], [ -76.16, 1.116 ], [ -76.165, 1.107 ], [ -76.195, 1.107 ], [ -76.203, 1.116 ], [ -76.213, 1.11 ], [ -76.239, 1.123 ], [ -76.259, 1.122 ], [ -76.28, 1.138 ], [ -76.289, 1.174 ], [ -76.3, 1.192 ], [ -76.29, 1.21 ], [ -76.303, 1.236 ], [ -76.285, 1.251 ], [ -76.277, 1.265 ], [ -76.256, 1.274 ], [ -76.247, 1.296 ], [ -76.233, 1.308 ], [ -76.225, 1.323 ], [ -76.216, 1.32 ], [ -76.214, 1.33 ], [ -76.223, 1.338 ], [ -76.204, 1.353 ], [ -76.2, 1.374 ], [ -76.202, 1.418 ], [ -76.193, 1.421 ], [ -76.176, 1.451 ], [ -76.186, 1.459 ], [ -76.184, 1.488 ], [ -76.149, 1.537 ], [ -76.155, 1.551 ], [ -76.158, 1.579 ], [ -76.17, 1.588 ], [ -76.152, 1.582 ], [ -76.124, 1.566 ], [ -76.12, 1.552 ], [ -76.099, 1.564 ], [ -76.086, 1.578 ], [ -76.065, 1.586 ], [ -76.055, 1.58 ], [ -76.034, 1.583 ], [ -76.024, 1.591 ], [ -76.006, 1.615 ], [ -75.983, 1.622 ], [ -75.972, 1.661 ], [ -75.952, 1.665 ], [ -75.934, 1.693 ], [ -75.904, 1.717 ], [ -75.873, 1.714 ], [ -75.853, 1.726 ], [ -75.841, 1.725 ], [ -75.837, 1.74 ], [ -75.816, 1.754 ], [ -75.8, 1.75 ], [ -75.786, 1.763 ], [ -75.773, 1.763 ], [ -75.757, 1.776 ], [ -75.734, 1.787 ], [ -75.731, 1.821 ], [ -75.708, 1.84 ], [ -75.703, 1.863 ], [ -75.688, 1.881 ], [ -75.658, 1.892 ], [ -75.644, 1.913 ], [ -75.641, 1.926 ], [ -75.647, 1.938 ], [ -75.641, 1.958 ], [ -75.63, 1.966 ], [ -75.616, 1.988 ], [ -75.616, 1.997 ], [ -75.588, 2.014 ], [ -75.59, 2.021 ], [ -75.572, 2.05 ], [ -75.555, 2.069 ], [ -75.551, 2.083 ], [ -75.541, 2.091 ], [ -75.535, 2.118 ], [ -75.525, 2.123 ], [ -75.501, 2.123 ], [ -75.488, 2.134 ], [ -75.468, 2.142 ], [ -75.445, 2.144 ], [ -75.435, 2.172 ], [ -75.428, 2.18 ], [ -75.426, 2.195 ], [ -75.436, 2.201 ], [ -75.44, 2.221 ], [ -75.431, 2.234 ], [ -75.41, 2.246 ], [ -75.413, 2.251 ], [ -75.397, 2.288 ], [ -75.394, 2.302 ], [ -75.386, 2.315 ], [ -75.365, 2.326 ], [ -75.349, 2.323 ], [ -75.328, 2.366 ], [ -75.315, 2.359 ], [ -75.286, 2.396 ], [ -75.287, 2.41 ], [ -75.277, 2.425 ], [ -75.271, 2.422 ], [ -75.253, 2.453 ], [ -75.231, 2.481 ], [ -75.227, 2.511 ], [ -75.207, 2.509 ], [ -75.194, 2.512 ], [ -75.181, 2.507 ], [ -75.173, 2.524 ], [ -75.182, 2.529 ], [ -75.17, 2.552 ], [ -75.158, 2.564 ], [ -75.154, 2.582 ], [ -75.133, 2.595 ], [ -75.134, 2.599 ], [ -75.15, 2.621 ], [ -75.156, 2.646 ], [ -75.154, 2.656 ], [ -75.141, 2.667 ], [ -75.133, 2.694 ], [ -75.154, 2.704 ], [ -75.153, 2.709 ], [ -75.145, 2.723 ], [ -75.121, 2.73 ], [ -75.114, 2.725 ], [ -75.096, 2.738 ], [ -75.089, 2.73 ], [ -75.07, 2.745 ], [ -75.026, 2.793 ], [ -75.022, 2.81 ], [ -74.992, 2.851 ], [ -74.975, 2.863 ], [ -74.945, 2.897 ], [ -74.933, 2.909 ], [ -74.923, 2.905 ], [ -74.911, 2.884 ], [ -74.894, 2.905 ], [ -74.871, 2.916 ], [ -74.837, 2.909 ], [ -74.824, 2.923 ], [ -74.8, 2.938 ], [ -74.789, 2.926 ], [ -74.794, 2.915 ], [ -74.781, 2.905 ], [ -74.779, 2.886 ], [ -74.762, 2.873 ], [ -74.692, 2.893 ], [ -74.673, 2.889 ], [ -74.673, 2.877 ], [ -74.662, 2.842 ], [ -74.672, 2.832 ], [ -74.666, 2.824 ], [ -74.667, 2.805 ], [ -74.658, 2.804 ], [ -74.653, 2.782 ], [ -74.645, 2.772 ], [ -74.643, 2.756 ], [ -74.618, 2.754 ], [ -74.629, 2.738 ], [ -74.627, 2.722 ], [ -74.637, 2.701 ], [ -74.614, 2.695 ], [ -74.616, 2.683 ], [ -74.59, 2.673 ], [ -74.586, 2.665 ], [ -74.6, 2.636 ], [ -74.612, 2.623 ], [ -74.642, 2.609 ], [ -74.649, 2.598 ], [ -74.646, 2.587 ], [ -74.662, 2.577 ], [ -74.681, 2.553 ], [ -74.673, 2.52 ], [ -74.657, 2.513 ], [ -74.647, 2.494 ], [ -74.663, 2.488 ], [ -74.662, 2.475 ], [ -74.673, 2.447 ], [ -74.673, 2.425 ], [ -74.685, 2.425 ], [ -74.699, 2.409 ], [ -74.709, 2.376 ], [ -74.719, 2.36 ], [ -74.727, 2.36 ], [ -74.74, 2.331 ], [ -74.745, 2.294 ], [ -74.751, 2.278 ], [ -74.742, 2.272 ], [ -74.73, 2.28 ], [ -74.728, 2.268 ], [ -74.717, 2.264 ], [ -74.709, 2.284 ], [ -74.693, 2.284 ], [ -74.7, 2.27 ], [ -74.684, 2.26 ], [ -74.659, 2.252 ], [ -74.651, 2.241 ], [ -74.651, 2.227 ], [ -74.66, 2.227 ], [ -74.662, 2.211 ], [ -74.644, 2.211 ], [ -74.643, 2.202 ], [ -74.625, 2.193 ], [ -74.611, 2.208 ], [ -74.592, 2.202 ], [ -74.592, 2.164 ], [ -74.602, 2.156 ], [ -74.593, 2.135 ], [ -74.579, 2.124 ], [ -74.546, 2.129 ], [ -74.539, 2.11 ], [ -74.522, 2.122 ], [ -74.512, 2.122 ], [ -74.509, 2.132 ], [ -74.491, 2.137 ], [ -74.483, 2.147 ], [ -74.478, 2.121 ], [ -74.482, 2.104 ], [ -74.462, 2.089 ], [ -74.451, 2.095 ], [ -74.432, 2.091 ], [ -74.418, 2.078 ], [ -74.393, 2.084 ], [ -74.384, 2.081 ], [ -74.362, 2.06 ], [ -74.319, 2.062 ], [ -74.305, 2.06 ], [ -74.253, 2.059 ], [ -74.231, 2.05 ], [ -74.228, 2.028 ], [ -74.204, 1.995 ], [ -74.173, 1.98 ], [ -74.153, 1.98 ], [ -74.152, 1.997 ], [ -74.125, 1.993 ], [ -74.108, 1.982 ], [ -74.105, 1.973 ], [ -74.092, 1.978 ], [ -74.066, 1.979 ], [ -74.04, 1.971 ], [ -73.657, 1.618 ], [ -73.664, 1.593 ], [ -73.658, 1.576 ], [ -73.649, 1.568 ], [ -73.643, 1.552 ], [ -73.614, 1.524 ], [ -73.607, 1.502 ], [ -73.585, 1.488 ], [ -73.579, 1.47 ], [ -73.547, 1.436 ], [ -73.548, 1.407 ], [ -73.535, 1.39 ], [ -73.505, 1.384 ], [ -73.503, 1.37 ], [ -73.483, 1.37 ], [ -73.474, 1.36 ], [ -73.47, 1.34 ], [ -73.457, 1.323 ], [ -73.461, 1.311 ], [ -73.452, 1.304 ], [ -73.456, 1.294 ], [ -73.447, 1.291 ], [ -73.428, 1.296 ], [ -73.425, 1.265 ], [ -73.432, 1.258 ], [ -73.418, 1.252 ], [ -73.413, 1.239 ], [ -73.424, 1.223 ], [ -73.412, 1.175 ], [ -73.395, 1.168 ], [ -73.393, 1.147 ], [ -73.378, 1.144 ], [ -73.373, 1.131 ], [ -73.336, 1.112 ], [ -73.341, 1.099 ], [ -73.302, 1.07 ], [ -73.283, 1.067 ], [ -73.277, 1.047 ], [ -73.254, 1.042 ], [ -73.239, 1.033 ], [ -73.248, 1.022 ], [ -73.217, 0.997 ], [ -73.207, 1.006 ], [ -73.199, 0.999 ], [ -73.183, 1.002 ], [ -73.172, 0.992 ], [ -73.173, 0.982 ], [ -73.187, 0.971 ], [ -73.179, 0.957 ], [ -73.163, 0.95 ], [ -73.165, 0.942 ], [ -73.147, 0.943 ], [ -73.145, 0.92 ], [ -73.13, 0.915 ], [ -73.122, 0.922 ], [ -73.087, 0.906 ], [ -73.079, 0.895 ], [ -73.052, 0.912 ], [ -73.05, 0.905 ], [ -73.025, 0.921 ], [ -73.01, 0.911 ], [ -73.005, 0.933 ], [ -72.987, 0.932 ], [ -72.997, 0.95 ], [ -72.96, 0.961 ], [ -72.953, 0.979 ], [ -72.937, 0.984 ], [ -72.929, 1.002 ], [ -72.933, 1.014 ], [ -72.895, 1.012 ], [ -72.885, 1.024 ], [ -72.867, 1.026 ], [ -72.875, 1.036 ], [ -72.859, 1.041 ], [ -72.861, 1.072 ], [ -72.875, 1.075 ], [ -72.87, 1.088 ], [ -72.883, 1.1 ], [ -72.864, 1.108 ], [ -72.849, 1.108 ], [ -72.867, 1.12 ], [ -72.87, 1.146 ], [ -72.851, 1.142 ], [ -72.851, 1.158 ], [ -72.858, 1.165 ], [ -72.831, 1.157 ], [ -72.828, 1.15 ], [ -72.817, 1.163 ], [ -72.823, 1.179 ], [ -72.805, 1.183 ], [ -72.798, 1.176 ], [ -72.769, 1.177 ], [ -72.777, 1.165 ], [ -72.778, 1.148 ], [ -72.764, 1.133 ], [ -72.751, 1.129 ], [ -72.739, 1.14 ], [ -72.734, 1.153 ], [ -72.724, 1.149 ], [ -72.73, 1.163 ], [ -72.726, 1.186 ], [ -72.699, 1.182 ], [ -72.694, 1.164 ], [ -72.671, 1.164 ], [ -72.658, 1.152 ], [ -72.646, 1.179 ], [ -72.635, 1.149 ], [ -72.619, 1.134 ], [ -72.59, 1.125 ], [ -72.587, 1.116 ], [ -72.574, 1.113 ], [ -72.557, 1.094 ], [ -72.521, 1.081 ], [ -72.508, 1.068 ], [ -72.5, 1.073 ], [ -72.484, 1.072 ], [ -72.469, 1.084 ], [ -72.456, 1.08 ], [ -72.455, 1.069 ], [ -72.426, 1.037 ], [ -72.424, 1.023 ], [ -72.399, 1.003 ], [ -72.41, 0.987 ], [ -72.4, 0.967 ], [ -72.377, 0.958 ], [ -72.392, 0.923 ], [ -72.374, 0.917 ], [ -72.354, 0.935 ], [ -72.34, 0.927 ], [ -72.345, 0.898 ], [ -72.332, 0.88 ], [ -72.343, 0.871 ], [ -72.328, 0.84 ], [ -72.317, 0.854 ], [ -72.324, 0.875 ], [ -72.3, 0.882 ], [ -72.289, 0.873 ], [ -72.287, 0.862 ], [ -72.297, 0.854 ], [ -72.3, 0.838 ], [ -72.288, 0.824 ], [ -72.289, 0.817 ], [ -72.303, 0.817 ], [ -72.31, 0.809 ], [ -72.293, 0.782 ], [ -72.27, 0.763 ], [ -72.261, 0.767 ], [ -72.271, 0.791 ], [ -72.25, 0.79 ], [ -72.239, 0.768 ], [ -72.222, 0.747 ], [ -72.23, 0.716 ], [ -72.21, 0.7 ], [ -72.2, 0.702 ], [ -72.191, 0.727 ], [ -72.162, 0.714 ], [ -72.166, 0.728 ], [ -72.159, 0.733 ], [ -72.14, 0.718 ], [ -72.129, 0.74 ], [ -72.119, 0.734 ], [ -72.121, 0.722 ], [ -72.11, 0.705 ], [ -72.094, 0.699 ], [ -72.081, 0.705 ], [ -72.067, 0.681 ], [ -72.073, 0.666 ], [ -72.083, 0.657 ], [ -72.049, 0.656 ], [ -72.033, 0.664 ], [ -72.017, 0.655 ], [ -71.999, 0.659 ], [ -71.994, 0.632 ], [ -71.981, 0.632 ], [ -71.998, 0.604 ], [ -72.011, 0.599 ], [ -71.989, 0.586 ], [ -71.991, 0.565 ], [ -71.964, 0.556 ], [ -71.955, 0.541 ], [ -71.943, 0.551 ], [ -71.945, 0.568 ], [ -71.939, 0.57 ], [ -71.929, 0.544 ], [ -71.913, 0.516 ], [ -71.929, 0.497 ], [ -71.927, 0.482 ], [ -71.905, 0.479 ], [ -71.903, 0.468 ], [ -71.922, 0.459 ], [ -71.917, 0.449 ], [ -71.904, 0.443 ], [ -71.889, 0.448 ], [ -71.888, 0.468 ], [ -71.857, 0.455 ], [ -71.847, 0.438 ], [ -71.847, 0.414 ], [ -71.823, 0.406 ], [ -71.836, 0.395 ], [ -71.836, 0.366 ], [ -71.854, 0.353 ], [ -71.832, 0.339 ], [ -71.805, 0.348 ], [ -71.802, 0.359 ], [ -71.815, 0.374 ], [ -71.789, 0.364 ], [ -71.766, 0.367 ], [ -71.773, 0.349 ], [ -71.784, 0.346 ], [ -71.789, 0.336 ], [ -71.769, 0.327 ], [ -71.753, 0.332 ], [ -71.751, 0.297 ], [ -71.734, 0.287 ], [ -71.727, 0.309 ], [ -71.705, 0.318 ], [ -71.699, 0.304 ], [ -71.703, 0.296 ], [ -71.727, 0.283 ], [ -71.698, 0.237 ], [ -71.656, 0.219 ], [ -71.644, 0.21 ], [ -71.627, 0.216 ], [ -71.621, 0.191 ], [ -71.636, 0.187 ], [ -71.606, 0.183 ], [ -71.571, 0.215 ], [ -71.563, 0.207 ], [ -71.577, 0.198 ], [ -71.58, 0.177 ], [ -71.59, 0.17 ], [ -71.584, 0.163 ], [ -71.567, 0.171 ], [ -71.544, 0.173 ], [ -71.531, 0.165 ], [ -71.526, 0.153 ], [ -71.534, 0.139 ], [ -71.545, 0.133 ], [ -71.529, 0.12 ], [ -71.518, 0.132 ], [ -71.503, 0.129 ], [ -71.494, 0.147 ], [ -71.485, 0.149 ], [ -71.476, 0.183 ], [ -71.456, 0.175 ], [ -71.457, 0.163 ], [ -71.47, 0.157 ], [ -71.45, 0.139 ], [ -71.42, 0.143 ], [ -71.404, 0.155 ], [ -71.402, 0.185 ], [ -71.375, 0.174 ], [ -71.367, 0.146 ], [ -71.339, 0.14 ], [ -71.344, 0.151 ], [ -71.335, 0.155 ], [ -71.32, 0.13 ], [ -71.329, 0.117 ], [ -71.307, 0.102 ], [ -71.291, 0.097 ], [ -71.297, 0.075 ], [ -71.28, 0.066 ], [ -71.262, 0.069 ], [ -71.254, 0.06 ], [ -71.271, 0.035 ], [ -71.286, 0.038 ], [ -71.304, 0.032 ], [ -71.315, 0.021 ], [ -71.342, 0.019 ], [ -71.362, 0.032 ], [ -71.387, 0.024 ], [ -71.386, 0.015 ], [ -71.4, 0.006 ], [ -71.437, 0.006 ], [ -71.448, 0.003 ], [ -71.452, -0.011 ], [ -71.475, -0.012 ], [ -71.55, 0.022 ], [ -71.568, 0.02 ], [ -71.582, 0.009 ], [ -71.578, -0.001 ], [ -71.593, -0.014 ], [ -71.626, -0.035 ], [ -71.648, -0.038 ], [ -71.672, -0.06 ], [ -71.705, -0.067 ], [ -71.701, -0.087 ], [ -71.703, -0.102 ], [ -71.726, -0.122 ], [ -71.736, -0.155 ], [ -71.736, -0.164 ], [ -71.723, -0.183 ], [ -71.714, -0.204 ], [ -71.711, -0.232 ], [ -71.738, -0.242 ], [ -71.74, -0.25 ], [ -71.773, -0.257 ], [ -71.773, -0.264 ], [ -71.79, -0.27 ], [ -71.811, -0.264 ], [ -71.82, -0.275 ], [ -71.848, -0.277 ], [ -71.872, -0.27 ], [ -71.91, -0.273 ], [ -71.928, -0.265 ], [ -71.969, -0.269 ], [ -71.987, -0.279 ], [ -71.996, -0.276 ], [ -72.02, -0.264 ], [ -72.042, -0.269 ], [ -72.046, -0.283 ], [ -72.061, -0.296 ], [ -72.057, -0.309 ], [ -72.063, -0.325 ], [ -72.073, -0.326 ], [ -72.083, -0.338 ], [ -72.097, -0.329 ], [ -72.144, -0.347 ], [ -72.153, -0.355 ], [ -72.159, -0.382 ], [ -72.148, -0.393 ], [ -72.163, -0.411 ], [ -72.168, -0.435 ], [ -72.183, -0.461 ], [ -72.195, -0.468 ], [ -72.207, -0.484 ], [ -72.231, -0.493 ], [ -72.237, -0.53 ], [ -72.24, -0.562 ], [ -72.247, -0.585 ], [ -72.243, -0.605 ], [ -72.263, -0.623 ], [ -72.286, -0.631 ], [ -72.292, -0.643 ], [ -72.317, -0.652 ], [ -72.358, -0.636 ], [ -72.37, -0.624 ], [ -72.397, -0.612 ], [ -72.409, -0.595 ], [ -72.404, -0.585 ], [ -72.408, -0.568 ], [ -72.425, -0.562 ], [ -72.434, -0.567 ], [ -72.469, -0.602 ], [ -72.499, -0.635 ], [ -72.514, -0.657 ], [ -72.538, -0.677 ], [ -72.556, -0.706 ], [ -72.592, -0.693 ], [ -72.63, -0.662 ], [ -72.677, -0.632 ], [ -72.677, -0.618 ], [ -72.695, -0.611 ], [ -72.714, -0.589 ], [ -72.737, -0.583 ], [ -72.75, -0.555 ], [ -72.763, -0.561 ], [ -72.777, -0.578 ], [ -72.796, -0.576 ], [ -72.811, -0.597 ], [ -72.831, -0.598 ], [ -72.854, -0.612 ], [ -72.878, -0.618 ], [ -72.917, -0.616 ], [ -72.937, -0.606 ], [ -72.956, -0.563 ], [ -72.968, -0.552 ], [ -72.997, -0.534 ], [ -73.026, -0.527 ], [ -73.044, -0.535 ], [ -73.057, -0.556 ], [ -73.061, -0.576 ], [ -73.07, -0.593 ], [ -73.075, -0.621 ], [ -73.085, -0.623 ], [ -73.112, -0.605 ], [ -73.137, -0.607 ], [ -73.161, -0.62 ], [ -73.197, -0.627 ], [ -73.209, -0.624 ], [ -73.22, -0.606 ], [ -73.239, -0.587 ], [ -73.253, -0.583 ], [ -73.268, -0.553 ], [ -73.28, -0.546 ], [ -73.299, -0.542 ], [ -73.323, -0.524 ], [ -73.336, -0.506 ], [ -73.366, -0.522 ], [ -73.379, -0.536 ], [ -73.396, -0.531 ], [ -73.408, -0.518 ], [ -73.425, -0.512 ], [ -73.453, -0.515 ], [ -73.489, -0.528 ], [ -73.517, -0.521 ], [ -73.529, -0.501 ], [ -73.531, -0.489 ], [ -73.539, -0.492 ], [ -73.546, -0.51 ], [ -73.56, -0.518 ], [ -73.571, -0.516 ], [ -73.569, -0.495 ], [ -73.579, -0.48 ], [ -73.58, -0.455 ], [ -73.593, -0.442 ], [ -73.609, -0.439 ], [ -73.65, -0.458 ], [ -73.653, -0.451 ], [ -73.636, -0.43 ], [ -73.642, -0.417 ], [ -73.677, -0.421 ], [ -73.69, -0.415 ], [ -73.708, -0.386 ], [ -73.719, -0.381 ], [ -73.738, -0.384 ], [ -73.753, -0.402 ], [ -73.764, -0.408 ], [ -73.81, -0.412 ], [ -73.841, -0.398 ], [ -73.88, -0.371 ], [ -73.901, -0.368 ], [ -73.945, -0.355 ], [ -73.999, -0.344 ], [ -74.017, -0.333 ], [ -74.041, -0.297 ], [ -74.04, -0.283 ], [ -74.054, -0.272 ], [ -74.07, -0.281 ], [ -74.084, -0.278 ], [ -74.109, -0.236 ], [ -74.135, -0.234 ], [ -74.146, -0.241 ], [ -74.157, -0.261 ], [ -74.176, -0.266 ], [ -74.188, -0.259 ], [ -74.195, -0.216 ], [ -74.208, -0.208 ], [ -74.218, -0.21 ], [ -74.223, -0.234 ], [ -74.234, -0.238 ], [ -74.261, -0.222 ], [ -74.29, -0.197 ], [ -74.287, -0.177 ], [ -74.264, -0.155 ], [ -74.269, -0.14 ], [ -74.278, -0.139 ], [ -74.299, -0.148 ], [ -74.306, -0.146 ], [ -74.33, -0.116 ], [ -74.351, -0.106 ], [ -74.395, -0.113 ], [ -74.412, -0.118 ], [ -74.429, -0.132 ], [ -74.447, -0.139 ], [ -74.447, -0.129 ], [ -74.427, -0.113 ], [ -74.423, -0.098 ], [ -74.44, -0.075 ], [ -74.451, -0.07 ], [ -74.462, -0.082 ], [ -74.465, -0.111 ], [ -74.475, -0.13 ], [ -74.486, -0.138 ], [ -74.499, -0.137 ], [ -74.508, -0.127 ], [ -74.507, -0.103 ], [ -74.514, -0.092 ], [ -74.531, -0.089 ], [ -74.535, -0.102 ], [ -74.524, -0.116 ], [ -74.53, -0.126 ], [ -74.541, -0.12 ], [ -74.582, -0.11 ], [ -74.599, -0.098 ], [ -74.632, -0.088 ], [ -74.618, -0.071 ], [ -74.617, -0.056 ], [ -74.63, -0.045 ], [ -74.65, -0.039 ], [ -74.671, -0.06 ], [ -74.68, -0.047 ], [ -74.662, -0.039 ], [ -74.657, -0.028 ], [ -74.658, -0.009 ], [ -74.69, 0.019 ], [ -74.704, 0.037 ], [ -74.702, 0.045 ], [ -74.684, 0.043 ], [ -74.663, 0.054 ], [ -74.656, 0.074 ], [ -74.671, 0.083 ], [ -74.692, 0.078 ], [ -74.704, 0.082 ], [ -74.713, 0.096 ], [ -74.697, 0.089 ], [ -74.68, 0.092 ], [ -74.674, 0.105 ], [ -74.678, 0.16 ], [ -74.704, 0.185 ], [ -74.717, 0.201 ], [ -74.737, 0.21 ], [ -74.769, 0.213 ], [ -74.782, 0.209 ], [ -74.815, 0.217 ], [ -74.844, 0.214 ], [ -74.865, 0.225 ], [ -74.893, 0.249 ], [ -74.914, 0.253 ], [ -74.943, 0.243 ], [ -74.965, 0.245 ], [ -74.986, 0.265 ], [ -75.01, 0.281 ], [ -75.006, 0.296 ], [ -74.989, 0.3 ], [ -74.982, 0.319 ], [ -75.0, 0.333 ], [ -75.012, 0.354 ], [ -75.016, 0.387 ], [ -74.989, 0.396 ], [ -74.984, 0.413 ], [ -75.006, 0.438 ], [ -75.014, 0.464 ], [ -75.026, 0.48 ], [ -75.086, 0.477 ], [ -75.101, 0.473 ], [ -75.106, 0.478 ], [ -75.096, 0.487 ], [ -75.099, 0.511 ], [ -75.117, 0.512 ], [ -75.143, 0.487 ], [ -75.161, 0.481 ], [ -75.176, 0.487 ], [ -75.196, 0.479 ], [ -75.219, 0.491 ], [ -75.201, 0.499 ], [ -75.2, 0.509 ], [ -75.225, 0.535 ], [ -75.236, 0.567 ], [ -75.231, 0.581 ], [ -75.213, 0.588 ], [ -75.207, 0.601 ], [ -75.22, 0.632 ], [ -75.231, 0.646 ], [ -75.271, 0.662 ], [ -75.275, 0.676 ], [ -75.257, 0.703 ], [ -75.266, 0.726 ], [ -75.295, 0.728 ], [ -75.309, 0.748 ], [ -75.324, 0.746 ], [ -75.339, 0.768 ], [ -75.347, 0.766 ], [ -75.36, 0.75 ], [ -75.384, 0.754 ], [ -75.403, 0.739 ], [ -75.423, 0.739 ], [ -75.469, 0.759 ], [ -75.473, 0.773 ], [ -75.484, 0.783 ], [ -75.504, 0.767 ] ] ] } },
{ "type": "Feature", "properties": { "DPTO_CCDGO": "19", "DPTO_CNMBR": "CAUCA", "area_km2": 31260.671993165219 }, "geometry": { "type": "Polygon", "coordinates": [ [ [ -77.13, 1.659 ], [ -77.138, 1.655 ], [ -77.144, 1.678 ], [ -77.151, 1.686 ], [ -77.161, 1.676 ], [ -77.192, 1.677 ], [ -77.219, 1.669 ], [ -77.237, 1.658 ], [ -77.245, 1.658 ], [ -77.256, 1.671 ], [ -77.27, 1.663 ], [ -77.33, 1.682 ], [ -77.325, 1.697 ], [ -77.308, 1.728 ], [ -77.295, 1.766 ], [ -77.31, 1.805 ], [ -77.296, 1.818 ], [ -77.295, 1.832 ], [ -77.281, 1.86 ], [ -77.256, 1.869 ], [ -77.244, 1.887 ], [ -77.245, 1.911 ], [ -77.225, 1.92 ], [ -77.218, 1.917 ], [ -77.22, 1.934 ], [ -77.211, 1.936 ], [ -77.203, 1.952 ], [ -77.209, 1.971 ], [ -77.221, 1.988 ], [ -77.259, 1.994 ], [ -77.274, 2.007 ], [ -77.279, 2.021 ], [ -77.303, 2.027 ], [ -77.306, 2.036 ], [ -77.332, 2.05 ], [ -77.334, 2.06 ], [ -77.32, 2.072 ], [ -77.315, 2.095 ], [ -77.308, 2.11 ], [ -77.309, 2.125 ], [ -77.311, 2.142 ], [ -77.305, 2.146 ], [ -77.318, 2.182 ], [ -77.308, 2.195 ], [ -77.317, 2.201 ], [ -77.323, 2.222 ], [ -77.348, 2.246 ], [ -77.36, 2.263 ], [ -77.375, 2.264 ], [ -77.387, 2.256 ], [ -77.409, 2.271 ], [ -77.443, 2.285 ], [ -77.459, 2.286 ], [ -77.48, 2.266 ], [ -77.472, 2.254 ], [ -77.472, 2.241 ], [ -77.488, 2.216 ], [ -77.488, 2.195 ], [ -77.502, 2.193 ], [ -77.519, 2.2 ], [ -77.544, 2.196 ], [ -77.554, 2.202 ], [ -77.574, 2.181 ], [ -77.599, 2.168 ], [ -77.604, 2.165 ], [ -77.646, 2.169 ], [ -77.663, 2.159 ], [ -77.698, 2.154 ], [ -77.734, 2.134 ], [ -77.781, 2.148 ], [ -77.801, 2.17 ], [ -77.821, 2.178 ], [ -77.836, 2.177 ], [ -77.849, 2.191 ], [ -77.853, 2.215 ], [ -77.847, 2.232 ], [ -77.848, 2.261 ], [ -77.861, 2.268 ], [ -77.883, 2.319 ], [ -77.88, 2.335 ], [ -77.883, 2.353 ], [ -77.894, 2.366 ], [ -77.903, 2.397 ], [ -77.918, 2.412 ], [ -77.918, 2.456 ], [ -77.925, 2.482 ], [ -77.926, 2.51 ], [ -77.915, 2.544 ], [ -77.916, 2.594 ], [ -77.928, 2.64 ], [ -77.906, 2.646 ], [ -77.914, 2.663 ], [ -77.907, 2.681 ], [ -77.888, 2.686 ], [ -77.873, 2.698 ], [ -77.846, 2.692 ], [ -77.843, 2.704 ], [ -77.834, 2.703 ], [ -77.807, 2.685 ], [ -77.788, 2.691 ], [ -77.795, 2.708 ], [ -77.79, 2.73 ], [ -77.799, 2.726 ], [ -77.794, 2.757 ], [ -77.764, 2.765 ], [ -77.756, 2.761 ], [ -77.736, 2.787 ], [ -77.764, 2.796 ], [ -77.737, 2.823 ], [ -77.721, 2.825 ], [ -77.702, 2.863 ], [ -77.694, 2.887 ], [ -77.692, 2.913 ], [ -77.67, 2.948 ], [ -77.667, 2.984 ], [ -77.689, 2.986 ], [ -77.7, 2.971 ], [ -77.691, 3.001 ], [ -77.666, 3.046 ], [ -77.653, 3.065 ], [ -77.621, 3.086 ], [ -77.563, 3.163 ], [ -77.553, 3.199 ], [ -77.544, 3.213 ], [ -77.515, 3.187 ], [ -77.497, 3.191 ], [ -77.498, 3.216 ], [ -77.481, 3.209 ], [ -77.466, 3.216 ], [ -77.464, 3.23 ], [ -77.452, 3.242 ], [ -77.43, 3.254 ], [ -77.416, 3.241 ], [ -77.404, 3.214 ], [ -77.393, 3.214 ], [ -77.383, 3.204 ], [ -77.384, 3.178 ], [ -77.364, 3.163 ], [ -77.366, 3.147 ], [ -77.346, 3.141 ], [ -77.32, 3.166 ], [ -77.316, 3.174 ], [ -77.278, 3.149 ], [ -77.288, 3.138 ], [ -77.275, 3.133 ], [ -77.262, 3.135 ], [ -77.251, 3.115 ], [ -77.235, 3.108 ], [ -77.216, 3.121 ], [ -77.217, 3.136 ], [ -77.204, 3.134 ], [ -77.173, 3.159 ], [ -77.173, 3.165 ], [ -77.153, 3.17 ], [ -77.136, 3.17 ], [ -77.13, 3.161 ], [ -77.1, 3.186 ], [ -77.08, 3.18 ], [ -77.064, 3.169 ], [ -77.037, 3.164 ], [ -77.03, 3.167 ], [ -77.011, 3.153 ], [ -76.998, 3.155 ], [ -76.988, 3.139 ], [ -76.977, 3.133 ], [ -76.972, 3.119 ], [ -76.938, 3.114 ], [ -76.925, 3.131 ], [ -76.928, 3.14 ], [ -76.916, 3.149 ], [ -76.909, 3.201 ], [ -76.892, 3.202 ], [ -76.88, 3.21 ], [ -76.859, 3.212 ], [ -76.851, 3.207 ], [ -76.831, 3.211 ], [ -76.809, 3.208 ], [ -76.788, 3.218 ], [ -76.783, 3.231 ], [ -76.773, 3.234 ], [ -76.753, 3.21 ], [ -76.758, 3.202 ], [ -76.745, 3.193 ], [ -76.74, 3.171 ], [ -76.75, 3.146 ], [ -76.744, 3.136 ], [ -76.723, 3.118 ], [ -76.7, 3.12 ], [ -76.677, 3.1 ], [ -76.652, 3.102 ], [ -76.632, 3.128 ], [ -76.622, 3.116 ], [ -76.624, 3.102 ], [ -76.61, 3.091 ], [ -76.599, 3.092 ], [ -76.588, 3.108 ], [ -76.591, 3.116 ], [ -76.573, 3.129 ], [ -76.558, 3.102 ], [ -76.539, 3.108 ], [ -76.53, 3.124 ], [ -76.516, 3.118 ], [ -76.521, 3.142 ], [ -76.503, 3.144 ], [ -76.508, 3.157 ], [ -76.496, 3.175 ], [ -76.49, 3.17 ], [ -76.492, 3.216 ], [ -76.473, 3.217 ], [ -76.466, 3.227 ], [ -76.477, 3.232 ], [ -76.461, 3.259 ], [ -76.473, 3.28 ], [ -76.487, 3.282 ], [ -76.479, 3.29 ], [ -76.493, 3.29 ], [ -76.49, 3.305 ], [ -76.481, 3.293 ], [ -76.473, 3.304 ], [ -76.478, 3.319 ], [ -76.468, 3.311 ], [ -76.46, 3.329 ], [ -76.448, 3.317 ], [ -76.421, 3.312 ], [ -76.406, 3.299 ], [ -76.389, 3.292 ], [ -76.351, 3.286 ], [ -76.343, 3.281 ], [ -76.312, 3.281 ], [ -76.293, 3.287 ], [ -76.276, 3.278 ], [ -76.263, 3.282 ], [ -76.246, 3.276 ], [ -76.229, 3.277 ], [ -76.207, 3.258 ], [ -76.203, 3.243 ], [ -76.192, 3.227 ], [ -76.168, 3.23 ], [ -76.156, 3.236 ], [ -76.146, 3.223 ], [ -76.106, 3.224 ], [ -76.068, 3.211 ], [ -76.055, 3.223 ], [ -76.052, 3.219 ], [ -76.069, 3.195 ], [ -76.084, 3.204 ], [ -76.091, 3.198 ], [ -76.091, 3.175 ], [ -76.078, 3.165 ], [ -76.084, 3.157 ], [ -76.073, 3.14 ], [ -76.074, 3.122 ], [ -76.085, 3.113 ], [ -76.106, 3.107 ], [ -76.103, 3.096 ], [ -76.084, 3.091 ], [ -76.07, 3.067 ], [ -76.073, 3.05 ], [ -76.067, 3.046 ], [ -76.046, 3.044 ], [ -76.039, 3.024 ], [ -76.041, 3.016 ], [ -76.022, 3.005 ], [ -76.029, 2.972 ], [ -76.026, 2.959 ], [ -76.029, 2.94 ], [ -75.896, 2.856 ], [ -75.879, 2.834 ], [ -75.846, 2.843 ], [ -75.825, 2.838 ], [ -75.805, 2.808 ], [ -75.81, 2.787 ], [ -75.805, 2.767 ], [ -75.784, 2.763 ], [ -75.777, 2.754 ], [ -75.764, 2.752 ], [ -75.751, 2.742 ], [ -75.748, 2.72 ], [ -75.761, 2.68 ], [ -75.771, 2.677 ], [ -75.783, 2.658 ], [ -75.789, 2.658 ], [ -75.791, 2.631 ], [ -75.8, 2.623 ], [ -75.81, 2.6 ], [ -75.824, 2.592 ], [ -75.827, 2.576 ], [ -75.838, 2.567 ], [ -75.838, 2.541 ], [ -75.819, 2.52 ], [ -75.822, 2.492 ], [ -75.814, 2.484 ], [ -75.843, 2.466 ], [ -75.841, 2.459 ], [ -75.86, 2.442 ], [ -75.864, 2.426 ], [ -75.873, 2.432 ], [ -75.891, 2.431 ], [ -75.918, 2.457 ], [ -75.917, 2.474 ], [ -75.932, 2.478 ], [ -75.937, 2.487 ], [ -75.958, 2.49 ], [ -75.962, 2.498 ], [ -75.979, 2.504 ], [ -75.989, 2.479 ], [ -76.006, 2.458 ], [ -76.02, 2.447 ], [ -76.021, 2.434 ], [ -76.033, 2.402 ], [ -76.089, 2.416 ], [ -76.126, 2.38 ], [ -76.146, 2.294 ], [ -76.121, 2.225 ], [ -76.136, 2.221 ], [ -76.14, 2.21 ], [ -76.159, 2.198 ], [ -76.197, 2.196 ], [ -76.208, 2.198 ], [ -76.225, 2.218 ], [ -76.239, 2.228 ], [ -76.25, 2.243 ], [ -76.275, 2.27 ], [ -76.303, 2.284 ], [ -76.323, 2.281 ], [ -76.344, 2.272 ], [ -76.36, 2.271 ], [ -76.374, 2.279 ], [ -76.385, 2.269 ], [ -76.397, 2.231 ], [ -76.403, 2.204 ], [ -76.419, 2.192 ], [ -76.434, 2.188 ], [ -76.432, 2.172 ], [ -76.437, 2.161 ], [ -76.425, 2.129 ], [ -76.433, 2.12 ], [ -76.454, 2.112 ], [ -76.464, 2.102 ], [ -76.481, 2.111 ], [ -76.487, 2.129 ], [ -76.504, 2.127 ], [ -76.513, 2.135 ], [ -76.542, 2.134 ], [ -76.554, 2.139 ], [ -76.59, 2.108 ], [ -76.59, 2.095 ], [ -76.577, 2.056 ], [ -76.586, 2.035 ], [ -76.58, 2.029 ], [ -76.573, 2.02 ], [ -76.579, 2.003 ], [ -76.593, 2.005 ], [ -76.611, 1.995 ], [ -76.623, 1.975 ], [ -76.622, 1.959 ], [ -76.61, 1.947 ], [ -76.619, 1.927 ], [ -76.595, 1.92 ], [ -76.579, 1.899 ], [ -76.592, 1.881 ], [ -76.59, 1.868 ], [ -76.569, 1.856 ], [ -76.556, 1.838 ], [ -76.544, 1.839 ], [ -76.53, 1.824 ], [ -76.514, 1.834 ], [ -76.489, 1.826 ], [ -76.467, 1.814 ], [ -76.449, 1.798 ], [ -76.434, 1.791 ], [ -76.421, 1.756 ], [ -76.431, 1.741 ], [ -76.427, 1.727 ], [ -76.414, 1.717 ], [ -76.408, 1.73 ], [ -76.383, 1.747 ], [ -76.372, 1.743 ], [ -76.37, 1.733 ], [ -76.377, 1.701 ], [ -76.376, 1.684 ], [ -76.382, 1.668 ], [ -76.363, 1.67 ], [ -76.348, 1.662 ], [ -76.325, 1.664 ], [ -76.316, 1.684 ], [ -76.302, 1.69 ], [ -76.287, 1.685 ], [ -76.281, 1.677 ], [ -76.253, 1.674 ], [ -76.245, 1.682 ], [ -76.226, 1.665 ], [ -76.225, 1.655 ], [ -76.212, 1.641 ], [ -76.21, 1.6 ], [ -76.201, 1.592 ], [ -76.199, 1.575 ], [ -76.183, 1.574 ], [ -76.17, 1.588 ], [ -76.158, 1.579 ], [ -76.155, 1.551 ], [ -76.149, 1.537 ], [ -76.184, 1.488 ], [ -76.186, 1.459 ], [ -76.176, 1.451 ], [ -76.193, 1.421 ], [ -76.202, 1.418 ], [ -76.2, 1.374 ], [ -76.204, 1.353 ], [ -76.223, 1.338 ], [ -76.214, 1.33 ], [ -76.216, 1.32 ], [ -76.225, 1.323 ], [ -76.233, 1.308 ], [ -76.247, 1.296 ], [ -76.256, 1.274 ], [ -76.277, 1.265 ], [ -76.285, 1.251 ], [ -76.303, 1.236 ], [ -76.29, 1.21 ], [ -76.3, 1.192 ], [ -76.289, 1.174 ], [ -76.28, 1.138 ], [ -76.259, 1.122 ], [ -76.239, 1.123 ], [ -76.213, 1.11 ], [ -76.203, 1.116 ], [ -76.195, 1.107 ], [ -76.165, 1.107 ], [ -76.16, 1.116 ], [ -76.143, 1.099 ], [ -76.133, 1.101 ], [ -76.123, 1.1 ], [ -76.124, 1.088 ], [ -76.103, 1.079 ], [ -76.08, 1.063 ], [ -76.085, 1.058 ], [ -76.092, 1.049 ], [ -76.081, 1.045 ], [ -76.075, 1.028 ], [ -76.092, 1.019 ], [ -76.103, 1.025 ], [ -76.112, 1.013 ], [ -76.125, 1.007 ], [ -76.153, 1.019 ], [ -76.166, 1.03 ], [ -76.184, 1.026 ], [ -76.184, 1.013 ], [ -76.205, 1.017 ], [ -76.209, 1.006 ], [ -76.189, 1.003 ], [ -76.202, 0.981 ], [ -76.238, 0.98 ], [ -76.239, 0.964 ], [ -76.249, 0.981 ], [ -76.267, 0.969 ], [ -76.28, 0.981 ], [ -76.284, 0.971 ], [ -76.298, 0.961 ], [ -76.312, 0.966 ], [ -76.331, 0.959 ], [ -76.335, 0.981 ], [ -76.372, 0.984 ], [ -76.388, 0.975 ], [ -76.401, 0.98 ], [ -76.41, 0.962 ], [ -76.427, 0.961 ], [ -76.445, 0.97 ], [ -76.445, 0.981 ], [ -76.467, 0.999 ], [ -76.486, 1.008 ], [ -76.492, 1.027 ], [ -76.523, 1.031 ], [ -76.544, 1.037 ], [ -76.548, 1.049 ], [ -76.568, 1.082 ], [ -76.562, 1.096 ], [ -76.568, 1.103 ], [ -76.553, 1.113 ], [ -76.547, 1.132 ], [ -76.551, 1.141 ], [ -76.544, 1.16 ], [ -76.542, 1.192 ], [ -76.537, 1.21 ], [ -76.543, 1.222 ], [ -76.562, 1.234 ], [ -76.563, 1.248 ], [ -76.574, 1.259 ], [ -76.574, 1.283 ], [ -76.586, 1.305 ], [ -76.572, 1.331 ], [ -76.584, 1.346 ], [ -76.577, 1.366 ], [ -76.576, 1.388 ], [ -76.592, 1.391 ], [ -76.601, 1.413 ], [ -76.613, 1.423 ], [ -76.626, 1.424 ], [ -76.645, 1.455 ], [ -76.677, 1.466 ], [ -76.698, 1.444 ], [ -76.741, 1.43 ], [ -76.756, 1.419 ], [ -76.779, 1.41 ], [ -76.79, 1.412 ], [ -76.807, 1.401 ], [ -76.85, 1.385 ], [ -76.876, 1.37 ], [ -76.885, 1.373 ], [ -76.915, 1.342 ], [ -76.921, 1.346 ], [ -76.932, 1.386 ], [ -76.932, 1.4 ], [ -76.924, 1.41 ], [ -76.918, 1.43 ], [ -76.929, 1.483 ], [ -76.929, 1.5 ], [ -76.913, 1.501 ], [ -76.907, 1.51 ], [ -76.888, 1.523 ], [ -76.859, 1.522 ], [ -76.851, 1.535 ], [ -76.857, 1.543 ], [ -76.857, 1.566 ], [ -76.841, 1.587 ], [ -76.834, 1.614 ], [ -76.853, 1.636 ], [ -76.866, 1.638 ], [ -76.9, 1.662 ], [ -76.909, 1.675 ], [ -76.917, 1.702 ], [ -76.936, 1.729 ], [ -76.96, 1.722 ], [ -76.969, 1.712 ], [ -76.988, 1.715 ], [ -77.001, 1.707 ], [ -77.027, 1.714 ], [ -77.046, 1.698 ], [ -77.055, 1.701 ], [ -77.07, 1.674 ], [ -77.091, 1.662 ], [ -77.13, 1.659 ] ] ] } },
{ "type": "Feature", "properties": { "DPTO_CCDGO": "20", "DPTO_CNMBR": "CESAR", "area_km2": 22497.935107021363 }, "geometry": { "type": "Polygon", "coordinates": [ [ [ -73.753, 7.751 ], [ -73.762, 7.771 ], [ -73.741, 7.777 ], [ -73.737, 7.786 ], [ -73.751, 7.804 ], [ -73.751, 7.82 ], [ -73.743, 7.831 ], [ -73.726, 7.835 ], [ -73.71, 7.863 ], [ -73.693, 7.872 ], [ -73.69, 7.884 ], [ -73.671, 7.894 ], [ -73.678, 7.913 ], [ -73.673, 7.927 ], [ -73.682, 7.952 ], [ -73.697, 7.95 ], [ -73.709, 7.97 ], [ -73.724, 7.969 ], [ -73.72, 7.984 ], [ -73.728, 7.986 ], [ -73.721, 8.009 ], [ -73.738, 8.025 ], [ -73.732, 8.031 ], [ -73.75, 8.044 ], [ -73.742, 8.05 ], [ -73.751, 8.06 ], [ -73.764, 8.064 ], [ -73.765, 8.076 ], [ -73.789, 8.108 ], [ -73.777, 8.103 ], [ -73.77, 8.117 ], [ -73.775, 8.145 ], [ -73.771, 8.155 ], [ -73.78, 8.208 ], [ -73.775, 8.226 ], [ -73.765, 8.24 ], [ -73.76, 8.263 ], [ -73.75, 8.275 ], [ -73.76, 8.304 ], [ -73.747, 8.319 ], [ -73.757, 8.338 ], [ -73.749, 8.36 ], [ -73.75, 8.405 ], [ -73.747, 8.449 ], [ -73.747, 8.466 ], [ -73.774, 8.497 ], [ -73.78, 8.512 ], [ -73.778, 8.548 ], [ -73.775, 8.559 ], [ -73.783, 8.566 ], [ -73.794, 8.59 ], [ -73.798, 8.609 ], [ -73.815, 8.626 ], [ -73.82, 8.662 ], [ -73.809, 8.698 ], [ -73.816, 8.72 ], [ -73.811, 8.732 ], [ -73.789, 8.751 ], [ -73.795, 8.767 ], [ -73.792, 8.79 ], [ -73.796, 8.819 ], [ -73.818, 8.835 ], [ -73.867, 8.887 ], [ -73.872, 8.912 ], [ -73.868, 8.936 ], [ -73.832, 8.98 ], [ -73.836, 8.984 ], [ -73.826, 9.0 ], [ -73.826, 9.023 ], [ -73.808, 9.028 ], [ -73.81, 9.044 ], [ -73.796, 9.046 ], [ -73.799, 9.059 ], [ -73.809, 9.071 ], [ -73.864, 9.112 ], [ -73.875, 9.131 ], [ -73.876, 9.145 ], [ -73.864, 9.163 ], [ -73.864, 9.181 ], [ -73.879, 9.186 ], [ -73.891, 9.174 ], [ -73.962, 9.188 ], [ -73.956, 9.196 ], [ -73.964, 9.207 ], [ -73.965, 9.221 ], [ -73.951, 9.233 ], [ -73.951, 9.257 ], [ -73.943, 9.268 ], [ -73.943, 9.29 ], [ -73.958, 9.304 ], [ -73.975, 9.304 ], [ -73.989, 9.317 ], [ -73.99, 9.351 ], [ -73.982, 9.387 ], [ -73.978, 9.389 ], [ -73.995, 9.398 ], [ -74.0, 9.395 ], [ -74.024, 9.418 ], [ -74.049, 9.424 ], [ -74.068, 9.447 ], [ -74.092, 9.465 ], [ -74.097, 9.477 ], [ -74.121, 9.481 ], [ -74.139, 9.494 ], [ -74.12, 9.504 ], [ -74.105, 9.518 ], [ -74.098, 9.533 ], [ -74.064, 9.569 ], [ -74.054, 9.567 ], [ -74.037, 9.591 ], [ -73.994, 9.591 ], [ -73.997, 9.583 ], [ -73.949, 9.591 ], [ -73.939, 9.598 ], [ -73.916, 9.605 ], [ -73.91, 9.602 ], [ -73.893, 9.616 ], [ -73.882, 9.614 ], [ -73.876, 9.6 ], [ -73.868, 9.601 ], [ -73.803, 9.636 ], [ -73.811, 9.674 ], [ -73.81, 9.69 ], [ -73.824, 9.717 ], [ -73.84, 9.736 ], [ -73.827, 9.753 ], [ -73.837, 9.781 ], [ -73.842, 9.797 ], [ -73.857, 9.81 ], [ -73.874, 9.813 ], [ -73.888, 9.834 ], [ -73.892, 9.831 ], [ -73.913, 9.87 ], [ -73.937, 9.907 ], [ -73.952, 9.918 ], [ -73.956, 9.93 ], [ -73.991, 9.934 ], [ -74.002, 9.94 ], [ -74.012, 9.976 ], [ -74.025, 9.983 ], [ -74.035, 9.998 ], [ -74.036, 10.005 ], [ -74.051, 10.01 ], [ -74.062, 10.042 ], [ -74.074, 10.052 ], [ -74.074, 10.059 ], [ -74.084, 10.074 ], [ -74.067, 10.097 ], [ -74.073, 10.125 ], [ -74.066, 10.125 ], [ -74.06, 10.141 ], [ -74.066, 10.167 ], [ -74.058, 10.183 ], [ -74.041, 10.198 ], [ -74.043, 10.216 ], [ -74.008, 10.241 ], [ -74.012, 10.252 ], [ -73.999, 10.266 ], [ -73.978, 10.277 ], [ -73.965, 10.288 ], [ -73.962, 10.336 ], [ -73.934, 10.354 ], [ -73.933, 10.365 ], [ -73.893, 10.391 ], [ -73.858, 10.388 ], [ -73.842, 10.401 ], [ -73.829, 10.401 ], [ -73.817, 10.385 ], [ -73.807, 10.396 ], [ -73.792, 10.392 ], [ -73.779, 10.396 ], [ -73.765, 10.414 ], [ -73.754, 10.416 ], [ -73.74, 10.436 ], [ -73.724, 10.436 ], [ -73.71, 10.43 ], [ -73.699, 10.439 ], [ -73.703, 10.464 ], [ -73.691, 10.465 ], [ -73.66, 10.455 ], [ -73.644, 10.469 ], [ -73.653, 10.476 ], [ -73.64, 10.501 ], [ -73.629, 10.495 ], [ -73.615, 10.501 ], [ -73.592, 10.494 ], [ -73.583, 10.502 ], [ -73.567, 10.501 ], [ -73.561, 10.51 ], [ -73.572, 10.543 ], [ -73.589, 10.548 ], [ -73.598, 10.562 ], [ -73.612, 10.567 ], [ -73.6, 10.576 ], [ -73.594, 10.6 ], [ -73.601, 10.618 ], [ -73.599, 10.64 ], [ -73.617, 10.645 ], [ -73.612, 10.673 ], [ -73.597, 10.686 ], [ -73.594, 10.705 ], [ -73.583, 10.717 ], [ -73.57, 10.712 ], [ -73.558, 10.732 ], [ -73.562, 10.741 ], [ -73.542, 10.754 ], [ -73.562, 10.76 ], [ -73.579, 10.77 ], [ -73.589, 10.782 ], [ -73.608, 10.788 ], [ -73.639, 10.788 ], [ -73.639, 10.802 ], [ -73.621, 10.823 ], [ -73.599, 10.836 ], [ -73.565, 10.846 ], [ -73.52, 10.848 ], [ -73.479, 10.867 ], [ -73.467, 10.866 ], [ -73.442, 10.865 ], [ -73.393, 10.867 ], [ -73.384, 10.86 ], [ -73.344, 10.86 ], [ -73.325, 10.858 ], [ -73.313, 10.846 ], [ -73.291, 10.862 ], [ -73.277, 10.847 ], [ -73.264, 10.843 ], [ -73.264, 10.83 ], [ -73.255, 10.827 ], [ -73.252, 10.804 ], [ -73.259, 10.785 ], [ -73.252, 10.771 ], [ -73.275, 10.741 ], [ -73.278, 10.726 ], [ -73.264, 10.732 ], [ -73.248, 10.732 ], [ -73.237, 10.74 ], [ -73.228, 10.731 ], [ -73.215, 10.731 ], [ -73.208, 10.707 ], [ -73.162, 10.716 ], [ -73.155, 10.7 ], [ -73.139, 10.686 ], [ -73.107, 10.678 ], [ -73.082, 10.628 ], [ -73.089, 10.608 ], [ -73.086, 10.587 ], [ -73.1, 10.577 ], [ -73.099, 10.552 ], [ -73.127, 10.526 ], [ -73.133, 10.532 ], [ -73.14, 10.514 ], [ -73.149, 10.508 ], [ -73.145, 10.499 ], [ -73.163, 10.489 ], [ -73.175, 10.481 ], [ -73.178, 10.456 ], [ -73.169, 10.462 ], [ -73.154, 10.452 ], [ -73.142, 10.437 ], [ -73.146, 10.4 ], [ -73.128, 10.399 ], [ -73.088, 10.425 ], [ -73.071, 10.424 ], [ -73.038, 10.404 ], [ -73.024, 10.411 ], [ -73.011, 10.405 ], [ -72.987, 10.4 ], [ -72.958, 10.413 ], [ -72.943, 10.427 ], [ -72.901, 10.436 ], [ -72.894, 10.411 ], [ -72.9, 10.399 ], [ -72.888, 10.394 ], [ -72.886, 10.385 ], [ -72.893, 10.365 ], [ -72.906, 10.353 ], [ -72.906, 10.323 ], [ -72.896, 10.311 ], [ -72.906, 10.285 ], [ -72.907, 10.268 ], [ -72.901, 10.248 ], [ -72.903, 10.228 ], [ -72.899, 10.209 ], [ -72.909, 10.205 ], [ -72.908, 10.176 ], [ -72.917, 10.161 ], [ -72.922, 10.138 ], [ -72.912, 10.115 ], [ -72.921, 10.109 ], [ -72.926, 10.092 ], [ -72.959, 10.054 ], [ -72.953, 10.027 ], [ -72.963, 10.018 ], [ -72.961, 10.007 ], [ -72.976, 9.993 ], [ -72.984, 9.973 ], [ -72.981, 9.959 ], [ -72.998, 9.921 ], [ -72.981, 9.915 ], [ -72.988, 9.898 ], [ -72.978, 9.887 ], [ -72.993, 9.878 ], [ -72.971, 9.867 ], [ -72.971, 9.855 ], [ -72.944, 9.843 ], [ -72.957, 9.821 ], [ -72.966, 9.818 ], [ -72.975, 9.803 ], [ -72.988, 9.794 ], [ -73.003, 9.761 ], [ -73.006, 9.741 ], [ -73.014, 9.736 ], [ -73.055, 9.678 ], [ -73.061, 9.65 ], [ -73.07, 9.633 ], [ -73.078, 9.611 ], [ -73.068, 9.607 ], [ -73.081, 9.586 ], [ -73.086, 9.556 ], [ -73.127, 9.555 ], [ -73.145, 9.542 ], [ -73.158, 9.519 ], [ -73.177, 9.501 ], [ -73.175, 9.478 ], [ -73.197, 9.477 ], [ -73.203, 9.47 ], [ -73.187, 9.448 ], [ -73.202, 9.436 ], [ -73.207, 9.424 ], [ -73.221, 9.424 ], [ -73.241, 9.403 ], [ -73.25, 9.378 ], [ -73.261, 9.371 ], [ -73.259, 9.345 ], [ -73.27, 9.323 ], [ -73.283, 9.323 ], [ -73.296, 9.287 ], [ -73.299, 9.266 ], [ -73.317, 9.248 ], [ -73.322, 9.233 ], [ -73.335, 9.213 ], [ -73.356, 9.216 ], [ -73.369, 9.173 ], [ -73.368, 9.168 ], [ -73.369, 9.167 ], [ -73.382, 9.153 ], [ -73.397, 9.159 ], [ -73.412, 9.154 ], [ -73.415, 9.132 ], [ -73.425, 9.122 ], [ -73.429, 9.102 ], [ -73.416, 9.084 ], [ -73.416, 9.058 ], [ -73.412, 9.053 ], [ -73.422, 9.029 ], [ -73.423, 9.012 ], [ -73.436, 9.0 ], [ -73.44, 8.974 ], [ -73.435, 8.959 ], [ -73.43, 8.919 ], [ -73.436, 8.909 ], [ -73.426, 8.9 ], [ -73.435, 8.871 ], [ -73.447, 8.871 ], [ -73.448, 8.862 ], [ -73.43, 8.833 ], [ -73.429, 8.824 ], [ -73.421, 8.793 ], [ -73.412, 8.781 ], [ -73.416, 8.763 ], [ -73.44, 8.761 ], [ -73.463, 8.745 ], [ -73.471, 8.727 ], [ -73.472, 8.708 ], [ -73.497, 8.688 ], [ -73.505, 8.688 ], [ -73.522, 8.658 ], [ -73.522, 8.638 ], [ -73.542, 8.624 ], [ -73.552, 8.607 ], [ -73.542, 8.588 ], [ -73.547, 8.582 ], [ -73.547, 8.564 ], [ -73.518, 8.538 ], [ -73.517, 8.526 ], [ -73.532, 8.528 ], [ -73.554, 8.508 ], [ -73.577, 8.506 ], [ -73.561, 8.491 ], [ -73.559, 8.479 ], [ -73.548, 8.471 ], [ -73.523, 8.483 ], [ -73.494, 8.478 ], [ -73.478, 8.47 ], [ -73.475, 8.446 ], [ -73.488, 8.436 ], [ -73.493, 8.422 ], [ -73.499, 8.41 ], [ -73.525, 8.383 ], [ -73.488, 8.384 ], [ -73.471, 8.367 ], [ -73.457, 8.361 ], [ -73.456, 8.345 ], [ -73.443, 8.342 ], [ -73.436, 8.363 ], [ -73.41, 8.369 ], [ -73.394, 8.378 ], [ -73.404, 8.406 ], [ -73.399, 8.418 ], [ -73.411, 8.43 ], [ -73.414, 8.459 ], [ -73.369, 8.459 ], [ -73.342, 8.434 ], [ -73.339, 8.419 ], [ -73.35, 8.406 ], [ -73.348, 8.392 ], [ -73.353, 8.364 ], [ -73.351, 8.331 ], [ -73.36, 8.328 ], [ -73.37, 8.318 ], [ -73.378, 8.303 ], [ -73.371, 8.28 ], [ -73.374, 8.266 ], [ -73.392, 8.268 ], [ -73.407, 8.255 ], [ -73.418, 8.265 ], [ -73.441, 8.257 ], [ -73.431, 8.248 ], [ -73.429, 8.233 ], [ -73.436, 8.204 ], [ -73.448, 8.194 ], [ -73.434, 8.181 ], [ -73.428, 8.164 ], [ -73.436, 8.146 ], [ -73.428, 8.136 ], [ -73.432, 8.128 ], [ -73.416, 8.115 ], [ -73.406, 8.113 ], [ -73.397, 8.122 ], [ -73.396, 8.107 ], [ -73.393, 8.113 ], [ -73.378, 8.106 ], [ -73.369, 8.069 ], [ -73.375, 8.052 ], [ -73.366, 8.022 ], [ -73.367, 8.012 ], [ -73.342, 8.016 ], [ -73.334, 8.021 ], [ -73.323, 8.014 ], [ -73.31, 8.016 ], [ -73.301, 8.002 ], [ -73.298, 7.985 ], [ -73.282, 7.993 ], [ -73.275, 7.957 ], [ -73.279, 7.936 ], [ -73.303, 7.922 ], [ -73.304, 7.906 ], [ -73.316, 7.908 ], [ -73.347, 7.9 ], [ -73.352, 7.892 ], [ -73.35, 7.873 ], [ -73.356, 7.861 ], [ -73.349, 7.854 ], [ -73.349, 7.829 ], [ -73.348, 7.811 ], [ -73.354, 7.79 ], [ -73.375, 7.774 ], [ -73.406, 7.731 ], [ -73.408, 7.719 ], [ -73.44, 7.696 ], [ -73.463, 7.692 ], [ -73.467, 7.685 ], [ -73.49, 7.674 ], [ -73.519, 7.695 ], [ -73.522, 7.707 ], [ -73.53, 7.704 ], [ -73.552, 7.712 ], [ -73.561, 7.727 ], [ -73.581, 7.738 ], [ -73.614, 7.742 ], [ -73.633, 7.749 ], [ -73.753, 7.751 ] ] ] } },
{ "type": "Feature", "properties": { "DPTO_CCDGO": "23", "DPTO_CNMBR": "CÓRDOBA", "area_km2": 25082.730134877471 }, "geometry": { "type": "Polygon", "coordinates": [ [ [ -75.681, 7.585 ], [ -75.712, 7.581 ], [ -75.743, 7.612 ], [ -75.752, 7.611 ], [ -75.766, 7.599 ], [ -75.761, 7.578 ], [ -75.774, 7.565 ], [ -75.776, 7.545 ], [ -75.767, 7.529 ], [ -75.787, 7.512 ], [ -75.775, 7.502 ], [ -75.788, 7.473 ], [ -75.788, 7.46 ], [ -75.802, 7.446 ], [ -75.825, 7.443 ], [ -75.827, 7.425 ], [ -75.818, 7.417 ], [ -75.83, 7.408 ], [ -75.836, 7.389 ], [ -75.834, 7.371 ], [ -75.845, 7.347 ], [ -75.966, 7.357 ], [ -76.055, 7.365 ], [ -76.381, 7.392 ], [ -76.403, 7.413 ], [ -76.413, 7.415 ], [ -76.424, 7.433 ], [ -76.427, 7.45 ], [ -76.438, 7.457 ], [ -76.445, 7.48 ], [ -76.455, 7.483 ], [ -76.452, 7.501 ], [ -76.462, 7.517 ], [ -76.474, 7.522 ], [ -76.48, 7.537 ], [ -76.494, 7.542 ], [ -76.502, 7.556 ], [ -76.515, 7.587 ], [ -76.508, 7.602 ], [ -76.512, 7.61 ], [ -76.492, 7.64 ], [ -76.496, 7.653 ], [ -76.486, 7.689 ], [ -76.491, 7.72 ], [ -76.497, 7.75 ], [ -76.483, 7.758 ], [ -76.48, 7.777 ], [ -76.484, 7.803 ], [ -76.481, 7.821 ], [ -76.465, 7.849 ], [ -76.464, 7.87 ], [ -76.45, 7.879 ], [ -76.445, 7.894 ], [ -76.433, 7.909 ], [ -76.421, 7.912 ], [ -76.419, 7.927 ], [ -76.423, 7.95 ], [ -76.415, 7.955 ], [ -76.417, 7.982 ], [ -76.412, 8.007 ], [ -76.427, 8.019 ], [ -76.43, 8.056 ], [ -76.425, 8.073 ], [ -76.409, 8.074 ], [ -76.408, 8.1 ], [ -76.402, 8.102 ], [ -76.375, 8.112 ], [ -76.371, 8.15 ], [ -76.357, 8.146 ], [ -76.349, 8.155 ], [ -76.335, 8.148 ], [ -76.333, 8.156 ], [ -76.35, 8.172 ], [ -76.351, 8.203 ], [ -76.343, 8.211 ], [ -76.328, 8.242 ], [ -76.325, 8.262 ], [ -76.303, 8.285 ], [ -76.303, 8.311 ], [ -76.295, 8.315 ], [ -76.268, 8.351 ], [ -76.237, 8.37 ], [ -76.227, 8.381 ], [ -76.184, 8.393 ], [ -76.181, 8.4 ], [ -76.197, 8.423 ], [ -76.212, 8.43 ], [ -76.219, 8.444 ], [ -76.21, 8.475 ], [ -76.21, 8.523 ], [ -76.236, 8.553 ], [ -76.224, 8.562 ], [ -76.224, 8.574 ], [ -76.244, 8.572 ], [ -76.265, 8.584 ], [ -76.255, 8.594 ], [ -76.251, 8.611 ], [ -76.269, 8.622 ], [ -76.266, 8.639 ], [ -76.281, 8.649 ], [ -76.318, 8.656 ], [ -76.345, 8.64 ], [ -76.356, 8.693 ], [ -76.364, 8.709 ], [ -76.368, 8.721 ], [ -76.4, 8.746 ], [ -76.42, 8.755 ], [ -76.4, 8.78 ], [ -76.381, 8.794 ], [ -76.414, 8.874 ], [ -76.416, 8.888 ], [ -76.365, 8.907 ], [ -76.339, 8.919 ], [ -76.325, 8.937 ], [ -76.323, 8.957 ], [ -76.302, 8.968 ], [ -76.265, 8.997 ], [ -76.263, 9.035 ], [ -76.251, 9.058 ], [ -76.215, 9.087 ], [ -76.193, 9.111 ], [ -76.187, 9.119 ], [ -76.175, 9.173 ], [ -76.181, 9.181 ], [ -76.175, 9.191 ], [ -76.176, 9.207 ], [ -76.17, 9.214 ], [ -76.17, 9.23 ], [ -76.135, 9.245 ], [ -76.109, 9.265 ], [ -76.102, 9.276 ], [ -76.104, 9.292 ], [ -76.112, 9.296 ], [ -76.1, 9.313 ], [ -76.082, 9.337 ], [ -76.017, 9.355 ], [ -75.978, 9.376 ], [ -75.962, 9.392 ], [ -75.957, 9.406 ], [ -75.968, 9.419 ], [ -75.948, 9.442 ], [ -75.923, 9.448 ], [ -75.914, 9.435 ], [ -75.886, 9.424 ], [ -75.862, 9.425 ], [ -75.8, 9.433 ], [ -75.791, 9.418 ], [ -75.798, 9.411 ], [ -75.814, 9.418 ], [ -75.827, 9.415 ], [ -75.838, 9.399 ], [ -75.822, 9.4 ], [ -75.784, 9.393 ], [ -75.762, 9.405 ], [ -75.746, 9.421 ], [ -75.729, 9.42 ], [ -75.724, 9.415 ], [ -75.7, 9.412 ], [ -75.704, 9.372 ], [ -75.689, 9.363 ], [ -75.688, 9.356 ], [ -75.672, 9.343 ], [ -75.661, 9.358 ], [ -75.649, 9.362 ], [ -75.641, 9.349 ], [ -75.628, 9.352 ], [ -75.614, 9.331 ], [ -75.6, 9.325 ], [ -75.588, 9.303 ], [ -75.603, 9.299 ], [ -75.609, 9.281 ], [ -75.589, 9.278 ], [ -75.584, 9.273 ], [ -75.569, 9.28 ], [ -75.548, 9.26 ], [ -75.512, 9.258 ], [ -75.508, 9.273 ], [ -75.497, 9.285 ], [ -75.494, 9.273 ], [ -75.496, 9.262 ], [ -75.478, 9.247 ], [ -75.458, 9.238 ], [ -75.466, 9.213 ], [ -75.464, 9.196 ], [ -75.454, 9.179 ], [ -75.466, 9.158 ], [ -75.458, 9.155 ], [ -75.449, 9.14 ], [ -75.435, 9.14 ], [ -75.422, 9.151 ], [ -75.411, 9.145 ], [ -75.391, 9.161 ], [ -75.379, 9.148 ], [ -75.379, 9.137 ], [ -75.356, 9.137 ], [ -75.346, 9.124 ], [ -75.335, 9.131 ], [ -75.321, 9.116 ], [ -75.31, 9.118 ], [ -75.307, 9.103 ], [ -75.31, 9.089 ], [ -75.294, 9.096 ], [ -75.299, 9.083 ], [ -75.281, 9.073 ], [ -75.271, 9.077 ], [ -75.236, 9.067 ], [ -75.224, 9.073 ], [ -75.207, 9.044 ], [ -75.208, 9.035 ], [ -75.208, 9.007 ], [ -75.188, 8.989 ], [ -75.188, 8.967 ], [ -75.18, 8.967 ], [ -75.156, 8.944 ], [ -75.168, 8.944 ], [ -75.172, 8.928 ], [ -75.188, 8.944 ], [ -75.192, 8.936 ], [ -75.181, 8.93 ], [ -75.186, 8.914 ], [ -75.2, 8.922 ], [ -75.204, 8.915 ], [ -75.212, 8.917 ], [ -75.225, 8.908 ], [ -75.245, 8.882 ], [ -75.258, 8.896 ], [ -75.265, 8.895 ], [ -75.273, 8.914 ], [ -75.293, 8.897 ], [ -75.287, 8.89 ], [ -75.304, 8.857 ], [ -75.332, 8.866 ], [ -75.336, 8.853 ], [ -75.351, 8.85 ], [ -75.348, 8.843 ], [ -75.372, 8.827 ], [ -75.367, 8.81 ], [ -75.369, 8.792 ], [ -75.336, 8.772 ], [ -75.339, 8.766 ], [ -75.324, 8.756 ], [ -75.331, 8.746 ], [ -75.33, 8.726 ], [ -75.341, 8.72 ], [ -75.336, 8.711 ], [ -75.357, 8.67 ], [ -75.346, 8.65 ], [ -75.318, 8.588 ], [ -75.318, 8.574 ], [ -75.33, 8.553 ], [ -75.323, 8.547 ], [ -75.304, 8.518 ], [ -75.314, 8.502 ], [ -75.307, 8.497 ], [ -75.289, 8.5 ], [ -75.267, 8.488 ], [ -75.241, 8.487 ], [ -75.231, 8.471 ], [ -75.216, 8.485 ], [ -75.202, 8.453 ], [ -75.192, 8.443 ], [ -75.209, 8.432 ], [ -75.209, 8.422 ], [ -75.196, 8.421 ], [ -75.196, 8.409 ], [ -75.185, 8.397 ], [ -75.165, 8.416 ], [ -75.157, 8.419 ], [ -75.157, 8.433 ], [ -75.14, 8.434 ], [ -75.13, 8.45 ], [ -75.135, 8.46 ], [ -75.128, 8.468 ], [ -75.085, 8.466 ], [ -75.062, 8.453 ], [ -75.056, 8.466 ], [ -75.041, 8.458 ], [ -75.033, 8.471 ], [ -75.033, 8.499 ], [ -75.024, 8.497 ], [ -75.008, 8.511 ], [ -75.003, 8.523 ], [ -74.994, 8.51 ], [ -74.926, 8.5 ], [ -74.927, 8.453 ], [ -74.901, 8.455 ], [ -74.899, 8.447 ], [ -74.886, 8.432 ], [ -74.874, 8.403 ], [ -74.858, 8.396 ], [ -74.852, 8.385 ], [ -74.84, 8.394 ], [ -74.839, 8.385 ], [ -74.808, 8.387 ], [ -74.804, 8.369 ], [ -74.816, 8.371 ], [ -74.828, 8.36 ], [ -74.812, 8.349 ], [ -74.796, 8.328 ], [ -74.8, 8.32 ], [ -74.789, 8.313 ], [ -74.801, 8.296 ], [ -74.795, 8.282 ], [ -74.781, 8.278 ], [ -74.795, 8.269 ], [ -74.807, 8.275 ], [ -74.806, 8.257 ], [ -74.797, 8.253 ], [ -74.817, 8.225 ], [ -74.826, 8.23 ], [ -74.834, 8.22 ], [ -74.831, 8.2 ], [ -74.861, 8.201 ], [ -74.868, 8.196 ], [ -74.87, 8.166 ], [ -74.894, 8.116 ], [ -74.913, 8.1 ], [ -74.928, 8.075 ], [ -74.956, 8.079 ], [ -74.966, 8.09 ], [ -74.99, 8.075 ], [ -75.013, 8.071 ], [ -75.028, 8.053 ], [ -75.056, 8.048 ], [ -75.081, 8.053 ], [ -75.082, 8.063 ], [ -75.095, 8.07 ], [ -75.107, 8.052 ], [ -75.128, 8.04 ], [ -75.133, 8.054 ], [ -75.168, 8.053 ], [ -75.186, 8.044 ], [ -75.196, 8.056 ], [ -75.208, 8.057 ], [ -75.22, 8.068 ], [ -75.23, 8.053 ], [ -75.247, 8.043 ], [ -75.237, 8.032 ], [ -75.243, 8.009 ], [ -75.252, 8.001 ], [ -75.266, 8.0 ], [ -75.287, 7.974 ], [ -75.292, 7.96 ], [ -75.309, 7.947 ], [ -75.327, 7.944 ], [ -75.337, 7.948 ], [ -75.337, 7.939 ], [ -75.331, 7.925 ], [ -75.344, 7.892 ], [ -75.343, 7.881 ], [ -75.355, 7.869 ], [ -75.391, 7.863 ], [ -75.407, 7.853 ], [ -75.405, 7.842 ], [ -75.416, 7.839 ], [ -75.419, 7.824 ], [ -75.428, 7.818 ], [ -75.459, 7.834 ], [ -75.466, 7.819 ], [ -75.454, 7.803 ], [ -75.461, 7.786 ], [ -75.475, 7.777 ], [ -75.485, 7.736 ], [ -75.503, 7.719 ], [ -75.531, 7.725 ], [ -75.538, 7.715 ], [ -75.534, 7.691 ], [ -75.551, 7.667 ], [ -75.549, 7.645 ], [ -75.558, 7.643 ], [ -75.555, 7.624 ], [ -75.571, 7.625 ], [ -75.592, 7.604 ], [ -75.601, 7.602 ], [ -75.602, 7.59 ], [ -75.619, 7.583 ], [ -75.646, 7.586 ], [ -75.672, 7.597 ], [ -75.681, 7.585 ] ] ] } },
{ "type": "Feature", "properties": { "DPTO_CCDGO": "25", "DPTO_CNMBR": "CUNDINAMARCA", "area_km2": 22343.485117457632 }, "geometry": { "type": "Polygon", "coordinates": [ [ [ -74.484, 4.147 ], [ -74.483, 4.177 ], [ -74.501, 4.188 ], [ -74.508, 4.199 ], [ -74.519, 4.24 ], [ -74.541, 4.252 ], [ -74.549, 4.26 ], [ -74.552, 4.265 ], [ -74.556, 4.267 ], [ -74.569, 4.272 ], [ -74.589, 4.267 ], [ -74.597, 4.258 ], [ -74.62, 4.252 ], [ -74.619, 4.238 ], [ -74.626, 4.223 ], [ -74.657, 4.199 ], [ -74.656, 4.215 ], [ -74.677, 4.207 ], [ -74.702, 4.212 ], [ -74.705, 4.227 ], [ -74.722, 4.231 ], [ -74.731, 4.245 ], [ -74.745, 4.236 ], [ -74.745, 4.248 ], [ -74.752, 4.259 ], [ -74.766, 4.251 ], [ -74.768, 4.264 ], [ -74.781, 4.265 ], [ -74.777, 4.282 ], [ -74.797, 4.288 ], [ -74.813, 4.294 ], [ -74.834, 4.276 ], [ -74.855, 4.269 ], [ -74.879, 4.266 ], [ -74.891, 4.289 ], [ -74.874, 4.305 ], [ -74.883, 4.318 ], [ -74.856, 4.335 ], [ -74.854, 4.366 ], [ -74.839, 4.383 ], [ -74.831, 4.423 ], [ -74.833, 4.443 ], [ -74.822, 4.445 ], [ -74.804, 4.459 ], [ -74.801, 4.484 ], [ -74.795, 4.5 ], [ -74.787, 4.509 ], [ -74.805, 4.536 ], [ -74.801, 4.546 ], [ -74.809, 4.555 ], [ -74.806, 4.573 ], [ -74.815, 4.586 ], [ -74.794, 4.592 ], [ -74.816, 4.611 ], [ -74.802, 4.626 ], [ -74.796, 4.643 ], [ -74.786, 4.653 ], [ -74.807, 4.669 ], [ -74.801, 4.7 ], [ -74.816, 4.714 ], [ -74.815, 4.736 ], [ -74.794, 4.748 ], [ -74.778, 4.751 ], [ -74.769, 4.775 ], [ -74.743, 4.79 ], [ -74.749, 4.83 ], [ -74.769, 4.842 ], [ -74.752, 4.866 ], [ -74.755, 4.886 ], [ -74.737, 4.884 ], [ -74.732, 4.894 ], [ -74.74, 4.902 ], [ -74.734, 4.935 ], [ -74.749, 4.952 ], [ -74.744, 4.966 ], [ -74.728, 4.977 ], [ -74.715, 4.972 ], [ -74.706, 4.983 ], [ -74.731, 4.997 ], [ -74.743, 5.008 ], [ -74.73, 5.036 ], [ -74.726, 5.058 ], [ -74.73, 5.068 ], [ -74.717, 5.092 ], [ -74.72, 5.119 ], [ -74.732, 5.141 ], [ -74.719, 5.164 ], [ -74.715, 5.186 ], [ -74.72, 5.198 ], [ -74.734, 5.203 ], [ -74.73, 5.232 ], [ -74.723, 5.24 ], [ -74.725, 5.264 ], [ -74.734, 5.287 ], [ -74.727, 5.306 ], [ -74.715, 5.315 ], [ -74.71, 5.34 ], [ -74.701, 5.356 ], [ -74.707, 5.369 ], [ -74.689, 5.365 ], [ -74.678, 5.378 ], [ -74.685, 5.399 ], [ -74.667, 5.405 ], [ -74.668, 5.42 ], [ -74.677, 5.437 ], [ -74.667, 5.443 ], [ -74.65, 5.442 ], [ -74.66, 5.449 ], [ -74.674, 5.516 ], [ -74.656, 5.523 ], [ -74.641, 5.539 ], [ -74.641, 5.55 ], [ -74.653, 5.574 ], [ -74.645, 5.605 ], [ -74.645, 5.619 ], [ -74.63, 5.629 ], [ -74.637, 5.651 ], [ -74.628, 5.678 ], [ -74.628, 5.697 ], [ -74.638, 5.709 ], [ -74.649, 5.708 ], [ -74.658, 5.723 ], [ -74.661, 5.752 ], [ -74.644, 5.735 ], [ -74.639, 5.754 ], [ -74.627, 5.762 ], [ -74.62, 5.753 ], [ -74.599, 5.744 ], [ -74.585, 5.759 ], [ -74.579, 5.752 ], [ -74.557, 5.762 ], [ -74.539, 5.785 ], [ -74.517, 5.791 ], [ -74.501, 5.779 ], [ -74.495, 5.785 ], [ -74.486, 5.771 ], [ -74.481, 5.776 ], [ -74.462, 5.774 ], [ -74.462, 5.766 ], [ -74.443, 5.767 ], [ -74.431, 5.758 ], [ -74.419, 5.77 ], [ -74.394, 5.784 ], [ -74.389, 5.781 ], [ -74.372, 5.801 ], [ -74.354, 5.814 ], [ -74.346, 5.831 ], [ -74.335, 5.837 ], [ -74.334, 5.827 ], [ -74.315, 5.815 ], [ -74.318, 5.804 ], [ -74.303, 5.8 ], [ -74.301, 5.792 ], [ -74.313, 5.782 ], [ -74.297, 5.764 ], [ -74.287, 5.745 ], [ -74.302, 5.724 ], [ -74.304, 5.71 ], [ -74.276, 5.693 ], [ -74.285, 5.664 ], [ -74.308, 5.648 ], [ -74.306, 5.638 ], [ -74.315, 5.623 ], [ -74.31, 5.619 ], [ -74.298, 5.575 ], [ -74.273, 5.561 ], [ -74.26, 5.56 ], [ -74.24, 5.539 ], [ -74.256, 5.5 ], [ -74.245, 5.476 ], [ -74.233, 5.48 ], [ -74.215, 5.498 ], [ -74.202, 5.497 ], [ -74.178, 5.46 ], [ -74.175, 5.462 ], [ -74.161, 5.448 ], [ -74.144, 5.448 ], [ -74.123, 5.429 ], [ -74.113, 5.467 ], [ -74.116, 5.474 ], [ -74.097, 5.471 ], [ -74.095, 5.436 ], [ -74.074, 5.408 ], [ -74.056, 5.401 ], [ -74.045, 5.405 ], [ -74.041, 5.393 ], [ -74.022, 5.386 ], [ -74.023, 5.368 ], [ -73.999, 5.367 ], [ -73.987, 5.379 ], [ -73.981, 5.404 ], [ -73.973, 5.419 ], [ -73.947, 5.418 ], [ -73.947, 5.424 ], [ -73.942, 5.434 ], [ -73.925, 5.44 ], [ -73.913, 5.432 ], [ -73.905, 5.446 ], [ -73.902, 5.467 ], [ -73.905, 5.493 ], [ -73.91, 5.5 ], [ -73.911, 5.524 ], [ -73.905, 5.529 ], [ -73.891, 5.513 ], [ -73.869, 5.533 ], [ -73.857, 5.531 ], [ -73.848, 5.546 ], [ -73.822, 5.553 ], [ -73.805, 5.571 ], [ -73.789, 5.553 ], [ -73.792, 5.531 ], [ -73.787, 5.511 ], [ -73.769, 5.487 ], [ -73.747, 5.49 ], [ -73.743, 5.471 ], [ -73.718, 5.476 ], [ -73.72, 5.459 ], [ -73.69, 5.447 ], [ -73.678, 5.46 ], [ -73.675, 5.442 ], [ -73.68, 5.436 ], [ -73.655, 5.426 ], [ -73.65, 5.415 ], [ -73.641, 5.418 ], [ -73.619, 5.405 ], [ -73.593, 5.398 ], [ -73.59, 5.39 ], [ -73.599, 5.378 ], [ -73.596, 5.365 ], [ -73.591, 5.344 ], [ -73.599, 5.319 ], [ -73.577, 5.302 ], [ -73.567, 5.305 ], [ -73.548, 5.3 ], [ -73.532, 5.278 ], [ -73.528, 5.245 ], [ -73.515, 5.233 ], [ -73.523, 5.22 ], [ -73.522, 5.192 ], [ -73.508, 5.185 ], [ -73.512, 5.163 ], [ -73.505, 5.152 ], [ -73.482, 5.154 ], [ -73.477, 5.148 ], [ -73.492, 5.129 ], [ -73.495, 5.106 ], [ -73.482, 5.083 ], [ -73.48, 5.062 ], [ -73.496, 5.04 ], [ -73.522, 5.029 ], [ -73.516, 5.004 ], [ -73.507, 4.996 ], [ -73.517, 4.99 ], [ -73.519, 4.979 ], [ -73.533, 4.955 ], [ -73.544, 4.945 ], [ -73.549, 4.925 ], [ -73.542, 4.914 ], [ -73.539, 4.897 ], [ -73.525, 4.892 ], [ -73.521, 4.879 ], [ -73.494, 4.884 ], [ -73.487, 4.891 ], [ -73.47, 4.893 ], [ -73.452, 4.883 ], [ -73.446, 4.89 ], [ -73.425, 4.879 ], [ -73.402, 4.88 ], [ -73.394, 4.867 ], [ -73.392, 4.85 ], [ -73.375, 4.84 ], [ -73.365, 4.825 ], [ -73.372, 4.801 ], [ -73.341, 4.791 ], [ -73.324, 4.78 ], [ -73.314, 4.771 ], [ -73.302, 4.728 ], [ -73.283, 4.722 ], [ -73.269, 4.741 ], [ -73.248, 4.733 ], [ -73.223, 4.733 ], [ -73.22, 4.725 ], [ -73.228, 4.715 ], [ -73.234, 4.694 ], [ -73.221, 4.677 ], [ -73.208, 4.681 ], [ -73.194, 4.672 ], [ -73.16, 4.662 ], [ -73.147, 4.655 ], [ -73.121, 4.671 ], [ -73.103, 4.661 ], [ -73.091, 4.676 ], [ -73.091, 4.689 ], [ -73.072, 4.72 ], [ -73.079, 4.726 ], [ -73.071, 4.74 ], [ -73.062, 4.732 ], [ -73.053, 4.736 ], [ -73.092, 4.475 ], [ -73.125, 4.257 ], [ -73.137, 4.214 ], [ -73.147, 4.228 ], [ -73.178, 4.244 ], [ -73.193, 4.264 ], [ -73.235, 4.287 ], [ -73.261, 4.294 ], [ -73.326, 4.306 ], [ -73.354, 4.321 ], [ -73.415, 4.312 ], [ -73.428, 4.307 ], [ -73.447, 4.288 ], [ -73.472, 4.276 ], [ -73.484, 4.286 ], [ -73.497, 4.284 ], [ -73.521, 4.292 ], [ -73.551, 4.308 ], [ -73.551, 4.333 ], [ -73.556, 4.354 ], [ -73.572, 4.373 ], [ -73.577, 4.396 ], [ -73.572, 4.419 ], [ -73.588, 4.433 ], [ -73.602, 4.462 ], [ -73.596, 4.487 ], [ -73.576, 4.498 ], [ -73.576, 4.517 ], [ -73.568, 4.525 ], [ -73.581, 4.544 ], [ -73.602, 4.549 ], [ -73.622, 4.562 ], [ -73.642, 4.547 ], [ -73.661, 4.547 ], [ -73.669, 4.54 ], [ -73.686, 4.53 ], [ -73.686, 4.519 ], [ -73.714, 4.515 ], [ -73.728, 4.503 ], [ -73.734, 4.471 ], [ -73.745, 4.455 ], [ -73.756, 4.462 ], [ -73.764, 4.45 ], [ -73.783, 4.448 ], [ -73.807, 4.422 ], [ -73.809, 4.396 ], [ -73.793, 4.381 ], [ -73.793, 4.352 ], [ -73.782, 4.322 ], [ -73.784, 4.3 ], [ -73.771, 4.295 ], [ -73.764, 4.281 ], [ -73.744, 4.266 ], [ -73.751, 4.259 ], [ -73.76, 4.236 ], [ -73.754, 4.213 ], [ -73.743, 4.199 ], [ -73.753, 4.193 ], [ -73.788, 4.2 ], [ -73.814, 4.202 ], [ -73.826, 4.168 ], [ -73.838, 4.177 ], [ -73.871, 4.168 ], [ -73.879, 4.155 ], [ -73.897, 4.143 ], [ -73.914, 4.149 ], [ -73.933, 4.149 ], [ -73.945, 4.118 ], [ -73.956, 4.1 ], [ -73.968, 4.091 ], [ -73.983, 4.109 ], [ -74.001, 4.103 ], [ -74.005, 4.11 ], [ -74.016, 4.098 ], [ -74.025, 4.098 ], [ -74.036, 4.082 ], [ -74.033, 4.068 ], [ -74.035, 4.061 ], [ -74.054, 4.062 ], [ -74.071, 4.058 ], [ -74.081, 4.035 ], [ -74.099, 4.013 ], [ -74.124, 4.009 ], [ -74.124, 4.001 ], [ -74.151, 4.005 ], [ -74.125, 4.055 ], [ -74.133, 4.08 ], [ -74.12, 4.098 ], [ -74.132, 4.104 ], [ -74.129, 4.125 ], [ -74.109, 4.133 ], [ -74.115, 4.152 ], [ -74.11, 4.182 ], [ -74.123, 4.181 ], [ -74.124, 4.196 ], [ -74.138, 4.213 ], [ -74.141, 4.232 ], [ -74.152, 4.256 ], [ -74.129, 4.284 ], [ -74.119, 4.311 ], [ -74.098, 4.346 ], [ -74.094, 4.363 ], [ -74.098, 4.38 ], [ -74.114, 4.386 ], [ -74.117, 4.404 ], [ -74.107, 4.447 ], [ -74.092, 4.459 ], [ -74.076, 4.464 ], [ -74.073, 4.513 ], [ -74.048, 4.513 ], [ -74.042, 4.512 ], [ -74.029, 4.559 ], [ -74.005, 4.561 ], [ -74.003, 4.586 ], [ -73.994, 4.601 ], [ -73.995, 4.614 ], [ -73.987, 4.631 ], [ -74.01, 4.626 ], [ -74.009, 4.638 ], [ -74.029, 4.643 ], [ -74.025, 4.663 ], [ -74.007, 4.664 ], [ -74.002, 4.675 ], [ -74.011, 4.683 ], [ -74.014, 4.698 ], [ -74.007, 4.727 ], [ -74.011, 4.758 ], [ -74.019, 4.764 ], [ -74.016, 4.792 ], [ -74.0, 4.806 ], [ -74.01, 4.821 ], [ -74.031, 4.823 ], [ -74.053, 4.833 ], [ -74.067, 4.828 ], [ -74.082, 4.835 ], [ -74.079, 4.821 ], [ -74.087, 4.816 ], [ -74.08, 4.808 ], [ -74.105, 4.798 ], [ -74.115, 4.786 ], [ -74.12, 4.754 ], [ -74.132, 4.74 ], [ -74.126, 4.729 ], [ -74.138, 4.731 ], [ -74.152, 4.723 ], [ -74.157, 4.725 ], [ -74.172, 4.711 ], [ -74.172, 4.696 ], [ -74.168, 4.688 ], [ -74.175, 4.677 ], [ -74.159, 4.662 ], [ -74.186, 4.648 ], [ -74.194, 4.655 ], [ -74.21, 4.636 ], [ -74.223, 4.629 ], [ -74.223, 4.621 ], [ -74.204, 4.601 ], [ -74.184, 4.596 ], [ -74.177, 4.547 ], [ -74.174, 4.54 ], [ -74.188, 4.529 ], [ -74.175, 4.507 ], [ -74.182, 4.504 ], [ -74.178, 4.486 ], [ -74.184, 4.463 ], [ -74.204, 4.418 ], [ -74.214, 4.381 ], [ -74.218, 4.358 ], [ -74.214, 4.307 ], [ -74.217, 4.273 ], [ -74.206, 4.269 ], [ -74.207, 4.241 ], [ -74.217, 4.236 ], [ -74.22, 4.225 ], [ -74.232, 4.217 ], [ -74.238, 4.195 ], [ -74.24, 4.187 ], [ -74.243, 4.16 ], [ -74.246, 4.103 ], [ -74.26, 4.091 ], [ -74.273, 4.099 ], [ -74.304, 4.109 ], [ -74.319, 4.126 ], [ -74.329, 4.131 ], [ -74.33, 4.12 ], [ -74.345, 4.094 ], [ -74.35, 4.075 ], [ -74.351, 4.057 ], [ -74.361, 4.048 ], [ -74.366, 4.035 ], [ -74.362, 4.012 ], [ -74.375, 3.986 ], [ -74.357, 3.971 ], [ -74.355, 3.938 ], [ -74.36, 3.914 ], [ -74.373, 3.879 ], [ -74.387, 3.863 ], [ -74.395, 3.824 ], [ -74.425, 3.785 ], [ -74.432, 3.783 ], [ -74.434, 3.765 ], [ -74.451, 3.75 ], [ -74.44, 3.731 ], [ -74.453, 3.731 ], [ -74.464, 3.742 ], [ -74.458, 3.756 ], [ -74.458, 3.773 ], [ -74.445, 3.801 ], [ -74.45, 3.819 ], [ -74.475, 3.824 ], [ -74.486, 3.817 ], [ -74.507, 3.824 ], [ -74.51, 3.833 ], [ -74.535, 3.843 ], [ -74.539, 3.845 ], [ -74.529, 3.879 ], [ -74.523, 3.917 ], [ -74.515, 3.927 ], [ -74.513, 3.953 ], [ -74.527, 3.963 ], [ -74.532, 3.975 ], [ -74.534, 3.993 ], [ -74.524, 4.022 ], [ -74.531, 4.034 ], [ -74.526, 4.052 ], [ -74.509, 4.078 ], [ -74.486, 4.096 ], [ -74.476, 4.12 ], [ -74.476, 4.134 ], [ -74.484, 4.147 ] ] ] } },
{ "type": "Feature", "properties": { "DPTO_CCDGO": "27", "DPTO_CNMBR": "CHOCÓ", "area_km2": 48384.798218374468 }, "geometry": { "type": "Polygon", "coordinates": [ [ [ -76.53, 4.325 ], [ -76.525, 4.311 ], [ -76.527, 4.289 ], [ -76.509, 4.268 ], [ -76.506, 4.252 ], [ -76.487, 4.236 ], [ -76.455, 4.229 ], [ -76.447, 4.205 ], [ -76.445, 4.176 ], [ -76.448, 4.162 ], [ -76.473, 4.104 ], [ -76.49, 4.081 ], [ -76.499, 4.064 ], [ -76.524, 4.067 ], [ -76.542, 4.044 ], [ -76.542, 4.012 ], [ -76.558, 4.009 ], [ -76.559, 3.991 ], [ -76.572, 3.986 ], [ -76.591, 3.97 ], [ -76.589, 3.993 ], [ -76.625, 4.015 ], [ -76.65, 3.997 ], [ -76.662, 3.977 ], [ -76.682, 3.965 ], [ -76.7, 3.978 ], [ -76.736, 3.982 ], [ -76.759, 3.993 ], [ -76.769, 3.989 ], [ -76.794, 4.011 ], [ -76.809, 4.005 ], [ -76.82, 4.011 ], [ -76.823, 4.033 ], [ -76.851, 4.037 ], [ -76.859, 4.03 ], [ -76.883, 4.055 ], [ -76.892, 4.074 ], [ -76.902, 4.082 ], [ -76.912, 4.081 ], [ -76.915, 4.098 ], [ -76.942, 4.108 ], [ -76.957, 4.121 ], [ -76.984, 4.115 ], [ -76.994, 4.12 ], [ -77.009, 4.096 ], [ -77.019, 4.101 ], [ -77.029, 4.093 ], [ -77.052, 4.095 ], [ -77.06, 4.102 ], [ -77.068, 4.096 ], [ -77.083, 4.111 ], [ -77.087, 4.123 ], [ -77.104, 4.108 ], [ -77.12, 4.117 ], [ -77.116, 4.133 ], [ -77.129, 4.145 ], [ -77.131, 4.156 ], [ -77.143, 4.161 ], [ -77.158, 4.183 ], [ -77.167, 4.184 ], [ -77.189, 4.173 ], [ -77.205, 4.173 ], [ -77.215, 4.156 ], [ -77.222, 4.156 ], [ -77.248, 4.184 ], [ -77.251, 4.233 ], [ -77.263, 4.234 ], [ -77.28, 4.221 ], [ -77.287, 4.206 ], [ -77.285, 4.19 ], [ -77.29, 4.179 ], [ -77.307, 4.166 ], [ -77.319, 4.173 ], [ -77.33, 4.189 ], [ -77.353, 4.197 ], [ -77.375, 4.18 ], [ -77.389, 4.162 ], [ -77.392, 4.148 ], [ -77.421, 4.143 ], [ -77.436, 4.146 ], [ -77.442, 4.137 ], [ -77.441, 4.121 ], [ -77.429, 4.101 ], [ -77.429, 4.091 ], [ -77.45, 4.039 ], [ -77.485, 4.094 ], [ -77.508, 4.106 ], [ -77.525, 4.126 ], [ -77.524, 4.165 ], [ -77.526, 4.188 ], [ -77.531, 4.201 ], [ -77.526, 4.234 ], [ -77.525, 4.258 ], [ -77.515, 4.279 ], [ -77.499, 4.293 ], [ -77.483, 4.293 ], [ -77.49, 4.271 ], [ -77.5, 4.264 ], [ -77.493, 4.258 ], [ -77.467, 4.268 ], [ -77.45, 4.283 ], [ -77.431, 4.283 ], [ -77.414, 4.293 ], [ -77.418, 4.302 ], [ -77.444, 4.311 ], [ -77.427, 4.318 ], [ -77.405, 4.353 ], [ -77.393, 4.364 ], [ -77.376, 4.389 ], [ -77.373, 4.386 ], [ -77.387, 4.369 ], [ -77.367, 4.37 ], [ -77.37, 4.384 ], [ -77.366, 4.401 ], [ -77.349, 4.417 ], [ -77.344, 4.432 ], [ -77.35, 4.439 ], [ -77.339, 4.514 ], [ -77.323, 4.522 ], [ -77.325, 4.533 ], [ -77.336, 4.536 ], [ -77.332, 4.56 ], [ -77.326, 4.57 ], [ -77.325, 4.664 ], [ -77.321, 4.689 ], [ -77.326, 4.702 ], [ -77.329, 4.734 ], [ -77.322, 4.748 ], [ -77.304, 4.74 ], [ -77.3, 4.747 ], [ -77.32, 4.781 ], [ -77.348, 4.771 ], [ -77.346, 4.784 ], [ -77.33, 4.797 ], [ -77.349, 4.811 ], [ -77.361, 4.873 ], [ -77.353, 4.88 ], [ -77.363, 4.892 ], [ -77.36, 4.904 ], [ -77.365, 4.925 ], [ -77.376, 4.948 ], [ -77.367, 4.946 ], [ -77.375, 4.958 ], [ -77.383, 5.107 ], [ -77.386, 5.147 ], [ -77.397, 5.169 ], [ -77.392, 5.203 ], [ -77.392, 5.264 ], [ -77.388, 5.288 ], [ -77.393, 5.319 ], [ -77.403, 5.325 ], [ -77.398, 5.349 ], [ -77.405, 5.362 ], [ -77.413, 5.403 ], [ -77.395, 5.402 ], [ -77.397, 5.42 ], [ -77.39, 5.444 ], [ -77.404, 5.443 ], [ -77.407, 5.454 ], [ -77.43, 5.44 ], [ -77.426, 5.46 ], [ -77.438, 5.478 ], [ -77.454, 5.489 ], [ -77.473, 5.49 ], [ -77.492, 5.469 ], [ -77.51, 5.483 ], [ -77.539, 5.481 ], [ -77.539, 5.488 ], [ -77.523, 5.505 ], [ -77.507, 5.529 ], [ -77.508, 5.568 ], [ -77.504, 5.585 ], [ -77.489, 5.608 ], [ -77.469, 5.595 ], [ -77.443, 5.605 ], [ -77.429, 5.622 ], [ -77.404, 5.63 ], [ -77.389, 5.63 ], [ -77.377, 5.611 ], [ -77.357, 5.61 ], [ -77.338, 5.62 ], [ -77.33, 5.632 ], [ -77.326, 5.652 ], [ -77.3, 5.669 ], [ -77.264, 5.716 ], [ -77.255, 5.747 ], [ -77.258, 5.78 ], [ -77.252, 5.783 ], [ -77.248, 5.767 ], [ -77.242, 5.78 ], [ -77.247, 5.801 ], [ -77.253, 5.789 ], [ -77.266, 5.816 ], [ -77.275, 5.827 ], [ -77.277, 5.847 ], [ -77.289, 5.842 ], [ -77.295, 5.857 ], [ -77.294, 5.873 ], [ -77.302, 5.876 ], [ -77.312, 5.91 ], [ -77.307, 5.919 ], [ -77.317, 5.937 ], [ -77.329, 5.97 ], [ -77.334, 5.99 ], [ -77.333, 5.995 ], [ -77.349, 6.015 ], [ -77.348, 6.038 ], [ -77.362, 6.049 ], [ -77.355, 6.029 ], [ -77.354, 5.998 ], [ -77.36, 6.002 ], [ -77.371, 6.026 ], [ -77.373, 6.044 ], [ -77.393, 6.067 ], [ -77.433, 6.105 ], [ -77.447, 6.129 ], [ -77.458, 6.138 ], [ -77.47, 6.161 ], [ -77.476, 6.184 ], [ -77.483, 6.193 ], [ -77.468, 6.247 ], [ -77.469, 6.29 ], [ -77.457, 6.272 ], [ -77.437, 6.272 ], [ -77.409, 6.227 ], [ -77.399, 6.229 ], [ -77.395, 6.246 ], [ -77.401, 6.25 ], [ -77.381, 6.277 ], [ -77.385, 6.286 ], [ -77.38, 6.306 ], [ -77.379, 6.334 ], [ -77.37, 6.355 ], [ -77.38, 6.368 ], [ -77.392, 6.365 ], [ -77.395, 6.374 ], [ -77.411, 6.381 ], [ -77.404, 6.393 ], [ -77.389, 6.387 ], [ -77.378, 6.396 ], [ -77.372, 6.387 ], [ -77.356, 6.399 ], [ -77.373, 6.43 ], [ -77.364, 6.431 ], [ -77.361, 6.457 ], [ -77.353, 6.457 ], [ -77.352, 6.471 ], [ -77.359, 6.488 ], [ -77.339, 6.505 ], [ -77.338, 6.52 ], [ -77.325, 6.549 ], [ -77.331, 6.564 ], [ -77.345, 6.58 ], [ -77.369, 6.582 ], [ -77.37, 6.598 ], [ -77.381, 6.611 ], [ -77.4, 6.621 ], [ -77.398, 6.636 ], [ -77.406, 6.643 ], [ -77.395, 6.657 ], [ -77.405, 6.666 ], [ -77.399, 6.673 ], [ -77.404, 6.685 ], [ -77.418, 6.692 ], [ -77.427, 6.684 ], [ -77.428, 6.695 ], [ -77.449, 6.706 ], [ -77.483, 6.698 ], [ -77.506, 6.684 ], [ -77.511, 6.666 ], [ -77.504, 6.651 ], [ -77.518, 6.661 ], [ -77.534, 6.66 ], [ -77.538, 6.686 ], [ -77.533, 6.699 ], [ -77.547, 6.725 ], [ -77.553, 6.751 ], [ -77.564, 6.764 ], [ -77.567, 6.791 ], [ -77.586, 6.818 ], [ -77.63, 6.851 ], [ -77.65, 6.859 ], [ -77.655, 6.854 ], [ -77.665, 6.875 ], [ -77.685, 6.871 ], [ -77.684, 6.862 ], [ -77.695, 6.835 ], [ -77.703, 6.866 ], [ -77.711, 6.879 ], [ -77.707, 6.905 ], [ -77.695, 6.921 ], [ -77.698, 6.939 ], [ -77.664, 6.952 ], [ -77.656, 6.968 ], [ -77.66, 6.994 ], [ -77.68, 7.025 ], [ -77.714, 7.06 ], [ -77.752, 7.092 ], [ -77.775, 7.116 ], [ -77.781, 7.132 ], [ -77.795, 7.148 ], [ -77.821, 7.148 ], [ -77.841, 7.183 ], [ -77.852, 7.183 ], [ -77.853, 7.192 ], [ -77.883, 7.219 ], [ -77.792, 7.461 ], [ -77.786, 7.464 ], [ -77.763, 7.458 ], [ -77.751, 7.468 ], [ -77.74, 7.466 ], [ -77.711, 7.499 ], [ -77.701, 7.506 ], [ -77.725, 7.564 ], [ -77.732, 7.568 ], [ -77.738, 7.587 ], [ -77.736, 7.602 ], [ -77.749, 7.613 ], [ -77.741, 7.628 ], [ -77.747, 7.647 ], [ -77.743, 7.678 ], [ -77.728, 7.687 ], [ -77.729, 7.696 ], [ -77.697, 7.693 ], [ -77.675, 7.678 ], [ -77.672, 7.669 ], [ -77.656, 7.661 ], [ -77.644, 7.649 ], [ -77.645, 7.635 ], [ -77.624, 7.579 ], [ -77.61, 7.56 ], [ -77.606, 7.54 ], [ -77.594, 7.536 ], [ -77.584, 7.514 ], [ -77.562, 7.508 ], [ -77.534, 7.543 ], [ -77.519, 7.575 ], [ -77.493, 7.567 ], [ -77.493, 7.583 ], [ -77.479, 7.616 ], [ -77.469, 7.626 ], [ -77.467, 7.655 ], [ -77.443, 7.657 ], [ -77.435, 7.687 ], [ -77.419, 7.699 ], [ -77.419, 7.717 ], [ -77.399, 7.724 ], [ -77.391, 7.76 ], [ -77.375, 7.761 ], [ -77.379, 7.769 ], [ -77.345, 7.762 ], [ -77.337, 7.78 ], [ -77.356, 7.807 ], [ -77.366, 7.828 ], [ -77.348, 7.841 ], [ -77.337, 7.859 ], [ -77.34, 7.868 ], [ -77.323, 7.886 ], [ -77.325, 7.896 ], [ -77.29, 7.908 ], [ -77.276, 7.908 ], [ -77.257, 7.92 ], [ -77.238, 7.921 ], [ -77.215, 7.917 ], [ -77.208, 7.922 ], [ -77.18, 7.917 ], [ -77.159, 7.932 ], [ -77.171, 7.937 ], [ -77.179, 7.957 ], [ -77.165, 7.969 ], [ -77.17, 7.978 ], [ -77.192, 7.989 ], [ -77.212, 8.008 ], [ -77.23, 8.054 ], [ -77.226, 8.071 ], [ -77.22, 8.073 ], [ -77.217, 8.088 ], [ -77.232, 8.114 ], [ -77.235, 8.128 ], [ -77.227, 8.133 ], [ -77.232, 8.142 ], [ -77.257, 8.158 ], [ -77.249, 8.162 ], [ -77.252, 8.189 ], [ -77.261, 8.194 ], [ -77.262, 8.212 ], [ -77.281, 8.217 ], [ -77.28, 8.227 ], [ -77.29, 8.244 ], [ -77.286, 8.257 ], [ -77.3, 8.269 ], [ -77.298, 8.277 ], [ -77.306, 8.283 ], [ -77.312, 8.271 ], [ -77.334, 8.274 ], [ -77.332, 8.281 ], [ -77.35, 8.296 ], [ -77.355, 8.315 ], [ -77.346, 8.351 ], [ -77.362, 8.377 ], [ -77.355, 8.389 ], [ -77.359, 8.401 ], [ -77.375, 8.414 ], [ -77.386, 8.441 ], [ -77.404, 8.466 ], [ -77.404, 8.477 ], [ -77.417, 8.478 ], [ -77.438, 8.471 ], [ -77.447, 8.473 ], [ -77.45, 8.501 ], [ -77.456, 8.509 ], [ -77.445, 8.514 ], [ -77.438, 8.538 ], [ -77.437, 8.563 ], [ -77.428, 8.558 ], [ -77.41, 8.566 ], [ -77.419, 8.585 ], [ -77.415, 8.589 ], [ -77.393, 8.584 ], [ -77.393, 8.595 ], [ -77.404, 8.608 ], [ -77.4, 8.617 ], [ -77.409, 8.644 ], [ -77.392, 8.651 ], [ -77.372, 8.637 ], [ -77.365, 8.641 ], [ -77.37, 8.661 ], [ -77.359, 8.675 ], [ -77.365, 8.656 ], [ -77.355, 8.658 ], [ -77.345, 8.646 ], [ -77.342, 8.624 ], [ -77.331, 8.621 ], [ -77.32, 8.601 ], [ -77.309, 8.593 ], [ -77.294, 8.573 ], [ -77.288, 8.575 ], [ -77.277, 8.554 ], [ -77.278, 8.539 ], [ -77.269, 8.526 ], [ -77.276, 8.508 ], [ -77.254, 8.492 ], [ -77.248, 8.471 ], [ -77.19, 8.438 ], [ -77.166, 8.434 ], [ -77.156, 8.42 ], [ -77.131, 8.412 ], [ -77.128, 8.397 ], [ -77.113, 8.383 ], [ -77.118, 8.372 ], [ -77.095, 8.347 ], [ -77.078, 8.318 ], [ -77.075, 8.304 ], [ -77.044, 8.272 ], [ -77.036, 8.253 ], [ -77.019, 8.251 ], [ -76.98, 8.255 ], [ -76.978, 8.228 ], [ -76.967, 8.192 ], [ -76.949, 8.172 ], [ -76.955, 8.12 ], [ -76.951, 8.099 ], [ -76.944, 8.094 ], [ -76.938, 8.068 ], [ -76.947, 8.05 ], [ -76.96, 8.037 ], [ -76.987, 8.031 ], [ -76.997, 8.019 ], [ -77.003, 7.998 ], [ -77.006, 7.973 ], [ -77.0, 7.958 ], [ -77.022, 7.947 ], [ -77.013, 7.938 ], [ -77.031, 7.88 ], [ -77.058, 7.852 ], [ -77.075, 7.847 ], [ -77.095, 7.825 ], [ -77.117, 7.831 ], [ -77.128, 7.826 ], [ -77.121, 7.787 ], [ -77.113, 7.782 ], [ -77.039, 7.705 ], [ -77.003, 7.672 ], [ -76.962, 7.642 ], [ -76.943, 7.589 ], [ -76.936, 7.584 ], [ -76.899, 7.582 ], [ -76.825, 7.582 ], [ -76.801, 7.572 ], [ -76.683, 7.468 ], [ -76.661, 7.448 ], [ -76.618, 7.315 ], [ -76.595, 7.303 ], [ -76.579, 7.305 ], [ -76.564, 7.275 ], [ -76.547, 7.259 ], [ -76.53, 7.255 ], [ -76.513, 7.204 ], [ -76.504, 7.194 ], [ -76.508, 7.185 ], [ -76.5, 7.168 ], [ -76.496, 7.147 ], [ -76.485, 7.135 ], [ -76.509, 7.135 ], [ -76.515, 7.11 ], [ -76.524, 7.107 ], [ -76.531, 7.093 ], [ -76.53, 7.08 ], [ -76.538, 7.066 ], [ -76.531, 7.06 ], [ -76.535, 7.039 ], [ -76.549, 7.016 ], [ -76.547, 7.003 ], [ -76.57, 6.98 ], [ -76.584, 6.983 ], [ -76.592, 7.01 ], [ -76.603, 7.001 ], [ -76.616, 7.016 ], [ -76.645, 7.008 ], [ -76.676, 7.03 ], [ -76.684, 7.021 ], [ -76.707, 7.025 ], [ -76.825, 7.005 ], [ -76.843, 6.988 ], [ -76.832, 6.989 ], [ -76.83, 6.972 ], [ -76.819, 6.973 ], [ -76.828, 6.959 ], [ -76.811, 6.962 ], [ -76.8, 6.948 ], [ -76.795, 6.896 ], [ -76.786, 6.878 ], [ -76.793, 6.865 ], [ -76.832, 6.855 ], [ -76.819, 6.846 ], [ -76.821, 6.835 ], [ -76.831, 6.839 ], [ -76.835, 6.829 ], [ -76.85, 6.835 ], [ -76.855, 6.846 ], [ -76.884, 6.848 ], [ -76.9, 6.829 ], [ -76.914, 6.847 ], [ -76.92, 6.843 ], [ -76.932, 6.813 ], [ -76.961, 6.816 ], [ -76.97, 6.813 ], [ -76.972, 6.798 ], [ -76.958, 6.791 ], [ -76.965, 6.78 ], [ -76.962, 6.764 ], [ -76.967, 6.744 ], [ -76.955, 6.723 ], [ -76.936, 6.719 ], [ -76.934, 6.71 ], [ -76.948, 6.696 ], [ -76.964, 6.687 ], [ -76.955, 6.675 ], [ -76.941, 6.686 ], [ -76.937, 6.655 ], [ -76.924, 6.647 ], [ -76.909, 6.671 ], [ -76.895, 6.663 ], [ -76.91, 6.644 ], [ -76.907, 6.627 ], [ -76.876, 6.63 ], [ -76.861, 6.625 ], [ -76.863, 6.609 ], [ -76.884, 6.609 ], [ -76.898, 6.589 ], [ -76.898, 6.579 ], [ -76.887, 6.561 ], [ -76.865, 6.572 ], [ -76.852, 6.561 ], [ -76.845, 6.53 ], [ -76.839, 6.52 ], [ -76.819, 6.524 ], [ -76.823, 6.505 ], [ -76.82, 6.487 ], [ -76.8, 6.508 ], [ -76.792, 6.496 ], [ -76.777, 6.489 ], [ -76.767, 6.47 ], [ -76.793, 6.451 ], [ -76.796, 6.438 ], [ -76.784, 6.433 ], [ -76.772, 6.44 ], [ -76.762, 6.432 ], [ -76.772, 6.421 ], [ -76.794, 6.423 ], [ -76.792, 6.409 ], [ -76.77, 6.397 ], [ -76.768, 6.381 ], [ -76.785, 6.382 ], [ -76.787, 6.375 ], [ -76.774, 6.37 ], [ -76.774, 6.359 ], [ -76.788, 6.351 ], [ -76.791, 6.342 ], [ -76.779, 6.326 ], [ -76.79, 6.319 ], [ -76.777, 6.286 ], [ -76.754, 6.285 ], [ -76.75, 6.274 ], [ -76.76, 6.26 ], [ -76.756, 6.251 ], [ -76.732, 6.237 ], [ -76.723, 6.237 ], [ -76.727, 6.227 ], [ -76.718, 6.215 ], [ -76.721, 6.199 ], [ -76.714, 6.192 ], [ -76.72, 6.178 ], [ -76.716, 6.171 ], [ -76.685, 6.163 ], [ -76.672, 6.174 ], [ -76.645, 6.168 ], [ -76.627, 6.183 ], [ -76.601, 6.193 ], [ -76.585, 6.193 ], [ -76.56, 6.18 ], [ -76.518, 6.179 ], [ -76.49, 6.169 ], [ -76.475, 6.16 ], [ -76.469, 6.177 ], [ -76.445, 6.168 ], [ -76.42, 6.166 ], [ -76.411, 6.17 ], [ -76.405, 6.186 ], [ -76.378, 6.193 ], [ -76.331, 6.197 ], [ -76.326, 6.203 ], [ -76.296, 6.201 ], [ -76.285, 6.193 ], [ -76.261, 6.209 ], [ -76.246, 6.205 ], [ -76.238, 6.208 ], [ -76.224, 6.188 ], [ -76.209, 6.185 ], [ -76.213, 6.167 ], [ -76.203, 6.163 ], [ -76.202, 6.122 ], [ -76.196, 6.105 ], [ -76.197, 6.08 ], [ -76.192, 6.06 ], [ -76.175, 6.044 ], [ -76.173, 6.017 ], [ -76.16, 6.004 ], [ -76.145, 5.998 ], [ -76.132, 6.0 ], [ -76.122, 6.02 ], [ -76.105, 6.018 ], [ -76.097, 6.004 ], [ -76.085, 5.987 ], [ -76.067, 5.978 ], [ -76.068, 5.962 ], [ -76.051, 5.951 ], [ -76.054, 5.932 ], [ -76.061, 5.926 ], [ -76.056, 5.895 ], [ -76.061, 5.886 ], [ -76.074, 5.888 ], [ -76.099, 5.85 ], [ -76.099, 5.831 ], [ -76.081, 5.816 ], [ -76.084, 5.791 ], [ -76.071, 5.781 ], [ -76.081, 5.766 ], [ -76.065, 5.764 ], [ -76.061, 5.758 ], [ -76.071, 5.742 ], [ -76.063, 5.727 ], [ -76.08, 5.708 ], [ -76.087, 5.689 ], [ -76.074, 5.677 ], [ -76.066, 5.667 ], [ -76.036, 5.652 ], [ -76.005, 5.621 ], [ -76.002, 5.6 ], [ -76.011, 5.594 ], [ -76.006, 5.581 ], [ -76.009, 5.568 ], [ -76.025, 5.563 ], [ -76.037, 5.567 ], [ -76.053, 5.553 ], [ -76.072, 5.548 ], [ -76.085, 5.534 ], [ -76.079, 5.525 ], [ -76.076, 5.5 ], [ -76.08, 5.485 ], [ -76.078, 5.472 ], [ -76.088, 5.447 ], [ -76.11, 5.442 ], [ -76.121, 5.42 ], [ -76.144, 5.417 ], [ -76.152, 5.408 ], [ -76.168, 5.411 ], [ -76.178, 5.401 ], [ -76.191, 5.415 ], [ -76.191, 5.397 ], [ -76.204, 5.366 ], [ -76.206, 5.349 ], [ -76.198, 5.329 ], [ -76.201, 5.322 ], [ -76.178, 5.288 ], [ -76.174, 5.26 ], [ -76.163, 5.248 ], [ -76.142, 5.234 ], [ -76.142, 5.205 ], [ -76.132, 5.183 ], [ -76.125, 5.173 ], [ -76.103, 5.163 ], [ -76.096, 5.165 ], [ -76.077, 5.153 ], [ -76.077, 5.146 ], [ -76.06, 5.132 ], [ -76.062, 5.101 ], [ -76.07, 5.095 ], [ -76.069, 5.074 ], [ -76.077, 5.047 ], [ -76.091, 5.043 ], [ -76.097, 5.031 ], [ -76.095, 5.01 ], [ -76.099, 4.998 ], [ -76.09, 4.98 ], [ -76.089, 4.946 ], [ -76.102, 4.915 ], [ -76.13, 4.907 ], [ -76.114, 4.894 ], [ -76.117, 4.882 ], [ -76.131, 4.863 ], [ -76.138, 4.844 ], [ -76.139, 4.841 ], [ -76.192, 4.829 ], [ -76.211, 4.829 ], [ -76.231, 4.802 ], [ -76.248, 4.794 ], [ -76.261, 4.795 ], [ -76.276, 4.771 ], [ -76.312, 4.75 ], [ -76.299, 4.735 ], [ -76.286, 4.712 ], [ -76.297, 4.699 ], [ -76.303, 4.667 ], [ -76.301, 4.654 ], [ -76.32, 4.619 ], [ -76.321, 4.605 ], [ -76.344, 4.582 ], [ -76.345, 4.562 ], [ -76.361, 4.556 ], [ -76.381, 4.56 ], [ -76.385, 4.547 ], [ -76.403, 4.536 ], [ -76.38, 4.515 ], [ -76.365, 4.492 ], [ -76.382, 4.493 ], [ -76.386, 4.481 ], [ -76.402, 4.474 ], [ -76.418, 4.448 ], [ -76.449, 4.44 ], [ -76.481, 4.415 ], [ -76.502, 4.413 ], [ -76.515, 4.403 ], [ -76.545, 4.397 ], [ -76.553, 4.402 ], [ -76.562, 4.37 ], [ -76.548, 4.351 ], [ -76.549, 4.337 ], [ -76.53, 4.325 ] ] ] } },
{ "type": "Feature", "properties": { "DPTO_CCDGO": "41", "DPTO_CNMBR": "HUILA", "area_km2": 18137.119725090972 }, "geometry": { "type": "Polygon", "coordinates": [ [ [ -76.212, 1.641 ], [ -76.225, 1.655 ], [ -76.226, 1.665 ], [ -76.245, 1.682 ], [ -76.253, 1.674 ], [ -76.281, 1.677 ], [ -76.287, 1.685 ], [ -76.302, 1.69 ], [ -76.316, 1.684 ], [ -76.325, 1.664 ], [ -76.348, 1.662 ], [ -76.363, 1.67 ], [ -76.382, 1.668 ], [ -76.376, 1.684 ], [ -76.377, 1.701 ], [ -76.37, 1.733 ], [ -76.372, 1.743 ], [ -76.383, 1.747 ], [ -76.408, 1.73 ], [ -76.414, 1.717 ], [ -76.427, 1.727 ], [ -76.431, 1.741 ], [ -76.421, 1.756 ], [ -76.434, 1.791 ], [ -76.449, 1.798 ], [ -76.467, 1.814 ], [ -76.489, 1.826 ], [ -76.514, 1.834 ], [ -76.53, 1.824 ], [ -76.544, 1.839 ], [ -76.556, 1.838 ], [ -76.569, 1.856 ], [ -76.59, 1.868 ], [ -76.592, 1.881 ], [ -76.579, 1.899 ], [ -76.595, 1.92 ], [ -76.619, 1.927 ], [ -76.61, 1.947 ], [ -76.622, 1.959 ], [ -76.623, 1.975 ], [ -76.611, 1.995 ], [ -76.593, 2.005 ], [ -76.579, 2.003 ], [ -76.573, 2.02 ], [ -76.58, 2.029 ], [ -76.586, 2.035 ], [ -76.577, 2.056 ], [ -76.59, 2.095 ], [ -76.59, 2.108 ], [ -76.554, 2.139 ], [ -76.542, 2.134 ], [ -76.513, 2.135 ], [ -76.504, 2.127 ], [ -76.487, 2.129 ], [ -76.481, 2.111 ], [ -76.464, 2.102 ], [ -76.454, 2.112 ], [ -76.433, 2.12 ], [ -76.425, 2.129 ], [ -76.437, 2.161 ], [ -76.432, 2.172 ], [ -76.434, 2.188 ], [ -76.419, 2.192 ], [ -76.403, 2.204 ], [ -76.397, 2.231 ], [ -76.385, 2.269 ], [ -76.374, 2.279 ], [ -76.36, 2.271 ], [ -76.344, 2.272 ], [ -76.323, 2.281 ], [ -76.303, 2.284 ], [ -76.275, 2.27 ], [ -76.25, 2.243 ], [ -76.239, 2.228 ], [ -76.225, 2.218 ], [ -76.208, 2.198 ], [ -76.197, 2.196 ], [ -76.159, 2.198 ], [ -76.14, 2.21 ], [ -76.136, 2.221 ], [ -76.121, 2.225 ], [ -76.146, 2.294 ], [ -76.126, 2.38 ], [ -76.089, 2.416 ], [ -76.033, 2.402 ], [ -76.021, 2.434 ], [ -76.02, 2.447 ], [ -76.006, 2.458 ], [ -75.989, 2.479 ], [ -75.979, 2.504 ], [ -75.962, 2.498 ], [ -75.958, 2.49 ], [ -75.937, 2.487 ], [ -75.932, 2.478 ], [ -75.917, 2.474 ], [ -75.918, 2.457 ], [ -75.891, 2.431 ], [ -75.873, 2.432 ], [ -75.864, 2.426 ], [ -75.86, 2.442 ], [ -75.841, 2.459 ], [ -75.843, 2.466 ], [ -75.814, 2.484 ], [ -75.822, 2.492 ], [ -75.819, 2.52 ], [ -75.838, 2.541 ], [ -75.838, 2.567 ], [ -75.827, 2.576 ], [ -75.824, 2.592 ], [ -75.81, 2.6 ], [ -75.8, 2.623 ], [ -75.791, 2.631 ], [ -75.789, 2.658 ], [ -75.783, 2.658 ], [ -75.771, 2.677 ], [ -75.761, 2.68 ], [ -75.748, 2.72 ], [ -75.751, 2.742 ], [ -75.764, 2.752 ], [ -75.777, 2.754 ], [ -75.784, 2.763 ], [ -75.805, 2.767 ], [ -75.81, 2.787 ], [ -75.805, 2.808 ], [ -75.825, 2.838 ], [ -75.846, 2.843 ], [ -75.879, 2.834 ], [ -75.896, 2.856 ], [ -76.029, 2.94 ], [ -75.991, 2.982 ], [ -75.975, 2.948 ], [ -75.959, 2.937 ], [ -75.955, 2.919 ], [ -75.927, 2.921 ], [ -75.927, 2.913 ], [ -75.908, 2.909 ], [ -75.898, 2.894 ], [ -75.884, 2.897 ], [ -75.86, 2.873 ], [ -75.832, 2.874 ], [ -75.821, 2.883 ], [ -75.803, 2.885 ], [ -75.787, 2.899 ], [ -75.781, 2.912 ], [ -75.768, 2.915 ], [ -75.763, 2.941 ], [ -75.744, 2.953 ], [ -75.729, 2.954 ], [ -75.699, 2.976 ], [ -75.692, 2.993 ], [ -75.66, 2.987 ], [ -75.647, 2.996 ], [ -75.636, 2.994 ], [ -75.614, 3.024 ], [ -75.6, 3.048 ], [ -75.618, 3.062 ], [ -75.622, 3.075 ], [ -75.605, 3.103 ], [ -75.602, 3.113 ], [ -75.583, 3.124 ], [ -75.576, 3.145 ], [ -75.585, 3.15 ], [ -75.585, 3.176 ], [ -75.577, 3.189 ], [ -75.572, 3.211 ], [ -75.578, 3.221 ], [ -75.568, 3.242 ], [ -75.55, 3.257 ], [ -75.542, 3.276 ], [ -75.53, 3.286 ], [ -75.522, 3.302 ], [ -75.527, 3.318 ], [ -75.511, 3.329 ], [ -75.496, 3.322 ], [ -75.486, 3.332 ], [ -75.487, 3.346 ], [ -75.479, 3.361 ], [ -75.463, 3.354 ], [ -75.445, 3.357 ], [ -75.44, 3.345 ], [ -75.426, 3.353 ], [ -75.413, 3.372 ], [ -75.396, 3.377 ], [ -75.375, 3.375 ], [ -75.369, 3.404 ], [ -75.327, 3.404 ], [ -75.321, 3.418 ], [ -75.308, 3.404 ], [ -75.268, 3.382 ], [ -75.253, 3.366 ], [ -75.241, 3.404 ], [ -75.227, 3.416 ], [ -75.212, 3.408 ], [ -75.201, 3.41 ], [ -75.2, 3.385 ], [ -75.173, 3.378 ], [ -75.174, 3.409 ], [ -75.149, 3.421 ], [ -75.15, 3.435 ], [ -75.132, 3.43 ], [ -75.121, 3.433 ], [ -75.046, 3.432 ], [ -75.034, 3.428 ], [ -75.042, 3.407 ], [ -75.028, 3.397 ], [ -75.032, 3.386 ], [ -75.057, 3.378 ], [ -75.055, 3.36 ], [ -75.06, 3.352 ], [ -75.055, 3.332 ], [ -75.058, 3.313 ], [ -75.071, 3.295 ], [ -75.035, 3.287 ], [ -75.021, 3.289 ], [ -75.008, 3.28 ], [ -74.996, 3.277 ], [ -74.98, 3.285 ], [ -74.959, 3.277 ], [ -74.934, 3.286 ], [ -74.909, 3.291 ], [ -74.903, 3.293 ], [ -74.875, 3.321 ], [ -74.875, 3.327 ], [ -74.848, 3.343 ], [ -74.846, 3.356 ], [ -74.831, 3.369 ], [ -74.826, 3.389 ], [ -74.815, 3.396 ], [ -74.811, 3.411 ], [ -74.784, 3.426 ], [ -74.765, 3.441 ], [ -74.762, 3.45 ], [ -74.781, 3.479 ], [ -74.783, 3.493 ], [ -74.775, 3.524 ], [ -74.758, 3.532 ], [ -74.752, 3.528 ], [ -74.739, 3.536 ], [ -74.727, 3.562 ], [ -74.739, 3.59 ], [ -74.717, 3.615 ], [ -74.701, 3.616 ], [ -74.698, 3.641 ], [ -74.676, 3.666 ], [ -74.658, 3.682 ], [ -74.647, 3.683 ], [ -74.605, 3.721 ], [ -74.557, 3.768 ], [ -74.547, 3.803 ], [ -74.536, 3.817 ], [ -74.535, 3.843 ], [ -74.51, 3.833 ], [ -74.507, 3.824 ], [ -74.486, 3.817 ], [ -74.475, 3.824 ], [ -74.45, 3.819 ], [ -74.445, 3.801 ], [ -74.458, 3.773 ], [ -74.458, 3.756 ], [ -74.464, 3.742 ], [ -74.453, 3.731 ], [ -74.44, 3.731 ], [ -74.425, 3.741 ], [ -74.416, 3.741 ], [ -74.413, 3.725 ], [ -74.424, 3.708 ], [ -74.438, 3.709 ], [ -74.438, 3.7 ], [ -74.451, 3.692 ], [ -74.461, 3.667 ], [ -74.484, 3.667 ], [ -74.508, 3.638 ], [ -74.515, 3.607 ], [ -74.528, 3.588 ], [ -74.524, 3.581 ], [ -74.537, 3.56 ], [ -74.564, 3.526 ], [ -74.582, 3.529 ], [ -74.603, 3.514 ], [ -74.604, 3.508 ], [ -74.631, 3.469 ], [ -74.616, 3.461 ], [ -74.612, 3.443 ], [ -74.618, 3.432 ], [ -74.606, 3.415 ], [ -74.624, 3.393 ], [ -74.622, 3.379 ], [ -74.64, 3.369 ], [ -74.627, 3.351 ], [ -74.617, 3.321 ], [ -74.626, 3.3 ], [ -74.616, 3.288 ], [ -74.636, 3.278 ], [ -74.658, 3.24 ], [ -74.666, 3.23 ], [ -74.668, 3.205 ], [ -74.673, 3.186 ], [ -74.697, 3.173 ], [ -74.712, 3.171 ], [ -74.723, 3.158 ], [ -74.727, 3.138 ], [ -74.749, 3.123 ], [ -74.749, 3.11 ], [ -74.764, 3.105 ], [ -74.766, 3.097 ], [ -74.79, 3.074 ], [ -74.792, 3.056 ], [ -74.816, 3.053 ], [ -74.847, 2.999 ], [ -74.862, 2.994 ], [ -74.869, 2.974 ], [ -74.897, 2.966 ], [ -74.904, 2.958 ], [ -74.911, 2.932 ], [ -74.933, 2.909 ], [ -74.945, 2.897 ], [ -74.975, 2.863 ], [ -74.992, 2.851 ], [ -75.022, 2.81 ], [ -75.026, 2.793 ], [ -75.07, 2.745 ], [ -75.089, 2.73 ], [ -75.096, 2.738 ], [ -75.114, 2.725 ], [ -75.121, 2.73 ], [ -75.145, 2.723 ], [ -75.153, 2.709 ], [ -75.154, 2.704 ], [ -75.133, 2.694 ], [ -75.141, 2.667 ], [ -75.154, 2.656 ], [ -75.156, 2.646 ], [ -75.15, 2.621 ], [ -75.134, 2.599 ], [ -75.133, 2.595 ], [ -75.154, 2.582 ], [ -75.158, 2.564 ], [ -75.17, 2.552 ], [ -75.182, 2.529 ], [ -75.173, 2.524 ], [ -75.181, 2.507 ], [ -75.194, 2.512 ], [ -75.207, 2.509 ], [ -75.227, 2.511 ], [ -75.231, 2.481 ], [ -75.253, 2.453 ], [ -75.271, 2.422 ], [ -75.277, 2.425 ], [ -75.287, 2.41 ], [ -75.286, 2.396 ], [ -75.315, 2.359 ], [ -75.328, 2.366 ], [ -75.349, 2.323 ], [ -75.365, 2.326 ], [ -75.386, 2.315 ], [ -75.394, 2.302 ], [ -75.397, 2.288 ], [ -75.413, 2.251 ], [ -75.41, 2.246 ], [ -75.431, 2.234 ], [ -75.44, 2.221 ], [ -75.436, 2.201 ], [ -75.426, 2.195 ], [ -75.428, 2.18 ], [ -75.435, 2.172 ], [ -75.445, 2.144 ], [ -75.468, 2.142 ], [ -75.488, 2.134 ], [ -75.501, 2.123 ], [ -75.525, 2.123 ], [ -75.535, 2.118 ], [ -75.541, 2.091 ], [ -75.551, 2.083 ], [ -75.555, 2.069 ], [ -75.572, 2.05 ], [ -75.59, 2.021 ], [ -75.588, 2.014 ], [ -75.616, 1.997 ], [ -75.616, 1.988 ], [ -75.63, 1.966 ], [ -75.641, 1.958 ], [ -75.647, 1.938 ], [ -75.641, 1.926 ], [ -75.644, 1.913 ], [ -75.658, 1.892 ], [ -75.688, 1.881 ], [ -75.703, 1.863 ], [ -75.708, 1.84 ], [ -75.731, 1.821 ], [ -75.734, 1.787 ], [ -75.757, 1.776 ], [ -75.773, 1.763 ], [ -75.786, 1.763 ], [ -75.8, 1.75 ], [ -75.816, 1.754 ], [ -75.837, 1.74 ], [ -75.841, 1.725 ], [ -75.853, 1.726 ], [ -75.873, 1.714 ], [ -75.904, 1.717 ], [ -75.934, 1.693 ], [ -75.952, 1.665 ], [ -75.972, 1.661 ], [ -75.983, 1.622 ], [ -76.006, 1.615 ], [ -76.024, 1.591 ], [ -76.034, 1.583 ], [ -76.055, 1.58 ], [ -76.065, 1.586 ], [ -76.086, 1.578 ], [ -76.099, 1.564 ], [ -76.12, 1.552 ], [ -76.124, 1.566 ], [ -76.152, 1.582 ], [ -76.17, 1.588 ], [ -76.183, 1.574 ], [ -76.199, 1.575 ], [ -76.201, 1.592 ], [ -76.21, 1.6 ], [ -76.212, 1.641 ] ] ] } },
{ "type": "Feature", "properties": { "DPTO_CCDGO": "44", "DPTO_CNMBR": "LA GUAJIRA", "area_km2": 20572.519807222452 }, "geometry": { "type": "Polygon", "coordinates": [ [ [ -73.011, 10.405 ], [ -73.024, 10.411 ], [ -73.038, 10.404 ], [ -73.071, 10.424 ], [ -73.088, 10.425 ], [ -73.128, 10.399 ], [ -73.146, 10.4 ], [ -73.142, 10.437 ], [ -73.154, 10.452 ], [ -73.169, 10.462 ], [ -73.178, 10.456 ], [ -73.175, 10.481 ], [ -73.163, 10.489 ], [ -73.145, 10.499 ], [ -73.149, 10.508 ], [ -73.14, 10.514 ], [ -73.133, 10.532 ], [ -73.127, 10.526 ], [ -73.099, 10.552 ], [ -73.1, 10.577 ], [ -73.086, 10.587 ], [ -73.089, 10.608 ], [ -73.082, 10.628 ], [ -73.107, 10.678 ], [ -73.139, 10.686 ], [ -73.155, 10.7 ], [ -73.162, 10.716 ], [ -73.208, 10.707 ], [ -73.215, 10.731 ], [ -73.228, 10.731 ], [ -73.237, 10.74 ], [ -73.248, 10.732 ], [ -73.264, 10.732 ], [ -73.278, 10.726 ], [ -73.275, 10.741 ], [ -73.252, 10.771 ], [ -73.259, 10.785 ], [ -73.252, 10.804 ], [ -73.255, 10.827 ], [ -73.264, 10.83 ], [ -73.264, 10.843 ], [ -73.277, 10.847 ], [ -73.291, 10.862 ], [ -73.313, 10.846 ], [ -73.325, 10.858 ], [ -73.344, 10.86 ], [ -73.384, 10.86 ], [ -73.393, 10.867 ], [ -73.442, 10.865 ], [ -73.467, 10.866 ], [ -73.479, 10.867 ], [ -73.52, 10.848 ], [ -73.565, 10.846 ], [ -73.599, 10.836 ], [ -73.612, 10.862 ], [ -73.615, 10.882 ], [ -73.634, 10.901 ], [ -73.64, 10.934 ], [ -73.637, 10.946 ], [ -73.649, 10.973 ], [ -73.665, 10.99 ], [ -73.649, 11.016 ], [ -73.653, 11.028 ], [ -73.635, 11.042 ], [ -73.65, 11.061 ], [ -73.642, 11.071 ], [ -73.651, 11.089 ], [ -73.637, 11.109 ], [ -73.653, 11.137 ], [ -73.645, 11.144 ], [ -73.628, 11.142 ], [ -73.617, 11.154 ], [ -73.608, 11.173 ], [ -73.592, 11.178 ], [ -73.584, 11.189 ], [ -73.582, 11.217 ], [ -73.568, 11.232 ], [ -73.566, 11.255 ], [ -73.575, 11.26 ], [ -73.573, 11.26 ], [ -73.532, 11.251 ], [ -73.482, 11.263 ], [ -73.445, 11.258 ], [ -73.418, 11.263 ], [ -73.363, 11.262 ], [ -73.301, 11.277 ], [ -73.276, 11.286 ], [ -73.252, 11.308 ], [ -73.217, 11.33 ], [ -73.196, 11.345 ], [ -73.189, 11.366 ], [ -73.158, 11.386 ], [ -73.143, 11.408 ], [ -73.115, 11.415 ], [ -73.094, 11.426 ], [ -73.048, 11.474 ], [ -73.024, 11.495 ], [ -72.992, 11.513 ], [ -72.965, 11.521 ], [ -72.948, 11.534 ], [ -72.911, 11.553 ], [ -72.891, 11.56 ], [ -72.879, 11.567 ], [ -72.87, 11.585 ], [ -72.846, 11.609 ], [ -72.827, 11.636 ], [ -72.804, 11.647 ], [ -72.777, 11.674 ], [ -72.728, 11.696 ], [ -72.723, 11.7 ], [ -72.695, 11.703 ], [ -72.661, 11.717 ], [ -72.625, 11.721 ], [ -72.596, 11.745 ], [ -72.57, 11.743 ], [ -72.558, 11.746 ], [ -72.532, 11.769 ], [ -72.515, 11.777 ], [ -72.458, 11.778 ], [ -72.412, 11.792 ], [ -72.381, 11.818 ], [ -72.355, 11.828 ], [ -72.339, 11.839 ], [ -72.294, 11.859 ], [ -72.269, 11.879 ], [ -72.247, 11.892 ], [ -72.225, 11.914 ], [ -72.208, 11.947 ], [ -72.199, 11.977 ], [ -72.185, 11.996 ], [ -72.178, 12.019 ], [ -72.164, 12.045 ], [ -72.139, 12.105 ], [ -72.144, 12.149 ], [ -72.143, 12.174 ], [ -72.152, 12.205 ], [ -72.181, 12.207 ], [ -72.179, 12.217 ], [ -72.144, 12.234 ], [ -72.144, 12.239 ], [ -72.084, 12.233 ], [ -72.031, 12.243 ], [ -72.011, 12.243 ], [ -71.971, 12.257 ], [ -71.957, 12.252 ], [ -71.97, 12.22 ], [ -71.989, 12.21 ], [ -72.001, 12.186 ], [ -71.982, 12.181 ], [ -71.979, 12.172 ], [ -71.986, 12.154 ], [ -71.979, 12.15 ], [ -71.965, 12.165 ], [ -71.963, 12.149 ], [ -71.95, 12.156 ], [ -71.927, 12.154 ], [ -71.919, 12.166 ], [ -71.922, 12.181 ], [ -71.897, 12.195 ], [ -71.871, 12.19 ], [ -71.862, 12.217 ], [ -71.88, 12.236 ], [ -71.87, 12.248 ], [ -71.89, 12.252 ], [ -71.887, 12.269 ], [ -71.9, 12.278 ], [ -71.934, 12.273 ], [ -71.943, 12.264 ], [ -71.955, 12.274 ], [ -71.942, 12.281 ], [ -71.928, 12.298 ], [ -71.901, 12.314 ], [ -71.857, 12.358 ], [ -71.841, 12.351 ], [ -71.826, 12.363 ], [ -71.823, 12.372 ], [ -71.807, 12.366 ], [ -71.826, 12.354 ], [ -71.84, 12.339 ], [ -71.821, 12.311 ], [ -71.799, 12.308 ], [ -71.794, 12.329 ], [ -71.764, 12.329 ], [ -71.743, 12.345 ], [ -71.738, 12.371 ], [ -71.745, 12.378 ], [ -71.761, 12.381 ], [ -71.741, 12.389 ], [ -71.719, 12.413 ], [ -71.712, 12.394 ], [ -71.726, 12.387 ], [ -71.722, 12.374 ], [ -71.711, 12.369 ], [ -71.703, 12.377 ], [ -71.692, 12.365 ], [ -71.685, 12.373 ], [ -71.7, 12.382 ], [ -71.675, 12.389 ], [ -71.649, 12.406 ], [ -71.637, 12.402 ], [ -71.629, 12.413 ], [ -71.657, 12.411 ], [ -71.659, 12.405 ], [ -71.676, 12.405 ], [ -71.665, 12.418 ], [ -71.652, 12.424 ], [ -71.652, 12.433 ], [ -71.664, 12.432 ], [ -71.7, 12.418 ], [ -71.7, 12.424 ], [ -71.683, 12.438 ], [ -71.699, 12.436 ], [ -71.707, 12.422 ], [ -71.731, 12.409 ], [ -71.73, 12.427 ], [ -71.72, 12.437 ], [ -71.69, 12.447 ], [ -71.664, 12.459 ], [ -71.645, 12.453 ], [ -71.624, 12.44 ], [ -71.577, 12.436 ], [ -71.575, 12.443 ], [ -71.557, 12.435 ], [ -71.543, 12.44 ], [ -71.526, 12.437 ], [ -71.51, 12.429 ], [ -71.478, 12.418 ], [ -71.457, 12.405 ], [ -71.443, 12.385 ], [ -71.418, 12.382 ], [ -71.403, 12.384 ], [ -71.356, 12.368 ], [ -71.322, 12.348 ], [ -71.312, 12.357 ], [ -71.283, 12.343 ], [ -71.246, 12.316 ], [ -71.223, 12.292 ], [ -71.225, 12.273 ], [ -71.163, 12.163 ], [ -71.115, 12.085 ], [ -71.117, 12.068 ], [ -71.113, 12.051 ], [ -71.116, 12.035 ], [ -71.136, 12.003 ], [ -71.175, 11.989 ], [ -71.18, 11.981 ], [ -71.192, 11.981 ], [ -71.229, 11.953 ], [ -71.235, 11.952 ], [ -71.266, 11.922 ], [ -71.268, 11.914 ], [ -71.283, 11.906 ], [ -71.29, 11.914 ], [ -71.301, 11.899 ], [ -71.323, 11.856 ], [ -71.324, 11.833 ], [ -71.334, 11.85 ], [ -71.343, 11.848 ], [ -71.345, 11.837 ], [ -71.388, 11.828 ], [ -71.389, 11.818 ], [ -71.378, 11.812 ], [ -71.457, 11.787 ], [ -71.611, 11.746 ], [ -71.648, 11.733 ], [ -71.802, 11.68 ], [ -71.841, 11.674 ], [ -71.931, 11.653 ], [ -71.971, 11.646 ], [ -71.979, 11.631 ], [ -72.144, 11.332 ], [ -72.246, 11.145 ], [ -72.25, 11.14 ], [ -72.272, 11.138 ], [ -72.296, 11.145 ], [ -72.328, 11.144 ], [ -72.349, 11.151 ], [ -72.36, 11.142 ], [ -72.408, 11.126 ], [ -72.423, 11.126 ], [ -72.439, 11.116 ], [ -72.444, 11.128 ], [ -72.459, 11.116 ], [ -72.485, 11.099 ], [ -72.496, 11.081 ], [ -72.492, 11.08 ], [ -72.482, 11.059 ], [ -72.507, 11.034 ], [ -72.509, 11.023 ], [ -72.526, 11.012 ], [ -72.519, 11.003 ], [ -72.535, 10.987 ], [ -72.537, 10.975 ], [ -72.553, 10.941 ], [ -72.58, 10.911 ], [ -72.605, 10.896 ], [ -72.614, 10.883 ], [ -72.638, 10.885 ], [ -72.649, 10.878 ], [ -72.65, 10.867 ], [ -72.663, 10.839 ], [ -72.662, 10.832 ], [ -72.676, 10.819 ], [ -72.682, 10.794 ], [ -72.678, 10.784 ], [ -72.689, 10.757 ], [ -72.705, 10.758 ], [ -72.711, 10.752 ], [ -72.719, 10.72 ], [ -72.716, 10.705 ], [ -72.729, 10.697 ], [ -72.739, 10.67 ], [ -72.74, 10.652 ], [ -72.748, 10.652 ], [ -72.752, 10.633 ], [ -72.781, 10.612 ], [ -72.79, 10.604 ], [ -72.793, 10.589 ], [ -72.82, 10.57 ], [ -72.824, 10.552 ], [ -72.843, 10.539 ], [ -72.834, 10.518 ], [ -72.843, 10.508 ], [ -72.845, 10.486 ], [ -72.854, 10.481 ], [ -72.867, 10.46 ], [ -72.887, 10.453 ], [ -72.901, 10.436 ], [ -72.943, 10.427 ], [ -72.958, 10.413 ], [ -72.987, 10.4 ], [ -73.011, 10.405 ] ], [ [ -71.294, 11.918 ], [ -71.311, 11.929 ], [ -71.312, 11.915 ], [ -71.327, 11.921 ], [ -71.326, 11.902 ], [ -71.315, 11.902 ], [ -71.301, 11.916 ], [ -71.29, 11.914 ], [ -71.294, 11.918 ] ], [ [ -72.246, 11.892 ], [ -72.25, 11.879 ], [ -72.23, 11.888 ], [ -72.246, 11.892 ] ] ] } },
{ "type": "Feature", "properties": { "DPTO_CCDGO": "47", "DPTO_CNMBR": "MAGDALENA", "area_km2": 23109.657163205007 }, "geometry": { "type": "Polygon", "coordinates": [ [ [ -74.432, 9.262 ], [ -74.431, 9.271 ], [ -74.464, 9.271 ], [ -74.487, 9.25 ], [ -74.514, 9.234 ], [ -74.531, 9.242 ], [ -74.532, 9.256 ], [ -74.561, 9.294 ], [ -74.564, 9.311 ], [ -74.575, 9.32 ], [ -74.592, 9.324 ], [ -74.616, 9.341 ], [ -74.614, 9.361 ], [ -74.629, 9.379 ], [ -74.656, 9.384 ], [ -74.665, 9.392 ], [ -74.674, 9.414 ], [ -74.699, 9.427 ], [ -74.72, 9.418 ], [ -74.739, 9.426 ], [ -74.742, 9.446 ], [ -74.756, 9.461 ], [ -74.779, 9.462 ], [ -74.801, 9.442 ], [ -74.809, 9.457 ], [ -74.807, 9.465 ], [ -74.79, 9.479 ], [ -74.777, 9.496 ], [ -74.778, 9.508 ], [ -74.788, 9.526 ], [ -74.807, 9.545 ], [ -74.805, 9.554 ], [ -74.781, 9.574 ], [ -74.774, 9.584 ], [ -74.772, 9.604 ], [ -74.777, 9.626 ], [ -74.791, 9.653 ], [ -74.804, 9.667 ], [ -74.802, 9.683 ], [ -74.793, 9.687 ], [ -74.789, 9.699 ], [ -74.8, 9.71 ], [ -74.816, 9.734 ], [ -74.805, 9.761 ], [ -74.815, 9.785 ], [ -74.839, 9.81 ], [ -74.856, 9.827 ], [ -74.863, 9.844 ], [ -74.873, 9.848 ], [ -74.882, 9.872 ], [ -74.88, 9.887 ], [ -74.872, 9.902 ], [ -74.873, 9.936 ], [ -74.863, 9.944 ], [ -74.853, 9.954 ], [ -74.82, 9.967 ], [ -74.799, 9.99 ], [ -74.788, 10.008 ], [ -74.79, 10.014 ], [ -74.817, 10.04 ], [ -74.825, 10.059 ], [ -74.84, 10.079 ], [ -74.859, 10.091 ], [ -74.896, 10.107 ], [ -74.927, 10.108 ], [ -74.945, 10.129 ], [ -74.944, 10.151 ], [ -74.932, 10.18 ], [ -74.932, 10.198 ], [ -74.925, 10.224 ], [ -74.916, 10.238 ], [ -74.911, 10.254 ], [ -74.895, 10.295 ], [ -74.868, 10.341 ], [ -74.861, 10.354 ], [ -74.864, 10.367 ], [ -74.858, 10.393 ], [ -74.836, 10.41 ], [ -74.827, 10.411 ], [ -74.818, 10.425 ], [ -74.812, 10.451 ], [ -74.807, 10.483 ], [ -74.782, 10.515 ], [ -74.767, 10.528 ], [ -74.744, 10.538 ], [ -74.736, 10.551 ], [ -74.738, 10.58 ], [ -74.726, 10.601 ], [ -74.725, 10.62 ], [ -74.74, 10.634 ], [ -74.746, 10.651 ], [ -74.724, 10.667 ], [ -74.726, 10.728 ], [ -74.728, 10.749 ], [ -74.725, 10.772 ], [ -74.738, 10.808 ], [ -74.741, 10.834 ], [ -74.738, 10.876 ], [ -74.735, 10.893 ], [ -74.719, 10.91 ], [ -74.754, 10.936 ], [ -74.757, 10.945 ], [ -74.756, 10.971 ], [ -74.764, 10.995 ], [ -74.771, 11.005 ], [ -74.803, 11.033 ], [ -74.827, 11.047 ], [ -74.838, 11.058 ], [ -74.846, 11.075 ], [ -74.852, 11.105 ], [ -74.833, 11.1 ], [ -74.807, 11.086 ], [ -74.773, 11.078 ], [ -74.685, 11.04 ], [ -74.599, 11.009 ], [ -74.544, 10.993 ], [ -74.485, 10.981 ], [ -74.421, 10.975 ], [ -74.356, 10.976 ], [ -74.303, 10.985 ], [ -74.265, 11.007 ], [ -74.245, 11.024 ], [ -74.242, 11.036 ], [ -74.218, 11.065 ], [ -74.215, 11.075 ], [ -74.225, 11.107 ], [ -74.234, 11.118 ], [ -74.227, 11.149 ], [ -74.231, 11.167 ], [ -74.241, 11.176 ], [ -74.228, 11.206 ], [ -74.242, 11.221 ], [ -74.225, 11.23 ], [ -74.215, 11.244 ], [ -74.216, 11.254 ], [ -74.191, 11.266 ], [ -74.206, 11.275 ], [ -74.19, 11.294 ], [ -74.174, 11.308 ], [ -74.167, 11.295 ], [ -74.152, 11.296 ], [ -74.16, 11.325 ], [ -74.138, 11.332 ], [ -74.135, 11.315 ], [ -74.126, 11.319 ], [ -74.128, 11.33 ], [ -74.117, 11.331 ], [ -74.105, 11.319 ], [ -74.111, 11.346 ], [ -74.096, 11.339 ], [ -74.1, 11.322 ], [ -74.078, 11.318 ], [ -74.08, 11.333 ], [ -74.075, 11.342 ], [ -74.058, 11.328 ], [ -74.049, 11.333 ], [ -74.052, 11.346 ], [ -74.041, 11.348 ], [ -74.037, 11.338 ], [ -74.024, 11.346 ], [ -73.98, 11.34 ], [ -73.952, 11.317 ], [ -73.892, 11.297 ], [ -73.857, 11.274 ], [ -73.791, 11.256 ], [ -73.759, 11.265 ], [ -73.715, 11.254 ], [ -73.7, 11.261 ], [ -73.661, 11.252 ], [ -73.593, 11.263 ], [ -73.575, 11.26 ], [ -73.566, 11.255 ], [ -73.568, 11.232 ], [ -73.582, 11.217 ], [ -73.584, 11.189 ], [ -73.592, 11.178 ], [ -73.608, 11.173 ], [ -73.617, 11.154 ], [ -73.628, 11.142 ], [ -73.645, 11.144 ], [ -73.653, 11.137 ], [ -73.637, 11.109 ], [ -73.651, 11.089 ], [ -73.642, 11.071 ], [ -73.65, 11.061 ], [ -73.635, 11.042 ], [ -73.653, 11.028 ], [ -73.649, 11.016 ], [ -73.665, 10.99 ], [ -73.649, 10.973 ], [ -73.637, 10.946 ], [ -73.64, 10.934 ], [ -73.634, 10.901 ], [ -73.615, 10.882 ], [ -73.612, 10.862 ], [ -73.599, 10.836 ], [ -73.621, 10.823 ], [ -73.639, 10.802 ], [ -73.639, 10.788 ], [ -73.608, 10.788 ], [ -73.589, 10.782 ], [ -73.579, 10.77 ], [ -73.562, 10.76 ], [ -73.542, 10.754 ], [ -73.562, 10.741 ], [ -73.558, 10.732 ], [ -73.57, 10.712 ], [ -73.583, 10.717 ], [ -73.594, 10.705 ], [ -73.597, 10.686 ], [ -73.612, 10.673 ], [ -73.617, 10.645 ], [ -73.599, 10.64 ], [ -73.601, 10.618 ], [ -73.594, 10.6 ], [ -73.6, 10.576 ], [ -73.612, 10.567 ], [ -73.598, 10.562 ], [ -73.589, 10.548 ], [ -73.572, 10.543 ], [ -73.561, 10.51 ], [ -73.567, 10.501 ], [ -73.583, 10.502 ], [ -73.592, 10.494 ], [ -73.615, 10.501 ], [ -73.629, 10.495 ], [ -73.64, 10.501 ], [ -73.653, 10.476 ], [ -73.644, 10.469 ], [ -73.66, 10.455 ], [ -73.691, 10.465 ], [ -73.703, 10.464 ], [ -73.699, 10.439 ], [ -73.71, 10.43 ], [ -73.724, 10.436 ], [ -73.74, 10.436 ], [ -73.754, 10.416 ], [ -73.765, 10.414 ], [ -73.779, 10.396 ], [ -73.792, 10.392 ], [ -73.807, 10.396 ], [ -73.817, 10.385 ], [ -73.829, 10.401 ], [ -73.842, 10.401 ], [ -73.858, 10.388 ], [ -73.893, 10.391 ], [ -73.933, 10.365 ], [ -73.934, 10.354 ], [ -73.962, 10.336 ], [ -73.965, 10.288 ], [ -73.978, 10.277 ], [ -73.999, 10.266 ], [ -74.012, 10.252 ], [ -74.008, 10.241 ], [ -74.043, 10.216 ], [ -74.041, 10.198 ], [ -74.058, 10.183 ], [ -74.066, 10.167 ], [ -74.06, 10.141 ], [ -74.066, 10.125 ], [ -74.073, 10.125 ], [ -74.067, 10.097 ], [ -74.084, 10.074 ], [ -74.074, 10.059 ], [ -74.074, 10.052 ], [ -74.062, 10.042 ], [ -74.051, 10.01 ], [ -74.036, 10.005 ], [ -74.035, 9.998 ], [ -74.025, 9.983 ], [ -74.012, 9.976 ], [ -74.002, 9.94 ], [ -73.991, 9.934 ], [ -73.956, 9.93 ], [ -73.952, 9.918 ], [ -73.937, 9.907 ], [ -73.913, 9.87 ], [ -73.892, 9.831 ], [ -73.888, 9.834 ], [ -73.874, 9.813 ], [ -73.857, 9.81 ], [ -73.842, 9.797 ], [ -73.837, 9.781 ], [ -73.827, 9.753 ], [ -73.84, 9.736 ], [ -73.824, 9.717 ], [ -73.81, 9.69 ], [ -73.811, 9.674 ], [ -73.803, 9.636 ], [ -73.868, 9.601 ], [ -73.876, 9.6 ], [ -73.882, 9.614 ], [ -73.893, 9.616 ], [ -73.91, 9.602 ], [ -73.916, 9.605 ], [ -73.939, 9.598 ], [ -73.949, 9.591 ], [ -73.997, 9.583 ], [ -73.994, 9.591 ], [ -74.037, 9.591 ], [ -74.054, 9.567 ], [ -74.064, 9.569 ], [ -74.098, 9.533 ], [ -74.105, 9.518 ], [ -74.12, 9.504 ], [ -74.139, 9.494 ], [ -74.121, 9.481 ], [ -74.097, 9.477 ], [ -74.092, 9.465 ], [ -74.068, 9.447 ], [ -74.049, 9.424 ], [ -74.024, 9.418 ], [ -74.0, 9.395 ], [ -73.995, 9.398 ], [ -73.978, 9.389 ], [ -73.982, 9.387 ], [ -73.99, 9.351 ], [ -73.989, 9.317 ], [ -73.975, 9.304 ], [ -73.958, 9.304 ], [ -73.943, 9.29 ], [ -73.943, 9.268 ], [ -73.951, 9.257 ], [ -73.951, 9.233 ], [ -73.965, 9.221 ], [ -73.964, 9.207 ], [ -73.956, 9.196 ], [ -73.962, 9.188 ], [ -73.891, 9.174 ], [ -73.879, 9.186 ], [ -73.864, 9.181 ], [ -73.864, 9.163 ], [ -73.876, 9.145 ], [ -73.875, 9.131 ], [ -73.864, 9.112 ], [ -73.809, 9.071 ], [ -73.799, 9.059 ], [ -73.796, 9.046 ], [ -73.81, 9.044 ], [ -73.808, 9.028 ], [ -73.826, 9.023 ], [ -73.826, 9.0 ], [ -73.836, 8.984 ], [ -73.832, 8.98 ], [ -73.868, 8.936 ], [ -73.871, 8.961 ], [ -73.9, 8.981 ], [ -73.915, 8.978 ], [ -73.938, 8.984 ], [ -73.958, 8.996 ], [ -73.978, 8.984 ], [ -73.989, 8.995 ], [ -74.002, 8.996 ], [ -74.001, 9.011 ], [ -73.985, 9.008 ], [ -74.004, 9.031 ], [ -74.028, 9.027 ], [ -74.036, 9.044 ], [ -74.043, 9.041 ], [ -74.047, 9.023 ], [ -74.06, 9.019 ], [ -74.075, 9.026 ], [ -74.093, 9.015 ], [ -74.1, 9.019 ], [ -74.112, 9.041 ], [ -74.128, 9.028 ], [ -74.141, 9.031 ], [ -74.137, 9.043 ], [ -74.119, 9.044 ], [ -74.134, 9.064 ], [ -74.158, 9.058 ], [ -74.157, 9.07 ], [ -74.178, 9.078 ], [ -74.176, 9.088 ], [ -74.202, 9.102 ], [ -74.214, 9.12 ], [ -74.229, 9.128 ], [ -74.22, 9.136 ], [ -74.236, 9.148 ], [ -74.248, 9.165 ], [ -74.266, 9.17 ], [ -74.279, 9.16 ], [ -74.298, 9.16 ], [ -74.297, 9.177 ], [ -74.291, 9.192 ], [ -74.3, 9.204 ], [ -74.328, 9.219 ], [ -74.342, 9.231 ], [ -74.36, 9.231 ], [ -74.392, 9.215 ], [ -74.406, 9.216 ], [ -74.418, 9.236 ], [ -74.432, 9.262 ] ] ] } },
{ "type": "Feature", "properties": { "DPTO_CCDGO": "50", "DPTO_CNMBR": "META", "area_km2": 82663.822318241568 }, "geometry": { "type": "Polygon", "coordinates": [ [ [ -73.474, 2.362 ], [ -73.499, 2.358 ], [ -73.509, 2.35 ], [ -73.506, 2.335 ], [ -73.519, 2.337 ], [ -73.514, 2.35 ], [ -73.523, 2.368 ], [ -73.524, 2.383 ], [ -73.531, 2.388 ], [ -73.542, 2.376 ], [ -73.558, 2.369 ], [ -73.574, 2.355 ], [ -73.588, 2.366 ], [ -73.583, 2.376 ], [ -73.589, 2.39 ], [ -73.599, 2.381 ], [ -73.619, 2.377 ], [ -73.632, 2.363 ], [ -73.631, 2.354 ], [ -73.616, 2.345 ], [ -73.619, 2.333 ], [ -73.63, 2.331 ], [ -73.636, 2.321 ], [ -73.629, 2.3 ], [ -73.633, 2.288 ], [ -73.646, 2.284 ], [ -73.657, 2.294 ], [ -73.657, 2.064 ], [ -73.657, 1.618 ], [ -74.04, 1.971 ], [ -74.066, 1.979 ], [ -74.092, 1.978 ], [ -74.105, 1.973 ], [ -74.108, 1.982 ], [ -74.125, 1.993 ], [ -74.152, 1.997 ], [ -74.153, 1.98 ], [ -74.173, 1.98 ], [ -74.204, 1.995 ], [ -74.228, 2.028 ], [ -74.231, 2.05 ], [ -74.253, 2.059 ], [ -74.305, 2.06 ], [ -74.319, 2.062 ], [ -74.362, 2.06 ], [ -74.384, 2.081 ], [ -74.393, 2.084 ], [ -74.418, 2.078 ], [ -74.432, 2.091 ], [ -74.451, 2.095 ], [ -74.462, 2.089 ], [ -74.482, 2.104 ], [ -74.478, 2.121 ], [ -74.483, 2.147 ], [ -74.491, 2.137 ], [ -74.509, 2.132 ], [ -74.512, 2.122 ], [ -74.522, 2.122 ], [ -74.539, 2.11 ], [ -74.546, 2.129 ], [ -74.579, 2.124 ], [ -74.593, 2.135 ], [ -74.602, 2.156 ], [ -74.592, 2.164 ], [ -74.592, 2.202 ], [ -74.611, 2.208 ], [ -74.625, 2.193 ], [ -74.643, 2.202 ], [ -74.644, 2.211 ], [ -74.662, 2.211 ], [ -74.66, 2.227 ], [ -74.651, 2.227 ], [ -74.651, 2.241 ], [ -74.659, 2.252 ], [ -74.684, 2.26 ], [ -74.7, 2.27 ], [ -74.693, 2.284 ], [ -74.709, 2.284 ], [ -74.717, 2.264 ], [ -74.728, 2.268 ], [ -74.73, 2.28 ], [ -74.742, 2.272 ], [ -74.751, 2.278 ], [ -74.745, 2.294 ], [ -74.74, 2.331 ], [ -74.727, 2.36 ], [ -74.719, 2.36 ], [ -74.709, 2.376 ], [ -74.699, 2.409 ], [ -74.685, 2.425 ], [ -74.673, 2.425 ], [ -74.673, 2.447 ], [ -74.662, 2.475 ], [ -74.663, 2.488 ], [ -74.647, 2.494 ], [ -74.657, 2.513 ], [ -74.673, 2.52 ], [ -74.681, 2.553 ], [ -74.662, 2.577 ], [ -74.646, 2.587 ], [ -74.649, 2.598 ], [ -74.642, 2.609 ], [ -74.612, 2.623 ], [ -74.6, 2.636 ], [ -74.586, 2.665 ], [ -74.59, 2.673 ], [ -74.616, 2.683 ], [ -74.614, 2.695 ], [ -74.637, 2.701 ], [ -74.627, 2.722 ], [ -74.629, 2.738 ], [ -74.618, 2.754 ], [ -74.643, 2.756 ], [ -74.645, 2.772 ], [ -74.653, 2.782 ], [ -74.658, 2.804 ], [ -74.667, 2.805 ], [ -74.666, 2.824 ], [ -74.672, 2.832 ], [ -74.662, 2.842 ], [ -74.673, 2.877 ], [ -74.673, 2.889 ], [ -74.692, 2.893 ], [ -74.762, 2.873 ], [ -74.779, 2.886 ], [ -74.781, 2.905 ], [ -74.794, 2.915 ], [ -74.789, 2.926 ], [ -74.8, 2.938 ], [ -74.824, 2.923 ], [ -74.837, 2.909 ], [ -74.871, 2.916 ], [ -74.894, 2.905 ], [ -74.911, 2.884 ], [ -74.923, 2.905 ], [ -74.933, 2.909 ], [ -74.911, 2.932 ], [ -74.904, 2.958 ], [ -74.897, 2.966 ], [ -74.869, 2.974 ], [ -74.862, 2.994 ], [ -74.847, 2.999 ], [ -74.816, 3.053 ], [ -74.792, 3.056 ], [ -74.79, 3.074 ], [ -74.766, 3.097 ], [ -74.764, 3.105 ], [ -74.749, 3.11 ], [ -74.749, 3.123 ], [ -74.727, 3.138 ], [ -74.723, 3.158 ], [ -74.712, 3.171 ], [ -74.697, 3.173 ], [ -74.673, 3.186 ], [ -74.668, 3.205 ], [ -74.666, 3.23 ], [ -74.658, 3.24 ], [ -74.636, 3.278 ], [ -74.616, 3.288 ], [ -74.626, 3.3 ], [ -74.617, 3.321 ], [ -74.627, 3.351 ], [ -74.64, 3.369 ], [ -74.622, 3.379 ], [ -74.624, 3.393 ], [ -74.606, 3.415 ], [ -74.618, 3.432 ], [ -74.612, 3.443 ], [ -74.616, 3.461 ], [ -74.631, 3.469 ], [ -74.604, 3.508 ], [ -74.603, 3.514 ], [ -74.582, 3.529 ], [ -74.564, 3.526 ], [ -74.537, 3.56 ], [ -74.524, 3.581 ], [ -74.528, 3.588 ], [ -74.515, 3.607 ], [ -74.508, 3.638 ], [ -74.484, 3.667 ], [ -74.461, 3.667 ], [ -74.451, 3.692 ], [ -74.438, 3.7 ], [ -74.438, 3.709 ], [ -74.424, 3.708 ], [ -74.413, 3.725 ], [ -74.416, 3.741 ], [ -74.402, 3.737 ], [ -74.398, 3.745 ], [ -74.387, 3.753 ], [ -74.394, 3.77 ], [ -74.364, 3.786 ], [ -74.352, 3.8 ], [ -74.353, 3.807 ], [ -74.337, 3.812 ], [ -74.326, 3.827 ], [ -74.317, 3.815 ], [ -74.297, 3.819 ], [ -74.294, 3.829 ], [ -74.307, 3.84 ], [ -74.304, 3.85 ], [ -74.318, 3.879 ], [ -74.31, 3.888 ], [ -74.298, 3.883 ], [ -74.281, 3.901 ], [ -74.274, 3.924 ], [ -74.256, 3.928 ], [ -74.26, 3.947 ], [ -74.244, 3.955 ], [ -74.229, 3.994 ], [ -74.217, 4.011 ], [ -74.202, 4.014 ], [ -74.184, 4.009 ], [ -74.175, 4.018 ], [ -74.16, 4.018 ], [ -74.151, 4.005 ], [ -74.124, 4.001 ], [ -74.124, 4.009 ], [ -74.099, 4.013 ], [ -74.081, 4.035 ], [ -74.071, 4.058 ], [ -74.054, 4.062 ], [ -74.035, 4.061 ], [ -74.033, 4.068 ], [ -74.036, 4.082 ], [ -74.025, 4.098 ], [ -74.016, 4.098 ], [ -74.005, 4.11 ], [ -74.001, 4.103 ], [ -73.983, 4.109 ], [ -73.968, 4.091 ], [ -73.956, 4.1 ], [ -73.945, 4.118 ], [ -73.933, 4.149 ], [ -73.914, 4.149 ], [ -73.897, 4.143 ], [ -73.879, 4.155 ], [ -73.871, 4.168 ], [ -73.838, 4.177 ], [ -73.826, 4.168 ], [ -73.814, 4.202 ], [ -73.788, 4.2 ], [ -73.753, 4.193 ], [ -73.743, 4.199 ], [ -73.754, 4.213 ], [ -73.76, 4.236 ], [ -73.751, 4.259 ], [ -73.744, 4.266 ], [ -73.764, 4.281 ], [ -73.771, 4.295 ], [ -73.784, 4.3 ], [ -73.782, 4.322 ], [ -73.793, 4.352 ], [ -73.793, 4.381 ], [ -73.809, 4.396 ], [ -73.807, 4.422 ], [ -73.783, 4.448 ], [ -73.764, 4.45 ], [ -73.756, 4.462 ], [ -73.745, 4.455 ], [ -73.734, 4.471 ], [ -73.728, 4.503 ], [ -73.714, 4.515 ], [ -73.686, 4.519 ], [ -73.686, 4.53 ], [ -73.669, 4.54 ], [ -73.661, 4.547 ], [ -73.642, 4.547 ], [ -73.622, 4.562 ], [ -73.602, 4.549 ], [ -73.581, 4.544 ], [ -73.568, 4.525 ], [ -73.576, 4.517 ], [ -73.576, 4.498 ], [ -73.596, 4.487 ], [ -73.602, 4.462 ], [ -73.588, 4.433 ], [ -73.572, 4.419 ], [ -73.577, 4.396 ], [ -73.572, 4.373 ], [ -73.556, 4.354 ], [ -73.551, 4.333 ], [ -73.551, 4.308 ], [ -73.521, 4.292 ], [ -73.497, 4.284 ], [ -73.484, 4.286 ], [ -73.472, 4.276 ], [ -73.447, 4.288 ], [ -73.428, 4.307 ], [ -73.415, 4.312 ], [ -73.354, 4.321 ], [ -73.326, 4.306 ], [ -73.261, 4.294 ], [ -73.235, 4.287 ], [ -73.193, 4.264 ], [ -73.178, 4.244 ], [ -73.147, 4.228 ], [ -73.137, 4.214 ], [ -73.125, 4.257 ], [ -73.092, 4.475 ], [ -73.053, 4.736 ], [ -73.048, 4.728 ], [ -73.054, 4.703 ], [ -73.04, 4.677 ], [ -73.027, 4.653 ], [ -73.017, 4.647 ], [ -73.017, 4.636 ], [ -72.997, 4.617 ], [ -72.977, 4.61 ], [ -72.968, 4.599 ], [ -72.962, 4.571 ], [ -72.95, 4.56 ], [ -72.953, 4.551 ], [ -72.939, 4.534 ], [ -72.937, 4.522 ], [ -72.923, 4.52 ], [ -72.902, 4.495 ], [ -72.897, 4.475 ], [ -72.878, 4.463 ], [ -72.871, 4.452 ], [ -72.852, 4.449 ], [ -72.843, 4.433 ], [ -72.812, 4.428 ], [ -72.825, 4.418 ], [ -72.807, 4.406 ], [ -72.806, 4.397 ], [ -72.788, 4.396 ], [ -72.8, 4.377 ], [ -72.772, 4.37 ], [ -72.767, 4.362 ], [ -72.777, 4.347 ], [ -72.764, 4.349 ], [ -72.769, 4.333 ], [ -72.74, 4.324 ], [ -72.74, 4.31 ], [ -72.726, 4.306 ], [ -72.715, 4.292 ], [ -72.695, 4.288 ], [ -72.687, 4.293 ], [ -72.688, 4.312 ], [ -72.676, 4.317 ], [ -72.658, 4.317 ], [ -72.642, 4.303 ], [ -72.617, 4.31 ], [ -72.606, 4.315 ], [ -72.58, 4.301 ], [ -72.569, 4.307 ], [ -72.574, 4.32 ], [ -72.567, 4.332 ], [ -72.555, 4.337 ], [ -72.551, 4.354 ], [ -72.54, 4.351 ], [ -72.533, 4.34 ], [ -72.516, 4.339 ], [ -72.493, 4.327 ], [ -72.481, 4.326 ], [ -72.468, 4.317 ], [ -72.455, 4.326 ], [ -72.437, 4.35 ], [ -72.418, 4.348 ], [ -72.416, 4.32 ], [ -72.405, 4.318 ], [ -72.389, 4.332 ], [ -72.356, 4.342 ], [ -72.341, 4.363 ], [ -72.34, 4.372 ], [ -72.324, 4.369 ], [ -72.311, 4.382 ], [ -72.302, 4.409 ], [ -72.286, 4.417 ], [ -72.258, 4.418 ], [ -72.249, 4.43 ], [ -72.235, 4.436 ], [ -72.199, 4.429 ], [ -72.18, 4.431 ], [ -72.158, 4.442 ], [ -72.118, 4.433 ], [ -72.071, 4.408 ], [ -72.073, 4.392 ], [ -72.057, 4.374 ], [ -72.024, 4.387 ], [ -71.998, 4.382 ], [ -71.975, 4.394 ], [ -71.971, 4.408 ], [ -71.957, 4.412 ], [ -71.956, 4.422 ], [ -71.919, 4.453 ], [ -71.905, 4.468 ], [ -71.902, 4.484 ], [ -71.891, 4.497 ], [ -71.868, 4.505 ], [ -71.85, 4.533 ], [ -71.827, 4.548 ], [ -71.813, 4.575 ], [ -71.802, 4.585 ], [ -71.787, 4.586 ], [ -71.777, 4.58 ], [ -71.764, 4.581 ], [ -71.735, 4.575 ], [ -71.67, 4.61 ], [ -71.646, 4.615 ], [ -71.618, 4.637 ], [ -71.598, 4.645 ], [ -71.579, 4.674 ], [ -71.56, 4.68 ], [ -71.523, 4.682 ], [ -71.511, 4.697 ], [ -71.484, 4.707 ], [ -71.45, 4.716 ], [ -71.426, 4.725 ], [ -71.387, 4.757 ], [ -71.376, 4.751 ], [ -71.346, 4.758 ], [ -71.32, 4.769 ], [ -71.311, 4.782 ], [ -71.287, 4.804 ], [ -71.273, 4.8 ], [ -71.239, 4.818 ], [ -71.212, 4.817 ], [ -71.169, 4.843 ], [ -71.15, 4.862 ], [ -71.113, 4.875 ], [ -71.107, 4.884 ], [ -71.078, 4.899 ], [ -71.078, 4.727 ], [ -71.078, 3.355 ], [ -71.078, 2.882 ], [ -71.088, 2.883 ], [ -71.103, 2.873 ], [ -71.116, 2.875 ], [ -71.135, 2.903 ], [ -71.141, 2.902 ], [ -71.139, 2.883 ], [ -71.151, 2.872 ], [ -71.184, 2.905 ], [ -71.188, 2.893 ], [ -71.208, 2.891 ], [ -71.218, 2.869 ], [ -71.241, 2.862 ], [ -71.25, 2.866 ], [ -71.25, 2.877 ], [ -71.262, 2.886 ], [ -71.278, 2.868 ], [ -71.3, 2.878 ], [ -71.304, 2.916 ], [ -71.314, 2.925 ], [ -71.331, 2.921 ], [ -71.329, 2.893 ], [ -71.346, 2.859 ], [ -71.359, 2.864 ], [ -71.358, 2.886 ], [ -71.366, 2.893 ], [ -71.382, 2.888 ], [ -71.379, 2.872 ], [ -71.389, 2.845 ], [ -71.398, 2.847 ], [ -71.42, 2.868 ], [ -71.436, 2.874 ], [ -71.464, 2.899 ], [ -71.468, 2.894 ], [ -71.465, 2.857 ], [ -71.48, 2.853 ], [ -71.492, 2.87 ], [ -71.528, 2.879 ], [ -71.546, 2.859 ], [ -71.574, 2.872 ], [ -71.584, 2.866 ], [ -71.572, 2.851 ], [ -71.581, 2.842 ], [ -71.608, 2.847 ], [ -71.624, 2.841 ], [ -71.633, 2.825 ], [ -71.652, 2.82 ], [ -71.671, 2.823 ], [ -71.673, 2.832 ], [ -71.658, 2.861 ], [ -71.662, 2.873 ], [ -71.682, 2.872 ], [ -71.683, 2.85 ], [ -71.694, 2.838 ], [ -71.702, 2.84 ], [ -71.729, 2.861 ], [ -71.742, 2.884 ], [ -71.756, 2.897 ], [ -71.768, 2.893 ], [ -71.76, 2.872 ], [ -71.758, 2.851 ], [ -71.78, 2.818 ], [ -71.789, 2.822 ], [ -71.784, 2.858 ], [ -71.79, 2.871 ], [ -71.817, 2.879 ], [ -71.851, 2.873 ], [ -71.824, 2.871 ], [ -71.819, 2.858 ], [ -71.829, 2.837 ], [ -71.858, 2.842 ], [ -71.912, 2.828 ], [ -71.94, 2.833 ], [ -71.953, 2.832 ], [ -71.967, 2.822 ], [ -71.981, 2.801 ], [ -71.992, 2.824 ], [ -72.008, 2.83 ], [ -72.026, 2.828 ], [ -72.047, 2.818 ], [ -72.059, 2.817 ], [ -72.08, 2.825 ], [ -72.096, 2.836 ], [ -72.112, 2.875 ], [ -72.127, 2.889 ], [ -72.139, 2.883 ], [ -72.142, 2.867 ], [ -72.159, 2.867 ], [ -72.19, 2.874 ], [ -72.204, 2.859 ], [ -72.208, 2.836 ], [ -72.204, 2.813 ], [ -72.184, 2.79 ], [ -72.189, 2.775 ], [ -72.198, 2.77 ], [ -72.226, 2.784 ], [ -72.247, 2.819 ], [ -72.259, 2.825 ], [ -72.271, 2.816 ], [ -72.265, 2.796 ], [ -72.273, 2.78 ], [ -72.294, 2.774 ], [ -72.306, 2.795 ], [ -72.316, 2.8 ], [ -72.336, 2.797 ], [ -72.358, 2.781 ], [ -72.373, 2.757 ], [ -72.39, 2.737 ], [ -72.407, 2.726 ], [ -72.436, 2.74 ], [ -72.443, 2.735 ], [ -72.47, 2.734 ], [ -72.464, 2.717 ], [ -72.465, 2.697 ], [ -72.486, 2.686 ], [ -72.51, 2.691 ], [ -72.531, 2.703 ], [ -72.539, 2.698 ], [ -72.536, 2.685 ], [ -72.548, 2.679 ], [ -72.563, 2.682 ], [ -72.571, 2.666 ], [ -72.554, 2.658 ], [ -72.562, 2.647 ], [ -72.578, 2.646 ], [ -72.587, 2.639 ], [ -72.581, 2.609 ], [ -72.583, 2.585 ], [ -72.598, 2.584 ], [ -72.599, 2.614 ], [ -72.606, 2.623 ], [ -72.625, 2.627 ], [ -72.647, 2.596 ], [ -72.643, 2.581 ], [ -72.653, 2.572 ], [ -72.664, 2.576 ], [ -72.667, 2.611 ], [ -72.682, 2.623 ], [ -72.7, 2.62 ], [ -72.72, 2.585 ], [ -72.736, 2.571 ], [ -72.762, 2.573 ], [ -72.789, 2.589 ], [ -72.796, 2.608 ], [ -72.817, 2.615 ], [ -72.849, 2.597 ], [ -72.868, 2.578 ], [ -72.879, 2.577 ], [ -72.898, 2.563 ], [ -72.911, 2.567 ], [ -72.922, 2.561 ], [ -72.919, 2.54 ], [ -72.925, 2.53 ], [ -72.942, 2.525 ], [ -72.956, 2.515 ], [ -72.958, 2.5 ], [ -72.951, 2.495 ], [ -72.936, 2.503 ], [ -72.928, 2.476 ], [ -72.938, 2.465 ], [ -72.96, 2.481 ], [ -72.971, 2.471 ], [ -72.963, 2.452 ], [ -72.986, 2.452 ], [ -73.012, 2.433 ], [ -73.035, 2.413 ], [ -73.043, 2.438 ], [ -73.056, 2.426 ], [ -73.07, 2.425 ], [ -73.097, 2.393 ], [ -73.114, 2.382 ], [ -73.118, 2.407 ], [ -73.135, 2.408 ], [ -73.141, 2.395 ], [ -73.123, 2.382 ], [ -73.142, 2.377 ], [ -73.156, 2.366 ], [ -73.168, 2.37 ], [ -73.164, 2.396 ], [ -73.174, 2.401 ], [ -73.186, 2.389 ], [ -73.2, 2.383 ], [ -73.217, 2.386 ], [ -73.211, 2.399 ], [ -73.218, 2.405 ], [ -73.225, 2.389 ], [ -73.24, 2.389 ], [ -73.253, 2.382 ], [ -73.267, 2.381 ], [ -73.263, 2.372 ], [ -73.244, 2.373 ], [ -73.239, 2.366 ], [ -73.242, 2.347 ], [ -73.271, 2.358 ], [ -73.299, 2.336 ], [ -73.32, 2.359 ], [ -73.335, 2.358 ], [ -73.33, 2.344 ], [ -73.338, 2.329 ], [ -73.356, 2.324 ], [ -73.358, 2.337 ], [ -73.346, 2.349 ], [ -73.349, 2.364 ], [ -73.356, 2.368 ], [ -73.374, 2.363 ], [ -73.375, 2.33 ], [ -73.38, 2.324 ], [ -73.396, 2.328 ], [ -73.388, 2.342 ], [ -73.391, 2.351 ], [ -73.412, 2.357 ], [ -73.42, 2.354 ], [ -73.427, 2.326 ], [ -73.441, 2.334 ], [ -73.431, 2.357 ], [ -73.439, 2.383 ], [ -73.446, 2.386 ], [ -73.456, 2.382 ], [ -73.447, 2.344 ], [ -73.459, 2.338 ], [ -73.463, 2.353 ], [ -73.474, 2.362 ] ] ] } },
{ "type": "Feature", "properties": { "DPTO_CCDGO": "52", "DPTO_CNMBR": "NARIÑO", "area_km2": 31536.974016753727 }, "geometry": { "type": "MultiPolygon", "coordinates": [ [ [ [ -77.765, 0.842 ], [ -77.805, 0.83 ], [ -77.82, 0.809 ], [ -77.847, 0.802 ], [ -77.867, 0.802 ], [ -77.891, 0.81 ], [ -77.911, 0.811 ], [ -77.929, 0.819 ], [ -77.965, 0.824 ], [ -77.996, 0.856 ], [ -78.034, 0.88 ], [ -78.071, 0.897 ], [ -78.089, 0.897 ], [ -78.106, 0.913 ], [ -78.107, 0.928 ], [ -78.121, 0.936 ], [ -78.138, 0.934 ], [ -78.154, 0.924 ], [ -78.196, 0.945 ], [ -78.191, 0.961 ], [ -78.195, 0.984 ], [ -78.209, 1.005 ], [ -78.231, 1.013 ], [ -78.244, 1.029 ], [ -78.251, 1.029 ], [ -78.281, 1.058 ], [ -78.28, 1.068 ], [ -78.261, 1.082 ], [ -78.252, 1.079 ], [ -78.266, 1.112 ], [ -78.282, 1.112 ], [ -78.279, 1.12 ], [ -78.291, 1.138 ], [ -78.299, 1.156 ], [ -78.295, 1.17 ], [ -78.311, 1.183 ], [ -78.311, 1.191 ], [ -78.327, 1.194 ], [ -78.327, 1.186 ], [ -78.343, 1.183 ], [ -78.38, 1.171 ], [ -78.382, 1.159 ], [ -78.395, 1.152 ], [ -78.407, 1.16 ], [ -78.425, 1.154 ], [ -78.416, 1.139 ], [ -78.428, 1.139 ], [ -78.438, 1.157 ], [ -78.43, 1.187 ], [ -78.44, 1.194 ], [ -78.454, 1.177 ], [ -78.469, 1.181 ], [ -78.479, 1.194 ], [ -78.49, 1.186 ], [ -78.495, 1.198 ], [ -78.51, 1.189 ], [ -78.514, 1.212 ], [ -78.523, 1.221 ], [ -78.542, 1.229 ], [ -78.545, 1.244 ], [ -78.588, 1.243 ], [ -78.593, 1.239 ], [ -78.622, 1.251 ], [ -78.627, 1.261 ], [ -78.649, 1.277 ], [ -78.647, 1.289 ], [ -78.663, 1.314 ], [ -78.685, 1.333 ], [ -78.703, 1.338 ], [ -78.704, 1.349 ], [ -78.72, 1.369 ], [ -78.731, 1.368 ], [ -78.747, 1.378 ], [ -78.76, 1.395 ], [ -78.779, 1.393 ], [ -78.78, 1.41 ], [ -78.791, 1.408 ], [ -78.798, 1.428 ], [ -78.815, 1.434 ], [ -78.82, 1.45 ], [ -78.834, 1.457 ], [ -78.815, 1.467 ], [ -78.803, 1.485 ], [ -78.819, 1.473 ], [ -78.839, 1.479 ], [ -78.848, 1.475 ], [ -78.87, 1.499 ], [ -78.873, 1.523 ], [ -78.866, 1.526 ], [ -78.874, 1.548 ], [ -78.885, 1.553 ], [ -78.903, 1.543 ], [ -78.914, 1.561 ], [ -78.931, 1.563 ], [ -78.952, 1.593 ], [ -78.965, 1.598 ], [ -78.986, 1.598 ], [ -79.004, 1.628 ], [ -79.001, 1.636 ], [ -79.009, 1.649 ], [ -79.007, 1.658 ], [ -78.976, 1.675 ], [ -78.957, 1.69 ], [ -78.931, 1.734 ], [ -78.889, 1.773 ], [ -78.858, 1.809 ], [ -78.853, 1.807 ], [ -78.827, 1.824 ], [ -78.81, 1.829 ], [ -78.785, 1.828 ], [ -78.785, 1.819 ], [ -78.8, 1.815 ], [ -78.814, 1.788 ], [ -78.796, 1.806 ], [ -78.787, 1.8 ], [ -78.764, 1.816 ], [ -78.762, 1.824 ], [ -78.754, 1.819 ], [ -78.731, 1.83 ], [ -78.724, 1.824 ], [ -78.738, 1.809 ], [ -78.755, 1.807 ], [ -78.76, 1.82 ], [ -78.766, 1.804 ], [ -78.781, 1.803 ], [ -78.781, 1.791 ], [ -78.76, 1.79 ], [ -78.756, 1.798 ], [ -78.74, 1.799 ], [ -78.726, 1.763 ], [ -78.726, 1.754 ], [ -78.739, 1.746 ], [ -78.727, 1.74 ], [ -78.719, 1.748 ], [ -78.717, 1.793 ], [ -78.699, 1.77 ], [ -78.693, 1.787 ], [ -78.68, 1.759 ], [ -78.675, 1.762 ], [ -78.688, 1.782 ], [ -78.68, 1.789 ], [ -78.66, 1.786 ], [ -78.654, 1.775 ], [ -78.651, 1.794 ], [ -78.637, 1.791 ], [ -78.602, 1.794 ], [ -78.594, 1.772 ], [ -78.577, 1.774 ], [ -78.568, 1.751 ], [ -78.554, 1.758 ], [ -78.563, 1.761 ], [ -78.56, 1.785 ], [ -78.564, 1.792 ], [ -78.542, 1.802 ], [ -78.55, 1.805 ], [ -78.55, 1.837 ], [ -78.538, 1.856 ], [ -78.545, 1.857 ], [ -78.551, 1.898 ], [ -78.571, 1.901 ], [ -78.591, 1.893 ], [ -78.599, 1.9 ], [ -78.598, 1.927 ], [ -78.602, 1.947 ], [ -78.584, 1.963 ], [ -78.606, 1.996 ], [ -78.624, 1.999 ], [ -78.636, 2.01 ], [ -78.635, 1.999 ], [ -78.648, 1.987 ], [ -78.65, 1.977 ], [ -78.67, 1.973 ], [ -78.669, 2.008 ], [ -78.676, 2.05 ], [ -78.665, 2.05 ], [ -78.681, 2.063 ], [ -78.689, 2.094 ], [ -78.69, 2.112 ], [ -78.702, 2.114 ], [ -78.713, 2.164 ], [ -78.701, 2.214 ], [ -78.693, 2.222 ], [ -78.698, 2.232 ], [ -78.688, 2.233 ], [ -78.682, 2.246 ], [ -78.673, 2.241 ], [ -78.662, 2.261 ], [ -78.665, 2.27 ], [ -78.661, 2.287 ], [ -78.624, 2.325 ], [ -78.631, 2.334 ], [ -78.624, 2.372 ], [ -78.6, 2.403 ], [ -78.574, 2.444 ], [ -78.564, 2.433 ], [ -78.549, 2.454 ], [ -78.556, 2.455 ], [ -78.551, 2.485 ], [ -78.556, 2.492 ], [ -78.529, 2.506 ], [ -78.524, 2.499 ], [ -78.507, 2.508 ], [ -78.508, 2.521 ], [ -78.487, 2.548 ], [ -78.469, 2.555 ], [ -78.46, 2.574 ], [ -78.451, 2.582 ], [ -78.455, 2.598 ], [ -78.437, 2.598 ], [ -78.418, 2.604 ], [ -78.396, 2.603 ], [ -78.371, 2.637 ], [ -78.351, 2.648 ], [ -78.327, 2.657 ], [ -78.311, 2.658 ], [ -78.272, 2.656 ], [ -78.26, 2.662 ], [ -78.225, 2.667 ], [ -78.168, 2.676 ], [ -78.159, 2.683 ], [ -78.143, 2.68 ], [ -78.134, 2.661 ], [ -78.137, 2.644 ], [ -78.113, 2.644 ], [ -78.097, 2.647 ], [ -78.083, 2.636 ], [ -78.072, 2.611 ], [ -78.058, 2.617 ], [ -78.036, 2.648 ], [ -78.02, 2.644 ], [ -77.973, 2.661 ], [ -77.965, 2.64 ], [ -77.943, 2.625 ], [ -77.934, 2.627 ], [ -77.928, 2.64 ], [ -77.916, 2.594 ], [ -77.915, 2.544 ], [ -77.926, 2.51 ], [ -77.925, 2.482 ], [ -77.918, 2.456 ], [ -77.918, 2.412 ], [ -77.903, 2.397 ], [ -77.894, 2.366 ], [ -77.883, 2.353 ], [ -77.88, 2.335 ], [ -77.883, 2.319 ], [ -77.861, 2.268 ], [ -77.848, 2.261 ], [ -77.847, 2.232 ], [ -77.853, 2.215 ], [ -77.849, 2.191 ], [ -77.836, 2.177 ], [ -77.821, 2.178 ], [ -77.801, 2.17 ], [ -77.781, 2.148 ], [ -77.734, 2.134 ], [ -77.698, 2.154 ], [ -77.663, 2.159 ], [ -77.646, 2.169 ], [ -77.604, 2.165 ], [ -77.599, 2.168 ], [ -77.574, 2.181 ], [ -77.554, 2.202 ], [ -77.544, 2.196 ], [ -77.519, 2.2 ], [ -77.502, 2.193 ], [ -77.488, 2.195 ], [ -77.488, 2.216 ], [ -77.472, 2.241 ], [ -77.472, 2.254 ], [ -77.48, 2.266 ], [ -77.459, 2.286 ], [ -77.443, 2.285 ], [ -77.409, 2.271 ], [ -77.387, 2.256 ], [ -77.375, 2.264 ], [ -77.36, 2.263 ], [ -77.348, 2.246 ], [ -77.323, 2.222 ], [ -77.317, 2.201 ], [ -77.308, 2.195 ], [ -77.318, 2.182 ], [ -77.305, 2.146 ], [ -77.311, 2.142 ], [ -77.309, 2.125 ], [ -77.308, 2.11 ], [ -77.315, 2.095 ], [ -77.32, 2.072 ], [ -77.334, 2.06 ], [ -77.332, 2.05 ], [ -77.306, 2.036 ], [ -77.303, 2.027 ], [ -77.279, 2.021 ], [ -77.274, 2.007 ], [ -77.259, 1.994 ], [ -77.221, 1.988 ], [ -77.209, 1.971 ], [ -77.203, 1.952 ], [ -77.211, 1.936 ], [ -77.22, 1.934 ], [ -77.218, 1.917 ], [ -77.225, 1.92 ], [ -77.245, 1.911 ], [ -77.244, 1.887 ], [ -77.256, 1.869 ], [ -77.281, 1.86 ], [ -77.295, 1.832 ], [ -77.296, 1.818 ], [ -77.31, 1.805 ], [ -77.295, 1.766 ], [ -77.308, 1.728 ], [ -77.325, 1.697 ], [ -77.33, 1.682 ], [ -77.27, 1.663 ], [ -77.256, 1.671 ], [ -77.245, 1.658 ], [ -77.237, 1.658 ], [ -77.219, 1.669 ], [ -77.192, 1.677 ], [ -77.161, 1.676 ], [ -77.151, 1.686 ], [ -77.144, 1.678 ], [ -77.138, 1.655 ], [ -77.13, 1.659 ], [ -77.091, 1.662 ], [ -77.07, 1.674 ], [ -77.055, 1.701 ], [ -77.046, 1.698 ], [ -77.027, 1.714 ], [ -77.001, 1.707 ], [ -76.988, 1.715 ], [ -76.969, 1.712 ], [ -76.96, 1.722 ], [ -76.936, 1.729 ], [ -76.917, 1.702 ], [ -76.909, 1.675 ], [ -76.9, 1.662 ], [ -76.866, 1.638 ], [ -76.853, 1.636 ], [ -76.834, 1.614 ], [ -76.841, 1.587 ], [ -76.857, 1.566 ], [ -76.857, 1.543 ], [ -76.851, 1.535 ], [ -76.859, 1.522 ], [ -76.888, 1.523 ], [ -76.907, 1.51 ], [ -76.913, 1.501 ], [ -76.929, 1.5 ], [ -76.929, 1.483 ], [ -76.918, 1.43 ], [ -76.924, 1.41 ], [ -76.932, 1.4 ], [ -76.932, 1.386 ], [ -76.921, 1.346 ], [ -76.921, 1.336 ], [ -76.904, 1.321 ], [ -76.93, 1.296 ], [ -76.933, 1.285 ], [ -76.94, 1.273 ], [ -76.963, 1.274 ], [ -76.961, 1.284 ], [ -76.972, 1.293 ], [ -76.979, 1.287 ], [ -76.983, 1.267 ], [ -76.971, 1.253 ], [ -76.981, 1.223 ], [ -77.003, 1.213 ], [ -77.021, 1.196 ], [ -77.04, 1.202 ], [ -77.069, 1.185 ], [ -77.089, 1.183 ], [ -77.087, 1.172 ], [ -77.097, 1.165 ], [ -77.101, 1.136 ], [ -77.092, 1.111 ], [ -77.095, 1.082 ], [ -77.084, 1.062 ], [ -77.068, 1.06 ], [ -77.067, 1.042 ], [ -77.055, 1.033 ], [ -77.037, 1.047 ], [ -77.039, 1.04 ], [ -77.027, 1.013 ], [ -77.028, 0.995 ], [ -77.039, 0.993 ], [ -77.047, 0.979 ], [ -77.072, 0.971 ], [ -77.079, 0.962 ], [ -77.073, 0.942 ], [ -77.08, 0.941 ], [ -77.091, 0.914 ], [ -77.117, 0.9 ], [ -77.123, 0.881 ], [ -77.116, 0.876 ], [ -77.118, 0.858 ], [ -77.102, 0.834 ], [ -77.139, 0.822 ], [ -77.159, 0.744 ], [ -77.177, 0.671 ], [ -77.187, 0.631 ], [ -77.176, 0.617 ], [ -77.156, 0.606 ], [ -77.128, 0.602 ], [ -77.119, 0.594 ], [ -77.12, 0.576 ], [ -77.115, 0.564 ], [ -77.13, 0.556 ], [ -77.13, 0.525 ], [ -77.12, 0.508 ], [ -77.116, 0.483 ], [ -77.105, 0.477 ], [ -77.101, 0.464 ], [ -77.108, 0.449 ], [ -77.105, 0.433 ], [ -77.09, 0.42 ], [ -77.099, 0.411 ], [ -77.089, 0.394 ], [ -77.113, 0.373 ], [ -77.126, 0.38 ], [ -77.15, 0.376 ], [ -77.167, 0.389 ], [ -77.186, 0.387 ], [ -77.202, 0.368 ], [ -77.214, 0.363 ], [ -77.244, 0.361 ], [ -77.261, 0.37 ], [ -77.272, 0.364 ], [ -77.297, 0.365 ], [ -77.325, 0.387 ], [ -77.35, 0.391 ], [ -77.372, 0.401 ], [ -77.39, 0.388 ], [ -77.408, 0.405 ], [ -77.424, 0.392 ], [ -77.492, 0.404 ], [ -77.514, 0.405 ], [ -77.527, 0.4 ], [ -77.53, 0.41 ], [ -77.52, 0.423 ], [ -77.523, 0.443 ], [ -77.519, 0.453 ], [ -77.526, 0.468 ], [ -77.517, 0.494 ], [ -77.523, 0.52 ], [ -77.512, 0.551 ], [ -77.511, 0.565 ], [ -77.489, 0.585 ], [ -77.482, 0.606 ], [ -77.48, 0.641 ], [ -77.492, 0.663 ], [ -77.507, 0.656 ], [ -77.521, 0.658 ], [ -77.548, 0.649 ], [ -77.564, 0.652 ], [ -77.589, 0.674 ], [ -77.602, 0.675 ], [ -77.608, 0.686 ], [ -77.639, 0.703 ], [ -77.666, 0.705 ], [ -77.674, 0.722 ], [ -77.675, 0.737 ], [ -77.698, 0.741 ], [ -77.697, 0.755 ], [ -77.683, 0.776 ], [ -77.662, 0.79 ], [ -77.676, 0.791 ], [ -77.664, 0.811 ], [ -77.673, 0.824 ], [ -77.684, 0.828 ], [ -77.709, 0.849 ], [ -77.721, 0.85 ], [ -77.747, 0.833 ], [ -77.759, 0.839 ], [ -77.765, 0.842 ] ] ], [ [ [ -78.893, 1.51 ], [ -78.889, 1.511 ], [ -78.885, 1.509 ], [ -78.893, 1.51 ] ] ] ] } },
{ "type": "Feature", "properties": { "DPTO_CCDGO": "54", "DPTO_CNMBR": "NORTE DE SANTANDER", "area_km2": 21939.836566290218 }, "geometry": { "type": "Polygon", "coordinates": [ [ [ -72.746, 6.99 ], [ -72.758, 7.013 ], [ -72.786, 7.023 ], [ -72.79, 7.038 ], [ -72.824, 7.041 ], [ -72.844, 7.047 ], [ -72.855, 7.055 ], [ -72.878, 7.056 ], [ -72.883, 7.078 ], [ -72.868, 7.109 ], [ -72.856, 7.117 ], [ -72.847, 7.135 ], [ -72.856, 7.155 ], [ -72.844, 7.166 ], [ -72.841, 7.195 ], [ -72.831, 7.199 ], [ -72.856, 7.216 ], [ -72.865, 7.234 ], [ -72.868, 7.257 ], [ -72.876, 7.263 ], [ -72.87, 7.278 ], [ -72.856, 7.284 ], [ -72.834, 7.304 ], [ -72.84, 7.321 ], [ -72.838, 7.359 ], [ -72.856, 7.363 ], [ -72.85, 7.374 ], [ -72.863, 7.383 ], [ -72.872, 7.387 ], [ -72.877, 7.406 ], [ -72.9, 7.433 ], [ -72.896, 7.467 ], [ -72.911, 7.489 ], [ -72.928, 7.495 ], [ -72.939, 7.512 ], [ -72.968, 7.522 ], [ -72.978, 7.529 ], [ -72.992, 7.597 ], [ -72.98, 7.614 ], [ -72.982, 7.62 ], [ -72.999, 7.617 ], [ -73.012, 7.622 ], [ -73.034, 7.623 ], [ -73.049, 7.606 ], [ -73.06, 7.61 ], [ -73.091, 7.61 ], [ -73.101, 7.619 ], [ -73.12, 7.609 ], [ -73.16, 7.62 ], [ -73.166, 7.625 ], [ -73.182, 7.619 ], [ -73.218, 7.632 ], [ -73.236, 7.619 ], [ -73.244, 7.6 ], [ -73.259, 7.588 ], [ -73.248, 7.558 ], [ -73.253, 7.538 ], [ -73.263, 7.531 ], [ -73.282, 7.548 ], [ -73.308, 7.545 ], [ -73.32, 7.549 ], [ -73.355, 7.544 ], [ -73.364, 7.547 ], [ -73.37, 7.563 ], [ -73.387, 7.582 ], [ -73.399, 7.577 ], [ -73.396, 7.568 ], [ -73.41, 7.565 ], [ -73.44, 7.574 ], [ -73.468, 7.576 ], [ -73.489, 7.594 ], [ -73.509, 7.6 ], [ -73.509, 7.611 ], [ -73.521, 7.62 ], [ -73.517, 7.637 ], [ -73.538, 7.663 ], [ -73.561, 7.677 ], [ -73.557, 7.688 ], [ -73.573, 7.699 ], [ -73.582, 7.695 ], [ -73.6, 7.705 ], [ -73.599, 7.724 ], [ -73.633, 7.749 ], [ -73.614, 7.742 ], [ -73.581, 7.738 ], [ -73.561, 7.727 ], [ -73.552, 7.712 ], [ -73.53, 7.704 ], [ -73.522, 7.707 ], [ -73.519, 7.695 ], [ -73.49, 7.674 ], [ -73.467, 7.685 ], [ -73.463, 7.692 ], [ -73.44, 7.696 ], [ -73.408, 7.719 ], [ -73.406, 7.731 ], [ -73.375, 7.774 ], [ -73.354, 7.79 ], [ -73.348, 7.811 ], [ -73.349, 7.829 ], [ -73.349, 7.854 ], [ -73.356, 7.861 ], [ -73.35, 7.873 ], [ -73.352, 7.892 ], [ -73.347, 7.9 ], [ -73.316, 7.908 ], [ -73.304, 7.906 ], [ -73.303, 7.922 ], [ -73.279, 7.936 ], [ -73.275, 7.957 ], [ -73.282, 7.993 ], [ -73.298, 7.985 ], [ -73.301, 8.002 ], [ -73.31, 8.016 ], [ -73.323, 8.014 ], [ -73.334, 8.021 ], [ -73.342, 8.016 ], [ -73.367, 8.012 ], [ -73.366, 8.022 ], [ -73.375, 8.052 ], [ -73.369, 8.069 ], [ -73.378, 8.106 ], [ -73.393, 8.113 ], [ -73.396, 8.107 ], [ -73.397, 8.122 ], [ -73.406, 8.113 ], [ -73.416, 8.115 ], [ -73.432, 8.128 ], [ -73.428, 8.136 ], [ -73.436, 8.146 ], [ -73.428, 8.164 ], [ -73.434, 8.181 ], [ -73.448, 8.194 ], [ -73.436, 8.204 ], [ -73.429, 8.233 ], [ -73.431, 8.248 ], [ -73.441, 8.257 ], [ -73.418, 8.265 ], [ -73.407, 8.255 ], [ -73.392, 8.268 ], [ -73.374, 8.266 ], [ -73.371, 8.28 ], [ -73.378, 8.303 ], [ -73.37, 8.318 ], [ -73.36, 8.328 ], [ -73.351, 8.331 ], [ -73.353, 8.364 ], [ -73.348, 8.392 ], [ -73.35, 8.406 ], [ -73.339, 8.419 ], [ -73.342, 8.434 ], [ -73.369, 8.459 ], [ -73.414, 8.459 ], [ -73.411, 8.43 ], [ -73.399, 8.418 ], [ -73.404, 8.406 ], [ -73.394, 8.378 ], [ -73.41, 8.369 ], [ -73.436, 8.363 ], [ -73.443, 8.342 ], [ -73.456, 8.345 ], [ -73.457, 8.361 ], [ -73.471, 8.367 ], [ -73.488, 8.384 ], [ -73.525, 8.383 ], [ -73.499, 8.41 ], [ -73.493, 8.422 ], [ -73.488, 8.436 ], [ -73.475, 8.446 ], [ -73.478, 8.47 ], [ -73.494, 8.478 ], [ -73.523, 8.483 ], [ -73.548, 8.471 ], [ -73.559, 8.479 ], [ -73.561, 8.491 ], [ -73.577, 8.506 ], [ -73.554, 8.508 ], [ -73.532, 8.528 ], [ -73.517, 8.526 ], [ -73.518, 8.538 ], [ -73.547, 8.564 ], [ -73.547, 8.582 ], [ -73.542, 8.588 ], [ -73.552, 8.607 ], [ -73.542, 8.624 ], [ -73.522, 8.638 ], [ -73.522, 8.658 ], [ -73.505, 8.688 ], [ -73.497, 8.688 ], [ -73.472, 8.708 ], [ -73.471, 8.727 ], [ -73.463, 8.745 ], [ -73.44, 8.761 ], [ -73.416, 8.763 ], [ -73.412, 8.781 ], [ -73.421, 8.793 ], [ -73.429, 8.824 ], [ -73.43, 8.833 ], [ -73.448, 8.862 ], [ -73.447, 8.871 ], [ -73.435, 8.871 ], [ -73.426, 8.9 ], [ -73.436, 8.909 ], [ -73.43, 8.919 ], [ -73.435, 8.959 ], [ -73.44, 8.974 ], [ -73.436, 9.0 ], [ -73.423, 9.012 ], [ -73.422, 9.029 ], [ -73.412, 9.053 ], [ -73.416, 9.058 ], [ -73.416, 9.084 ], [ -73.429, 9.102 ], [ -73.425, 9.122 ], [ -73.415, 9.132 ], [ -73.412, 9.154 ], [ -73.397, 9.159 ], [ -73.382, 9.153 ], [ -73.369, 9.167 ], [ -73.368, 9.168 ], [ -73.347, 9.173 ], [ -73.326, 9.169 ], [ -73.301, 9.171 ], [ -73.278, 9.163 ], [ -73.248, 9.16 ], [ -73.235, 9.173 ], [ -73.205, 9.181 ], [ -73.193, 9.175 ], [ -73.176, 9.177 ], [ -73.157, 9.192 ], [ -73.148, 9.21 ], [ -73.133, 9.219 ], [ -73.131, 9.227 ], [ -73.105, 9.231 ], [ -73.088, 9.227 ], [ -73.073, 9.243 ], [ -73.076, 9.254 ], [ -73.07, 9.264 ], [ -73.05, 9.258 ], [ -73.042, 9.263 ], [ -73.037, 9.28 ], [ -73.008, 9.291 ], [ -73.004, 9.274 ], [ -72.995, 9.272 ], [ -72.996, 9.259 ], [ -72.984, 9.252 ], [ -72.989, 9.228 ], [ -72.972, 9.214 ], [ -72.963, 9.186 ], [ -72.956, 9.179 ], [ -72.964, 9.157 ], [ -72.986, 9.145 ], [ -72.972, 9.136 ], [ -72.959, 9.112 ], [ -72.948, 9.106 ], [ -72.947, 9.092 ], [ -72.933, 9.083 ], [ -72.92, 9.093 ], [ -72.887, 9.104 ], [ -72.881, 9.132 ], [ -72.844, 9.13 ], [ -72.834, 9.122 ], [ -72.822, 9.123 ], [ -72.824, 9.141 ], [ -72.811, 9.134 ], [ -72.812, 9.122 ], [ -72.796, 9.121 ], [ -72.799, 9.108 ], [ -72.786, 9.115 ], [ -72.776, 9.112 ], [ -72.772, 9.096 ], [ -72.763, 9.092 ], [ -72.763, 9.077 ], [ -72.747, 9.014 ], [ -72.72, 8.941 ], [ -72.698, 8.806 ], [ -72.654, 8.614 ], [ -72.626, 8.602 ], [ -72.597, 8.572 ], [ -72.576, 8.541 ], [ -72.473, 8.43 ], [ -72.428, 8.381 ], [ -72.409, 8.375 ], [ -72.393, 8.358 ], [ -72.39, 8.344 ], [ -72.393, 8.321 ], [ -72.382, 8.316 ], [ -72.386, 8.303 ], [ -72.387, 8.278 ], [ -72.39, 8.259 ], [ -72.377, 8.21 ], [ -72.361, 8.182 ], [ -72.353, 8.157 ], [ -72.366, 8.149 ], [ -72.359, 8.121 ], [ -72.373, 8.105 ], [ -72.37, 8.094 ], [ -72.353, 8.087 ], [ -72.346, 8.038 ], [ -72.355, 8.027 ], [ -72.347, 8.017 ], [ -72.351, 8.004 ], [ -72.383, 8.034 ], [ -72.416, 8.033 ], [ -72.412, 8.021 ], [ -72.421, 8.009 ], [ -72.424, 7.99 ], [ -72.437, 7.991 ], [ -72.44, 7.979 ], [ -72.455, 7.966 ], [ -72.475, 7.959 ], [ -72.487, 7.945 ], [ -72.49, 7.931 ], [ -72.477, 7.928 ], [ -72.457, 7.911 ], [ -72.46, 7.901 ], [ -72.459, 7.89 ], [ -72.445, 7.86 ], [ -72.451, 7.84 ], [ -72.447, 7.827 ], [ -72.458, 7.803 ], [ -72.466, 7.799 ], [ -72.474, 7.759 ], [ -72.472, 7.71 ], [ -72.476, 7.681 ], [ -72.475, 7.659 ], [ -72.476, 7.633 ], [ -72.465, 7.592 ], [ -72.453, 7.565 ], [ -72.456, 7.553 ], [ -72.471, 7.527 ], [ -72.478, 7.499 ], [ -72.472, 7.483 ], [ -72.462, 7.482 ], [ -72.447, 7.462 ], [ -72.441, 7.432 ], [ -72.442, 7.423 ], [ -72.43, 7.403 ], [ -72.416, 7.401 ], [ -72.349, 7.395 ], [ -72.324, 7.376 ], [ -72.301, 7.391 ], [ -72.256, 7.378 ], [ -72.241, 7.391 ], [ -72.22, 7.395 ], [ -72.199, 7.387 ], [ -72.188, 7.375 ], [ -72.181, 7.357 ], [ -72.154, 7.328 ], [ -72.171, 7.29 ], [ -72.168, 7.272 ], [ -72.17, 7.252 ], [ -72.048, 7.038 ], [ -72.068, 7.046 ], [ -72.081, 7.045 ], [ -72.114, 6.997 ], [ -72.148, 7.016 ], [ -72.146, 7.033 ], [ -72.162, 7.047 ], [ -72.183, 7.029 ], [ -72.191, 7.047 ], [ -72.2, 7.041 ], [ -72.206, 7.023 ], [ -72.201, 7.007 ], [ -72.21, 7.004 ], [ -72.22, 6.986 ], [ -72.245, 6.977 ], [ -72.256, 6.985 ], [ -72.254, 7.008 ], [ -72.277, 7.013 ], [ -72.29, 6.997 ], [ -72.302, 6.969 ], [ -72.313, 6.932 ], [ -72.352, 6.892 ], [ -72.361, 6.894 ], [ -72.392, 6.872 ], [ -72.406, 6.873 ], [ -72.432, 6.883 ], [ -72.441, 6.892 ], [ -72.465, 6.902 ], [ -72.488, 6.925 ], [ -72.497, 6.922 ], [ -72.503, 6.908 ], [ -72.512, 6.903 ], [ -72.514, 6.888 ], [ -72.547, 6.886 ], [ -72.553, 6.922 ], [ -72.542, 6.937 ], [ -72.544, 6.952 ], [ -72.554, 6.969 ], [ -72.555, 6.989 ], [ -72.562, 7.0 ], [ -72.587, 6.999 ], [ -72.6, 6.989 ], [ -72.614, 6.993 ], [ -72.632, 6.987 ], [ -72.648, 6.998 ], [ -72.657, 6.992 ], [ -72.669, 6.966 ], [ -72.677, 7.006 ], [ -72.692, 7.008 ], [ -72.7, 7.001 ], [ -72.722, 7.005 ], [ -72.734, 6.987 ], [ -72.746, 6.99 ] ] ] } },
{ "type": "Feature", "properties": { "DPTO_CCDGO": "63", "DPTO_CNMBR": "QUINDÍO", "area_km2": 1933.159060907582 }, "geometry": { "type": "Polygon", "coordinates": [ [ [ -75.706, 4.127 ], [ -75.715, 4.127 ], [ -75.719, 4.113 ], [ -75.733, 4.113 ], [ -75.732, 4.104 ], [ -75.747, 4.095 ], [ -75.752, 4.077 ], [ -75.774, 4.076 ], [ -75.785, 4.09 ], [ -75.828, 4.1 ], [ -75.839, 4.098 ], [ -75.833, 4.116 ], [ -75.841, 4.122 ], [ -75.842, 4.156 ], [ -75.838, 4.159 ], [ -75.819, 4.202 ], [ -75.825, 4.215 ], [ -75.822, 4.229 ], [ -75.799, 4.264 ], [ -75.787, 4.295 ], [ -75.795, 4.311 ], [ -75.792, 4.337 ], [ -75.79, 4.353 ], [ -75.803, 4.368 ], [ -75.803, 4.396 ], [ -75.805, 4.396 ], [ -75.805, 4.397 ], [ -75.812, 4.404 ], [ -75.829, 4.407 ], [ -75.835, 4.4 ], [ -75.856, 4.415 ], [ -75.867, 4.411 ], [ -75.878, 4.41 ], [ -75.896, 4.426 ], [ -75.888, 4.43 ], [ -75.886, 4.448 ], [ -75.875, 4.449 ], [ -75.869, 4.455 ], [ -75.869, 4.456 ], [ -75.881, 4.469 ], [ -75.873, 4.472 ], [ -75.878, 4.485 ], [ -75.873, 4.498 ], [ -75.872, 4.524 ], [ -75.88, 4.532 ], [ -75.87, 4.548 ], [ -75.868, 4.575 ], [ -75.871, 4.586 ], [ -75.86, 4.595 ], [ -75.866, 4.613 ], [ -75.837, 4.644 ], [ -75.827, 4.66 ], [ -75.784, 4.659 ], [ -75.783, 4.653 ], [ -75.758, 4.651 ], [ -75.741, 4.655 ], [ -75.716, 4.652 ], [ -75.707, 4.657 ], [ -75.71, 4.679 ], [ -75.714, 4.714 ], [ -75.693, 4.72 ], [ -75.659, 4.7 ], [ -75.646, 4.709 ], [ -75.639, 4.703 ], [ -75.614, 4.701 ], [ -75.606, 4.709 ], [ -75.593, 4.703 ], [ -75.583, 4.708 ], [ -75.565, 4.701 ], [ -75.545, 4.701 ], [ -75.508, 4.688 ], [ -75.492, 4.667 ], [ -75.479, 4.663 ], [ -75.465, 4.679 ], [ -75.44, 4.683 ], [ -75.439, 4.695 ], [ -75.423, 4.694 ], [ -75.408, 4.708 ], [ -75.389, 4.715 ], [ -75.384, 4.708 ], [ -75.386, 4.701 ], [ -75.401, 4.69 ], [ -75.422, 4.659 ], [ -75.422, 4.643 ], [ -75.415, 4.622 ], [ -75.421, 4.611 ], [ -75.436, 4.603 ], [ -75.469, 4.598 ], [ -75.472, 4.588 ], [ -75.485, 4.582 ], [ -75.49, 4.57 ], [ -75.515, 4.556 ], [ -75.524, 4.54 ], [ -75.527, 4.516 ], [ -75.525, 4.498 ], [ -75.536, 4.495 ], [ -75.555, 4.472 ], [ -75.578, 4.452 ], [ -75.583, 4.424 ], [ -75.579, 4.409 ], [ -75.583, 4.387 ], [ -75.593, 4.362 ], [ -75.593, 4.348 ], [ -75.6, 4.334 ], [ -75.593, 4.319 ], [ -75.604, 4.289 ], [ -75.597, 4.279 ], [ -75.616, 4.273 ], [ -75.623, 4.258 ], [ -75.643, 4.246 ], [ -75.646, 4.226 ], [ -75.658, 4.222 ], [ -75.656, 4.201 ], [ -75.688, 4.167 ], [ -75.691, 4.139 ], [ -75.706, 4.127 ] ] ] } },
{ "type": "Feature", "properties": { "DPTO_CCDGO": "66", "DPTO_CNMBR": "RISARALDA", "area_km2": 3556.4336103366259 }, "geometry": { "type": "Polygon", "coordinates": [ [ [ -75.943, 4.857 ], [ -75.958, 4.864 ], [ -75.975, 4.861 ], [ -75.989, 4.881 ], [ -75.986, 4.905 ], [ -75.99, 4.913 ], [ -76.028, 4.939 ], [ -76.033, 4.962 ], [ -76.049, 5.007 ], [ -76.064, 5.015 ], [ -76.08, 5.041 ], [ -76.077, 5.047 ], [ -76.069, 5.074 ], [ -76.07, 5.095 ], [ -76.062, 5.101 ], [ -76.06, 5.132 ], [ -76.077, 5.146 ], [ -76.077, 5.153 ], [ -76.096, 5.165 ], [ -76.103, 5.163 ], [ -76.125, 5.173 ], [ -76.132, 5.183 ], [ -76.142, 5.205 ], [ -76.142, 5.234 ], [ -76.163, 5.248 ], [ -76.174, 5.26 ], [ -76.178, 5.288 ], [ -76.201, 5.322 ], [ -76.198, 5.329 ], [ -76.206, 5.349 ], [ -76.204, 5.366 ], [ -76.191, 5.397 ], [ -76.191, 5.415 ], [ -76.178, 5.401 ], [ -76.168, 5.411 ], [ -76.152, 5.408 ], [ -76.144, 5.417 ], [ -76.121, 5.42 ], [ -76.11, 5.442 ], [ -76.088, 5.447 ], [ -76.078, 5.472 ], [ -76.08, 5.485 ], [ -76.076, 5.5 ], [ -76.079, 5.525 ], [ -76.085, 5.534 ], [ -76.072, 5.548 ], [ -76.053, 5.553 ], [ -76.037, 5.567 ], [ -76.025, 5.563 ], [ -76.009, 5.568 ], [ -75.999, 5.541 ], [ -75.988, 5.537 ], [ -75.983, 5.519 ], [ -75.954, 5.509 ], [ -75.93, 5.508 ], [ -75.923, 5.493 ], [ -75.906, 5.481 ], [ -75.884, 5.483 ], [ -75.868, 5.49 ], [ -75.863, 5.442 ], [ -75.851, 5.413 ], [ -75.861, 5.372 ], [ -75.837, 5.368 ], [ -75.833, 5.361 ], [ -75.828, 5.367 ], [ -75.811, 5.362 ], [ -75.792, 5.366 ], [ -75.763, 5.387 ], [ -75.751, 5.386 ], [ -75.742, 5.384 ], [ -75.739, 5.398 ], [ -75.721, 5.395 ], [ -75.712, 5.386 ], [ -75.699, 5.388 ], [ -75.698, 5.378 ], [ -75.678, 5.354 ], [ -75.666, 5.354 ], [ -75.667, 5.338 ], [ -75.66, 5.319 ], [ -75.648, 5.307 ], [ -75.662, 5.29 ], [ -75.667, 5.276 ], [ -75.668, 5.267 ], [ -75.694, 5.255 ], [ -75.73, 5.266 ], [ -75.746, 5.275 ], [ -75.748, 5.284 ], [ -75.763, 5.273 ], [ -75.773, 5.274 ], [ -75.787, 5.285 ], [ -75.824, 5.27 ], [ -75.82, 5.244 ], [ -75.805, 5.235 ], [ -75.808, 5.207 ], [ -75.803, 5.202 ], [ -75.821, 5.173 ], [ -75.836, 5.129 ], [ -75.837, 5.115 ], [ -75.845, 5.106 ], [ -75.877, 5.133 ], [ -75.884, 5.131 ], [ -75.892, 5.131 ], [ -75.888, 5.117 ], [ -75.9, 5.118 ], [ -75.899, 5.107 ], [ -75.917, 5.079 ], [ -75.912, 5.074 ], [ -75.922, 5.042 ], [ -75.904, 5.024 ], [ -75.904, 4.992 ], [ -75.892, 4.962 ], [ -75.861, 4.942 ], [ -75.867, 4.933 ], [ -75.84, 4.929 ], [ -75.815, 4.919 ], [ -75.788, 4.949 ], [ -75.796, 4.966 ], [ -75.793, 4.98 ], [ -75.779, 4.994 ], [ -75.785, 4.995 ], [ -75.77, 5.009 ], [ -75.772, 5.02 ], [ -75.764, 5.024 ], [ -75.758, 5.038 ], [ -75.747, 5.047 ], [ -75.733, 5.023 ], [ -75.715, 4.976 ], [ -75.714, 4.958 ], [ -75.698, 4.944 ], [ -75.666, 4.943 ], [ -75.653, 4.951 ], [ -75.654, 4.958 ], [ -75.636, 4.971 ], [ -75.624, 4.972 ], [ -75.616, 4.945 ], [ -75.618, 4.934 ], [ -75.595, 4.927 ], [ -75.588, 4.935 ], [ -75.572, 4.936 ], [ -75.565, 4.938 ], [ -75.557, 4.924 ], [ -75.543, 4.928 ], [ -75.537, 4.917 ], [ -75.512, 4.924 ], [ -75.48, 4.916 ], [ -75.473, 4.891 ], [ -75.454, 4.884 ], [ -75.452, 4.869 ], [ -75.439, 4.855 ], [ -75.438, 4.839 ], [ -75.431, 4.836 ], [ -75.427, 4.817 ], [ -75.405, 4.804 ], [ -75.375, 4.803 ], [ -75.378, 4.769 ], [ -75.388, 4.746 ], [ -75.378, 4.73 ], [ -75.389, 4.715 ], [ -75.408, 4.708 ], [ -75.423, 4.694 ], [ -75.439, 4.695 ], [ -75.44, 4.683 ], [ -75.465, 4.679 ], [ -75.479, 4.663 ], [ -75.492, 4.667 ], [ -75.508, 4.688 ], [ -75.545, 4.701 ], [ -75.565, 4.701 ], [ -75.583, 4.708 ], [ -75.593, 4.703 ], [ -75.606, 4.709 ], [ -75.614, 4.701 ], [ -75.639, 4.703 ], [ -75.646, 4.709 ], [ -75.659, 4.7 ], [ -75.693, 4.72 ], [ -75.714, 4.714 ], [ -75.73, 4.708 ], [ -75.76, 4.711 ], [ -75.775, 4.721 ], [ -75.79, 4.716 ], [ -75.801, 4.727 ], [ -75.832, 4.738 ], [ -75.844, 4.728 ], [ -75.856, 4.728 ], [ -75.849, 4.739 ], [ -75.845, 4.766 ], [ -75.853, 4.779 ], [ -75.874, 4.771 ], [ -75.889, 4.755 ], [ -75.906, 4.752 ], [ -75.915, 4.764 ], [ -75.929, 4.769 ], [ -75.928, 4.784 ], [ -75.917, 4.794 ], [ -75.936, 4.807 ], [ -75.921, 4.817 ], [ -75.911, 4.817 ], [ -75.901, 4.853 ], [ -75.911, 4.862 ], [ -75.914, 4.874 ], [ -75.943, 4.857 ] ] ] } },
{ "type": "Feature", "properties": { "DPTO_CCDGO": "68", "DPTO_CNMBR": "SANTANDER", "area_km2": 30436.311602202695 }, "geometry": { "type": "Polygon", "coordinates": [ [ [ -74.034, 5.812 ], [ -74.06, 5.82 ], [ -74.079, 5.819 ], [ -74.079, 5.833 ], [ -74.089, 5.842 ], [ -74.092, 5.858 ], [ -74.103, 5.877 ], [ -74.133, 5.876 ], [ -74.148, 5.89 ], [ -74.166, 5.898 ], [ -74.18, 5.911 ], [ -74.2, 5.877 ], [ -74.195, 5.856 ], [ -74.206, 5.856 ], [ -74.244, 5.833 ], [ -74.266, 5.835 ], [ -74.274, 5.864 ], [ -74.273, 5.872 ], [ -74.253, 5.892 ], [ -74.239, 5.897 ], [ -74.225, 5.924 ], [ -74.239, 5.944 ], [ -74.222, 5.968 ], [ -74.247, 5.994 ], [ -74.261, 6.015 ], [ -74.264, 6.03 ], [ -74.26, 6.067 ], [ -74.298, 6.084 ], [ -74.306, 6.072 ], [ -74.337, 6.064 ], [ -74.348, 6.038 ], [ -74.365, 6.046 ], [ -74.383, 6.04 ], [ -74.386, 6.053 ], [ -74.402, 6.066 ], [ -74.401, 6.079 ], [ -74.413, 6.089 ], [ -74.42, 6.085 ], [ -74.442, 6.093 ], [ -74.455, 6.126 ], [ -74.453, 6.136 ], [ -74.478, 6.157 ], [ -74.47, 6.201 ], [ -74.483, 6.2 ], [ -74.505, 6.214 ], [ -74.522, 6.244 ], [ -74.529, 6.263 ], [ -74.527, 6.274 ], [ -74.509, 6.286 ], [ -74.485, 6.306 ], [ -74.473, 6.311 ], [ -74.45, 6.332 ], [ -74.44, 6.372 ], [ -74.42, 6.392 ], [ -74.39, 6.394 ], [ -74.373, 6.406 ], [ -74.369, 6.415 ], [ -74.374, 6.429 ], [ -74.397, 6.452 ], [ -74.404, 6.477 ], [ -74.394, 6.494 ], [ -74.395, 6.506 ], [ -74.407, 6.543 ], [ -74.403, 6.568 ], [ -74.409, 6.587 ], [ -74.387, 6.604 ], [ -74.38, 6.616 ], [ -74.36, 6.633 ], [ -74.328, 6.631 ], [ -74.312, 6.654 ], [ -74.277, 6.664 ], [ -74.257, 6.675 ], [ -74.231, 6.71 ], [ -74.206, 6.722 ], [ -74.193, 6.72 ], [ -74.16, 6.736 ], [ -74.143, 6.757 ], [ -74.133, 6.755 ], [ -74.115, 6.766 ], [ -74.11, 6.777 ], [ -74.094, 6.804 ], [ -74.08, 6.825 ], [ -74.079, 6.839 ], [ -74.051, 6.869 ], [ -74.023, 6.891 ], [ -74.011, 6.913 ], [ -73.988, 6.93 ], [ -73.949, 6.952 ], [ -73.936, 6.955 ], [ -73.898, 6.986 ], [ -73.881, 7.013 ], [ -73.888, 7.07 ], [ -73.929, 7.115 ], [ -73.933, 7.125 ], [ -73.931, 7.151 ], [ -73.939, 7.182 ], [ -73.923, 7.213 ], [ -73.92, 7.242 ], [ -73.925, 7.268 ], [ -73.916, 7.296 ], [ -73.914, 7.319 ], [ -73.904, 7.359 ], [ -73.908, 7.381 ], [ -73.901, 7.386 ], [ -73.895, 7.43 ], [ -73.908, 7.461 ], [ -73.917, 7.472 ], [ -73.91, 7.498 ], [ -73.88, 7.508 ], [ -73.865, 7.534 ], [ -73.849, 7.535 ], [ -73.84, 7.567 ], [ -73.831, 7.576 ], [ -73.827, 7.604 ], [ -73.814, 7.61 ], [ -73.811, 7.624 ], [ -73.819, 7.636 ], [ -73.812, 7.647 ], [ -73.803, 7.645 ], [ -73.798, 7.657 ], [ -73.809, 7.67 ], [ -73.816, 7.692 ], [ -73.811, 7.704 ], [ -73.831, 7.727 ], [ -73.828, 7.739 ], [ -73.818, 7.743 ], [ -73.798, 7.772 ], [ -73.811, 7.809 ], [ -73.822, 7.826 ], [ -73.821, 7.865 ], [ -73.834, 7.885 ], [ -73.836, 7.903 ], [ -73.831, 7.932 ], [ -73.839, 7.95 ], [ -73.861, 7.971 ], [ -73.869, 7.989 ], [ -73.872, 8.019 ], [ -73.868, 8.064 ], [ -73.856, 8.084 ], [ -73.824, 8.106 ], [ -73.807, 8.13 ], [ -73.786, 8.134 ], [ -73.775, 8.145 ], [ -73.77, 8.117 ], [ -73.777, 8.103 ], [ -73.789, 8.108 ], [ -73.765, 8.076 ], [ -73.764, 8.064 ], [ -73.751, 8.06 ], [ -73.742, 8.05 ], [ -73.75, 8.044 ], [ -73.732, 8.031 ], [ -73.738, 8.025 ], [ -73.721, 8.009 ], [ -73.728, 7.986 ], [ -73.72, 7.984 ], [ -73.724, 7.969 ], [ -73.709, 7.97 ], [ -73.697, 7.95 ], [ -73.682, 7.952 ], [ -73.673, 7.927 ], [ -73.678, 7.913 ], [ -73.671, 7.894 ], [ -73.69, 7.884 ], [ -73.693, 7.872 ], [ -73.71, 7.863 ], [ -73.726, 7.835 ], [ -73.743, 7.831 ], [ -73.751, 7.82 ], [ -73.751, 7.804 ], [ -73.737, 7.786 ], [ -73.741, 7.777 ], [ -73.762, 7.771 ], [ -73.753, 7.751 ], [ -73.633, 7.749 ], [ -73.599, 7.724 ], [ -73.6, 7.705 ], [ -73.582, 7.695 ], [ -73.573, 7.699 ], [ -73.557, 7.688 ], [ -73.561, 7.677 ], [ -73.538, 7.663 ], [ -73.517, 7.637 ], [ -73.521, 7.62 ], [ -73.509, 7.611 ], [ -73.509, 7.6 ], [ -73.489, 7.594 ], [ -73.468, 7.576 ], [ -73.44, 7.574 ], [ -73.41, 7.565 ], [ -73.396, 7.568 ], [ -73.399, 7.577 ], [ -73.387, 7.582 ], [ -73.37, 7.563 ], [ -73.364, 7.547 ], [ -73.355, 7.544 ], [ -73.32, 7.549 ], [ -73.308, 7.545 ], [ -73.282, 7.548 ], [ -73.263, 7.531 ], [ -73.253, 7.538 ], [ -73.248, 7.558 ], [ -73.259, 7.588 ], [ -73.244, 7.6 ], [ -73.236, 7.619 ], [ -73.218, 7.632 ], [ -73.182, 7.619 ], [ -73.166, 7.625 ], [ -73.16, 7.62 ], [ -73.12, 7.609 ], [ -73.101, 7.619 ], [ -73.091, 7.61 ], [ -73.06, 7.61 ], [ -73.049, 7.606 ], [ -73.034, 7.623 ], [ -73.012, 7.622 ], [ -72.999, 7.617 ], [ -72.982, 7.62 ], [ -72.98, 7.614 ], [ -72.992, 7.597 ], [ -72.978, 7.529 ], [ -72.968, 7.522 ], [ -72.939, 7.512 ], [ -72.928, 7.495 ], [ -72.911, 7.489 ], [ -72.896, 7.467 ], [ -72.9, 7.433 ], [ -72.877, 7.406 ], [ -72.872, 7.387 ], [ -72.863, 7.383 ], [ -72.85, 7.374 ], [ -72.856, 7.363 ], [ -72.838, 7.359 ], [ -72.84, 7.321 ], [ -72.834, 7.304 ], [ -72.856, 7.284 ], [ -72.87, 7.278 ], [ -72.876, 7.263 ], [ -72.868, 7.257 ], [ -72.865, 7.234 ], [ -72.856, 7.216 ], [ -72.831, 7.199 ], [ -72.841, 7.195 ], [ -72.844, 7.166 ], [ -72.856, 7.155 ], [ -72.847, 7.135 ], [ -72.856, 7.117 ], [ -72.868, 7.109 ], [ -72.883, 7.078 ], [ -72.878, 7.056 ], [ -72.855, 7.055 ], [ -72.844, 7.047 ], [ -72.824, 7.041 ], [ -72.79, 7.038 ], [ -72.786, 7.023 ], [ -72.758, 7.013 ], [ -72.746, 6.99 ], [ -72.734, 6.987 ], [ -72.722, 7.005 ], [ -72.7, 7.001 ], [ -72.692, 7.008 ], [ -72.677, 7.006 ], [ -72.669, 6.966 ], [ -72.657, 6.992 ], [ -72.648, 6.998 ], [ -72.632, 6.987 ], [ -72.614, 6.993 ], [ -72.6, 6.989 ], [ -72.587, 6.999 ], [ -72.562, 7.0 ], [ -72.555, 6.989 ], [ -72.554, 6.969 ], [ -72.544, 6.952 ], [ -72.542, 6.937 ], [ -72.553, 6.922 ], [ -72.547, 6.886 ], [ -72.514, 6.888 ], [ -72.512, 6.903 ], [ -72.503, 6.908 ], [ -72.496, 6.896 ], [ -72.502, 6.882 ], [ -72.498, 6.868 ], [ -72.477, 6.842 ], [ -72.483, 6.812 ], [ -72.498, 6.798 ], [ -72.499, 6.764 ], [ -72.491, 6.76 ], [ -72.488, 6.744 ], [ -72.499, 6.728 ], [ -72.488, 6.716 ], [ -72.485, 6.695 ], [ -72.491, 6.681 ], [ -72.485, 6.672 ], [ -72.486, 6.654 ], [ -72.497, 6.634 ], [ -72.514, 6.627 ], [ -72.527, 6.592 ], [ -72.542, 6.583 ], [ -72.546, 6.567 ], [ -72.537, 6.554 ], [ -72.536, 6.54 ], [ -72.549, 6.521 ], [ -72.545, 6.504 ], [ -72.534, 6.496 ], [ -72.539, 6.488 ], [ -72.548, 6.487 ], [ -72.583, 6.476 ], [ -72.603, 6.452 ], [ -72.623, 6.441 ], [ -72.649, 6.436 ], [ -72.661, 6.443 ], [ -72.68, 6.483 ], [ -72.687, 6.508 ], [ -72.694, 6.514 ], [ -72.704, 6.54 ], [ -72.721, 6.554 ], [ -72.73, 6.551 ], [ -72.744, 6.56 ], [ -72.743, 6.566 ], [ -72.76, 6.581 ], [ -72.77, 6.58 ], [ -72.809, 6.56 ], [ -72.811, 6.542 ], [ -72.797, 6.53 ], [ -72.779, 6.529 ], [ -72.773, 6.508 ], [ -72.756, 6.494 ], [ -72.736, 6.491 ], [ -72.737, 6.473 ], [ -72.725, 6.456 ], [ -72.738, 6.44 ], [ -72.735, 6.432 ], [ -72.733, 6.385 ], [ -72.726, 6.372 ], [ -72.731, 6.357 ], [ -72.748, 6.348 ], [ -72.75, 6.324 ], [ -72.758, 6.317 ], [ -72.755, 6.281 ], [ -72.746, 6.275 ], [ -72.744, 6.259 ], [ -72.75, 6.253 ], [ -72.746, 6.228 ], [ -72.755, 6.219 ], [ -72.767, 6.22 ], [ -72.775, 6.21 ], [ -72.793, 6.219 ], [ -72.804, 6.215 ], [ -72.811, 6.192 ], [ -72.82, 6.181 ], [ -72.825, 6.158 ], [ -72.829, 6.153 ], [ -72.843, 6.144 ], [ -72.868, 6.145 ], [ -72.873, 6.125 ], [ -72.898, 6.121 ], [ -72.9, 6.112 ], [ -72.916, 6.107 ], [ -72.923, 6.098 ], [ -72.923, 6.088 ], [ -72.935, 6.077 ], [ -72.945, 6.077 ], [ -72.954, 6.065 ], [ -72.953, 6.049 ], [ -72.97, 6.019 ], [ -72.983, 6.01 ], [ -72.991, 5.988 ], [ -73.011, 5.963 ], [ -73.018, 5.97 ], [ -73.022, 5.991 ], [ -73.028, 5.997 ], [ -73.031, 6.021 ], [ -73.047, 6.02 ], [ -73.062, 6.011 ], [ -73.068, 5.983 ], [ -73.082, 5.977 ], [ -73.082, 5.969 ], [ -73.102, 5.962 ], [ -73.13, 5.959 ], [ -73.154, 5.968 ], [ -73.155, 5.979 ], [ -73.176, 5.995 ], [ -73.199, 6.003 ], [ -73.218, 5.981 ], [ -73.225, 5.941 ], [ -73.208, 5.922 ], [ -73.219, 5.913 ], [ -73.221, 5.891 ], [ -73.21, 5.891 ], [ -73.184, 5.85 ], [ -73.206, 5.826 ], [ -73.229, 5.825 ], [ -73.246, 5.816 ], [ -73.265, 5.835 ], [ -73.269, 5.853 ], [ -73.284, 5.86 ], [ -73.29, 5.85 ], [ -73.313, 5.856 ], [ -73.327, 5.851 ], [ -73.351, 5.873 ], [ -73.346, 5.842 ], [ -73.353, 5.831 ], [ -73.359, 5.798 ], [ -73.37, 5.788 ], [ -73.382, 5.761 ], [ -73.39, 5.751 ], [ -73.418, 5.769 ], [ -73.427, 5.766 ], [ -73.431, 5.793 ], [ -73.472, 5.822 ], [ -73.464, 5.848 ], [ -73.451, 5.867 ], [ -73.449, 5.88 ], [ -73.457, 5.89 ], [ -73.444, 5.902 ], [ -73.434, 5.898 ], [ -73.421, 5.889 ], [ -73.409, 5.889 ], [ -73.386, 5.936 ], [ -73.389, 5.942 ], [ -73.374, 5.97 ], [ -73.376, 5.977 ], [ -73.371, 6.005 ], [ -73.399, 6.046 ], [ -73.406, 6.051 ], [ -73.404, 6.056 ], [ -73.419, 6.068 ], [ -73.43, 6.068 ], [ -73.454, 6.079 ], [ -73.472, 6.095 ], [ -73.497, 6.108 ], [ -73.515, 6.099 ], [ -73.514, 6.087 ], [ -73.527, 6.077 ], [ -73.525, 6.059 ], [ -73.532, 6.049 ], [ -73.537, 6.042 ], [ -73.56, 6.029 ], [ -73.566, 6.018 ], [ -73.582, 6.012 ], [ -73.588, 5.998 ], [ -73.593, 5.959 ], [ -73.607, 5.931 ], [ -73.636, 5.911 ], [ -73.63, 5.894 ], [ -73.613, 5.888 ], [ -73.6, 5.869 ], [ -73.619, 5.827 ], [ -73.629, 5.79 ], [ -73.626, 5.779 ], [ -73.629, 5.747 ], [ -73.639, 5.724 ], [ -73.652, 5.712 ], [ -73.673, 5.748 ], [ -73.694, 5.758 ], [ -73.716, 5.781 ], [ -73.726, 5.771 ], [ -73.763, 5.773 ], [ -73.796, 5.728 ], [ -73.813, 5.715 ], [ -73.82, 5.717 ], [ -73.819, 5.737 ], [ -73.837, 5.74 ], [ -73.854, 5.726 ], [ -73.862, 5.711 ], [ -73.88, 5.708 ], [ -73.873, 5.726 ], [ -73.884, 5.723 ], [ -73.886, 5.735 ], [ -73.9, 5.737 ], [ -73.916, 5.737 ], [ -73.925, 5.743 ], [ -73.945, 5.736 ], [ -73.962, 5.74 ], [ -73.981, 5.721 ], [ -73.992, 5.729 ], [ -74.011, 5.774 ], [ -74.025, 5.784 ], [ -74.023, 5.795 ], [ -74.034, 5.812 ] ] ] } },
{ "type": "Feature", "properties": { "DPTO_CCDGO": "70", "DPTO_CNMBR": "SUCRE", "area_km2": 10585.912882762488 }, "geometry": { "type": "Polygon", "coordinates": [ [ [ -75.341, 8.72 ], [ -75.33, 8.726 ], [ -75.331, 8.746 ], [ -75.324, 8.756 ], [ -75.339, 8.766 ], [ -75.336, 8.772 ], [ -75.369, 8.792 ], [ -75.367, 8.81 ], [ -75.372, 8.827 ], [ -75.348, 8.843 ], [ -75.351, 8.85 ], [ -75.336, 8.853 ], [ -75.332, 8.866 ], [ -75.304, 8.857 ], [ -75.287, 8.89 ], [ -75.293, 8.897 ], [ -75.273, 8.914 ], [ -75.265, 8.895 ], [ -75.258, 8.896 ], [ -75.245, 8.882 ], [ -75.225, 8.908 ], [ -75.212, 8.917 ], [ -75.204, 8.915 ], [ -75.2, 8.922 ], [ -75.186, 8.914 ], [ -75.181, 8.93 ], [ -75.192, 8.936 ], [ -75.188, 8.944 ], [ -75.172, 8.928 ], [ -75.168, 8.944 ], [ -75.156, 8.944 ], [ -75.18, 8.967 ], [ -75.188, 8.967 ], [ -75.188, 8.989 ], [ -75.208, 9.007 ], [ -75.208, 9.035 ], [ -75.207, 9.044 ], [ -75.224, 9.073 ], [ -75.236, 9.067 ], [ -75.271, 9.077 ], [ -75.281, 9.073 ], [ -75.299, 9.083 ], [ -75.294, 9.096 ], [ -75.31, 9.089 ], [ -75.307, 9.103 ], [ -75.31, 9.118 ], [ -75.321, 9.116 ], [ -75.335, 9.131 ], [ -75.346, 9.124 ], [ -75.356, 9.137 ], [ -75.379, 9.137 ], [ -75.379, 9.148 ], [ -75.391, 9.161 ], [ -75.411, 9.145 ], [ -75.422, 9.151 ], [ -75.435, 9.14 ], [ -75.449, 9.14 ], [ -75.458, 9.155 ], [ -75.466, 9.158 ], [ -75.454, 9.179 ], [ -75.464, 9.196 ], [ -75.466, 9.213 ], [ -75.458, 9.238 ], [ -75.478, 9.247 ], [ -75.496, 9.262 ], [ -75.494, 9.273 ], [ -75.497, 9.285 ], [ -75.508, 9.273 ], [ -75.512, 9.258 ], [ -75.548, 9.26 ], [ -75.569, 9.28 ], [ -75.584, 9.273 ], [ -75.589, 9.278 ], [ -75.609, 9.281 ], [ -75.603, 9.299 ], [ -75.588, 9.303 ], [ -75.6, 9.325 ], [ -75.614, 9.331 ], [ -75.628, 9.352 ], [ -75.641, 9.349 ], [ -75.649, 9.362 ], [ -75.661, 9.358 ], [ -75.672, 9.343 ], [ -75.688, 9.356 ], [ -75.689, 9.363 ], [ -75.704, 9.372 ], [ -75.7, 9.412 ], [ -75.676, 9.404 ], [ -75.652, 9.421 ], [ -75.644, 9.421 ], [ -75.629, 9.435 ], [ -75.608, 9.469 ], [ -75.597, 9.49 ], [ -75.575, 9.559 ], [ -75.571, 9.585 ], [ -75.572, 9.61 ], [ -75.579, 9.638 ], [ -75.596, 9.659 ], [ -75.613, 9.695 ], [ -75.631, 9.692 ], [ -75.646, 9.705 ], [ -75.693, 9.705 ], [ -75.688, 9.722 ], [ -75.678, 9.733 ], [ -75.649, 9.753 ], [ -75.641, 9.763 ], [ -75.645, 9.775 ], [ -75.632, 9.787 ], [ -75.62, 9.82 ], [ -75.622, 9.827 ], [ -75.614, 9.851 ], [ -75.621, 9.876 ], [ -75.606, 9.892 ], [ -75.593, 9.922 ], [ -75.596, 9.935 ], [ -75.581, 9.952 ], [ -75.575, 9.982 ], [ -75.584, 9.998 ], [ -75.574, 10.007 ], [ -75.571, 10.023 ], [ -75.576, 10.054 ], [ -75.57, 10.07 ], [ -75.574, 10.086 ], [ -75.497, 10.145 ], [ -75.545, 10.046 ], [ -75.521, 10.026 ], [ -75.511, 10.025 ], [ -75.502, 10.035 ], [ -75.487, 10.037 ], [ -75.476, 10.019 ], [ -75.484, 10.007 ], [ -75.474, 10.004 ], [ -75.477, 9.974 ], [ -75.464, 9.961 ], [ -75.478, 9.935 ], [ -75.469, 9.925 ], [ -75.476, 9.917 ], [ -75.464, 9.906 ], [ -75.466, 9.892 ], [ -75.453, 9.894 ], [ -75.446, 9.913 ], [ -75.431, 9.913 ], [ -75.433, 9.897 ], [ -75.419, 9.89 ], [ -75.421, 9.884 ], [ -75.394, 9.881 ], [ -75.384, 9.871 ], [ -75.377, 9.849 ], [ -75.362, 9.846 ], [ -75.339, 9.828 ], [ -75.336, 9.812 ], [ -75.347, 9.773 ], [ -75.366, 9.727 ], [ -75.372, 9.728 ], [ -75.377, 9.704 ], [ -75.372, 9.69 ], [ -75.381, 9.682 ], [ -75.372, 9.676 ], [ -75.375, 9.658 ], [ -75.384, 9.651 ], [ -75.373, 9.629 ], [ -75.363, 9.631 ], [ -75.363, 9.647 ], [ -75.342, 9.642 ], [ -75.33, 9.631 ], [ -75.327, 9.617 ], [ -75.315, 9.653 ], [ -75.3, 9.658 ], [ -75.3, 9.67 ], [ -75.28, 9.686 ], [ -75.267, 9.683 ], [ -75.27, 9.67 ], [ -75.23, 9.651 ], [ -75.199, 9.651 ], [ -75.18, 9.639 ], [ -75.165, 9.646 ], [ -75.183, 9.627 ], [ -75.181, 9.602 ], [ -75.168, 9.613 ], [ -75.154, 9.6 ], [ -75.133, 9.596 ], [ -75.132, 9.581 ], [ -75.123, 9.577 ], [ -75.085, 9.545 ], [ -75.077, 9.533 ], [ -75.056, 9.533 ], [ -75.039, 9.54 ], [ -75.027, 9.529 ], [ -75.012, 9.528 ], [ -75.029, 9.51 ], [ -75.026, 9.495 ], [ -75.036, 9.474 ], [ -75.032, 9.467 ], [ -74.996, 9.447 ], [ -74.981, 9.445 ], [ -74.96, 9.434 ], [ -74.946, 9.437 ], [ -74.939, 9.447 ], [ -74.914, 9.44 ], [ -74.91, 9.433 ], [ -74.891, 9.431 ], [ -74.886, 9.425 ], [ -74.912, 9.416 ], [ -74.922, 9.4 ], [ -74.922, 9.388 ], [ -74.942, 9.351 ], [ -74.95, 9.349 ], [ -74.943, 9.335 ], [ -74.933, 9.328 ], [ -74.945, 9.296 ], [ -74.931, 9.292 ], [ -74.924, 9.268 ], [ -74.928, 9.251 ], [ -74.91, 9.245 ], [ -74.905, 9.23 ], [ -74.908, 9.205 ], [ -74.902, 9.194 ], [ -74.906, 9.174 ], [ -74.903, 9.163 ], [ -74.874, 9.157 ], [ -74.862, 9.146 ], [ -74.847, 9.122 ], [ -74.844, 9.107 ], [ -74.829, 9.085 ], [ -74.828, 9.062 ], [ -74.813, 9.05 ], [ -74.786, 9.047 ], [ -74.776, 9.038 ], [ -74.755, 9.044 ], [ -74.746, 9.038 ], [ -74.748, 9.028 ], [ -74.737, 9.016 ], [ -74.705, 9.008 ], [ -74.685, 9.011 ], [ -74.669, 9.005 ], [ -74.67, 8.998 ], [ -74.639, 8.977 ], [ -74.623, 8.939 ], [ -74.623, 8.93 ], [ -74.607, 8.932 ], [ -74.609, 8.919 ], [ -74.592, 8.887 ], [ -74.589, 8.872 ], [ -74.58, 8.873 ], [ -74.586, 8.841 ], [ -74.565, 8.837 ], [ -74.54, 8.805 ], [ -74.564, 8.795 ], [ -74.575, 8.786 ], [ -74.576, 8.775 ], [ -74.589, 8.761 ], [ -74.607, 8.763 ], [ -74.61, 8.754 ], [ -74.6, 8.745 ], [ -74.608, 8.73 ], [ -74.597, 8.701 ], [ -74.597, 8.678 ], [ -74.592, 8.666 ], [ -74.598, 8.651 ], [ -74.587, 8.631 ], [ -74.588, 8.61 ], [ -74.594, 8.591 ], [ -74.573, 8.581 ], [ -74.564, 8.572 ], [ -74.564, 8.549 ], [ -74.577, 8.544 ], [ -74.567, 8.517 ], [ -74.57, 8.51 ], [ -74.556, 8.509 ], [ -74.534, 8.475 ], [ -74.534, 8.452 ], [ -74.539, 8.428 ], [ -74.554, 8.413 ], [ -74.561, 8.39 ], [ -74.577, 8.386 ], [ -74.59, 8.388 ], [ -74.597, 8.403 ], [ -74.61, 8.401 ], [ -74.616, 8.386 ], [ -74.611, 8.376 ], [ -74.618, 8.358 ], [ -74.614, 8.347 ], [ -74.632, 8.327 ], [ -74.649, 8.313 ], [ -74.65, 8.283 ], [ -74.66, 8.28 ], [ -74.668, 8.295 ], [ -74.681, 8.292 ], [ -74.713, 8.304 ], [ -74.726, 8.296 ], [ -74.727, 8.281 ], [ -74.748, 8.299 ], [ -74.764, 8.295 ], [ -74.771, 8.279 ], [ -74.781, 8.278 ], [ -74.795, 8.282 ], [ -74.801, 8.296 ], [ -74.789, 8.313 ], [ -74.8, 8.32 ], [ -74.796, 8.328 ], [ -74.812, 8.349 ], [ -74.828, 8.36 ], [ -74.816, 8.371 ], [ -74.804, 8.369 ], [ -74.808, 8.387 ], [ -74.839, 8.385 ], [ -74.84, 8.394 ], [ -74.852, 8.385 ], [ -74.858, 8.396 ], [ -74.874, 8.403 ], [ -74.886, 8.432 ], [ -74.899, 8.447 ], [ -74.901, 8.455 ], [ -74.927, 8.453 ], [ -74.926, 8.5 ], [ -74.994, 8.51 ], [ -75.003, 8.523 ], [ -75.008, 8.511 ], [ -75.024, 8.497 ], [ -75.033, 8.499 ], [ -75.033, 8.471 ], [ -75.041, 8.458 ], [ -75.056, 8.466 ], [ -75.062, 8.453 ], [ -75.085, 8.466 ], [ -75.128, 8.468 ], [ -75.135, 8.46 ], [ -75.13, 8.45 ], [ -75.14, 8.434 ], [ -75.157, 8.433 ], [ -75.157, 8.419 ], [ -75.165, 8.416 ], [ -75.185, 8.397 ], [ -75.196, 8.409 ], [ -75.196, 8.421 ], [ -75.209, 8.422 ], [ -75.209, 8.432 ], [ -75.192, 8.443 ], [ -75.202, 8.453 ], [ -75.216, 8.485 ], [ -75.231, 8.471 ], [ -75.241, 8.487 ], [ -75.267, 8.488 ], [ -75.289, 8.5 ], [ -75.307, 8.497 ], [ -75.314, 8.502 ], [ -75.304, 8.518 ], [ -75.323, 8.547 ], [ -75.33, 8.553 ], [ -75.318, 8.574 ], [ -75.318, 8.588 ], [ -75.346, 8.65 ], [ -75.357, 8.67 ], [ -75.336, 8.711 ], [ -75.341, 8.72 ] ] ] } },
{ "type": "Feature", "properties": { "DPTO_CCDGO": "73", "DPTO_CNMBR": "TOLIMA", "area_km2": 24128.10202678022 }, "geometry": { "type": "Polygon", "coordinates": [ [ [ -75.583, 3.124 ], [ -75.602, 3.113 ], [ -75.605, 3.103 ], [ -75.622, 3.075 ], [ -75.618, 3.062 ], [ -75.6, 3.048 ], [ -75.614, 3.024 ], [ -75.636, 2.994 ], [ -75.647, 2.996 ], [ -75.66, 2.987 ], [ -75.692, 2.993 ], [ -75.699, 2.976 ], [ -75.729, 2.954 ], [ -75.744, 2.953 ], [ -75.763, 2.941 ], [ -75.768, 2.915 ], [ -75.781, 2.912 ], [ -75.787, 2.899 ], [ -75.803, 2.885 ], [ -75.821, 2.883 ], [ -75.832, 2.874 ], [ -75.86, 2.873 ], [ -75.884, 2.897 ], [ -75.898, 2.894 ], [ -75.908, 2.909 ], [ -75.927, 2.913 ], [ -75.927, 2.921 ], [ -75.955, 2.919 ], [ -75.959, 2.937 ], [ -75.975, 2.948 ], [ -75.991, 2.982 ], [ -76.029, 2.94 ], [ -76.026, 2.959 ], [ -76.029, 2.972 ], [ -76.022, 3.005 ], [ -76.041, 3.016 ], [ -76.039, 3.024 ], [ -76.046, 3.044 ], [ -76.067, 3.046 ], [ -76.073, 3.05 ], [ -76.07, 3.067 ], [ -76.084, 3.091 ], [ -76.103, 3.096 ], [ -76.106, 3.107 ], [ -76.085, 3.113 ], [ -76.074, 3.122 ], [ -76.073, 3.14 ], [ -76.084, 3.157 ], [ -76.078, 3.165 ], [ -76.091, 3.175 ], [ -76.091, 3.198 ], [ -76.084, 3.204 ], [ -76.069, 3.195 ], [ -76.052, 3.219 ], [ -76.055, 3.223 ], [ -76.059, 3.231 ], [ -76.04, 3.248 ], [ -76.051, 3.282 ], [ -76.038, 3.301 ], [ -76.045, 3.319 ], [ -76.057, 3.328 ], [ -76.052, 3.336 ], [ -76.061, 3.355 ], [ -76.047, 3.365 ], [ -76.047, 3.374 ], [ -76.031, 3.382 ], [ -76.03, 3.393 ], [ -76.042, 3.395 ], [ -76.038, 3.419 ], [ -76.041, 3.438 ], [ -76.037, 3.453 ], [ -76.029, 3.453 ], [ -76.022, 3.48 ], [ -76.027, 3.487 ], [ -76.015, 3.508 ], [ -76.001, 3.52 ], [ -76.003, 3.528 ], [ -75.984, 3.56 ], [ -75.989, 3.575 ], [ -75.985, 3.589 ], [ -75.994, 3.611 ], [ -75.987, 3.624 ], [ -75.994, 3.636 ], [ -75.977, 3.644 ], [ -75.977, 3.655 ], [ -75.95, 3.674 ], [ -75.961, 3.697 ], [ -75.96, 3.704 ], [ -75.956, 3.714 ], [ -75.946, 3.715 ], [ -75.945, 3.728 ], [ -75.917, 3.748 ], [ -75.903, 3.797 ], [ -75.872, 3.824 ], [ -75.861, 3.849 ], [ -75.853, 3.854 ], [ -75.862, 3.874 ], [ -75.85, 3.889 ], [ -75.834, 3.91 ], [ -75.823, 3.905 ], [ -75.807, 3.931 ], [ -75.806, 3.953 ], [ -75.791, 3.971 ], [ -75.797, 3.989 ], [ -75.795, 4.005 ], [ -75.774, 4.008 ], [ -75.769, 4.021 ], [ -75.745, 4.043 ], [ -75.738, 4.056 ], [ -75.752, 4.077 ], [ -75.747, 4.095 ], [ -75.732, 4.104 ], [ -75.733, 4.113 ], [ -75.719, 4.113 ], [ -75.715, 4.127 ], [ -75.706, 4.127 ], [ -75.691, 4.139 ], [ -75.688, 4.167 ], [ -75.656, 4.201 ], [ -75.658, 4.222 ], [ -75.646, 4.226 ], [ -75.643, 4.246 ], [ -75.623, 4.258 ], [ -75.616, 4.273 ], [ -75.597, 4.279 ], [ -75.604, 4.289 ], [ -75.593, 4.319 ], [ -75.6, 4.334 ], [ -75.593, 4.348 ], [ -75.593, 4.362 ], [ -75.583, 4.387 ], [ -75.579, 4.409 ], [ -75.583, 4.424 ], [ -75.578, 4.452 ], [ -75.555, 4.472 ], [ -75.536, 4.495 ], [ -75.525, 4.498 ], [ -75.527, 4.516 ], [ -75.524, 4.54 ], [ -75.515, 4.556 ], [ -75.49, 4.57 ], [ -75.485, 4.582 ], [ -75.472, 4.588 ], [ -75.469, 4.598 ], [ -75.436, 4.603 ], [ -75.421, 4.611 ], [ -75.415, 4.622 ], [ -75.422, 4.643 ], [ -75.422, 4.659 ], [ -75.401, 4.69 ], [ -75.386, 4.701 ], [ -75.384, 4.708 ], [ -75.389, 4.715 ], [ -75.378, 4.73 ], [ -75.388, 4.746 ], [ -75.378, 4.769 ], [ -75.375, 4.803 ], [ -75.357, 4.827 ], [ -75.352, 4.842 ], [ -75.345, 4.842 ], [ -75.324, 4.866 ], [ -75.319, 4.887 ], [ -75.319, 4.893 ], [ -75.335, 4.9 ], [ -75.352, 4.938 ], [ -75.354, 4.963 ], [ -75.336, 4.975 ], [ -75.318, 5.014 ], [ -75.318, 5.028 ], [ -75.328, 5.042 ], [ -75.338, 5.045 ], [ -75.349, 5.057 ], [ -75.345, 5.081 ], [ -75.308, 5.111 ], [ -75.288, 5.138 ], [ -75.276, 5.141 ], [ -75.235, 5.126 ], [ -75.207, 5.144 ], [ -75.195, 5.164 ], [ -75.167, 5.169 ], [ -75.149, 5.165 ], [ -75.13, 5.156 ], [ -75.112, 5.164 ], [ -75.113, 5.182 ], [ -75.098, 5.211 ], [ -75.085, 5.224 ], [ -75.075, 5.244 ], [ -75.061, 5.256 ], [ -75.06, 5.27 ], [ -75.057, 5.276 ], [ -75.036, 5.277 ], [ -75.024, 5.287 ], [ -75.001, 5.292 ], [ -74.987, 5.289 ], [ -74.968, 5.301 ], [ -74.955, 5.301 ], [ -74.94, 5.313 ], [ -74.909, 5.308 ], [ -74.898, 5.299 ], [ -74.872, 5.295 ], [ -74.861, 5.306 ], [ -74.848, 5.317 ], [ -74.823, 5.318 ], [ -74.812, 5.306 ], [ -74.79, 5.299 ], [ -74.773, 5.298 ], [ -74.754, 5.282 ], [ -74.743, 5.291 ], [ -74.734, 5.287 ], [ -74.725, 5.264 ], [ -74.723, 5.24 ], [ -74.73, 5.232 ], [ -74.734, 5.203 ], [ -74.72, 5.198 ], [ -74.715, 5.186 ], [ -74.719, 5.164 ], [ -74.732, 5.141 ], [ -74.72, 5.119 ], [ -74.717, 5.092 ], [ -74.73, 5.068 ], [ -74.726, 5.058 ], [ -74.73, 5.036 ], [ -74.743, 5.008 ], [ -74.731, 4.997 ], [ -74.706, 4.983 ], [ -74.715, 4.972 ], [ -74.728, 4.977 ], [ -74.744, 4.966 ], [ -74.749, 4.952 ], [ -74.734, 4.935 ], [ -74.74, 4.902 ], [ -74.732, 4.894 ], [ -74.737, 4.884 ], [ -74.755, 4.886 ], [ -74.752, 4.866 ], [ -74.769, 4.842 ], [ -74.749, 4.83 ], [ -74.743, 4.79 ], [ -74.769, 4.775 ], [ -74.778, 4.751 ], [ -74.794, 4.748 ], [ -74.815, 4.736 ], [ -74.816, 4.714 ], [ -74.801, 4.7 ], [ -74.807, 4.669 ], [ -74.786, 4.653 ], [ -74.796, 4.643 ], [ -74.802, 4.626 ], [ -74.816, 4.611 ], [ -74.794, 4.592 ], [ -74.815, 4.586 ], [ -74.806, 4.573 ], [ -74.809, 4.555 ], [ -74.801, 4.546 ], [ -74.805, 4.536 ], [ -74.787, 4.509 ], [ -74.795, 4.5 ], [ -74.801, 4.484 ], [ -74.804, 4.459 ], [ -74.822, 4.445 ], [ -74.833, 4.443 ], [ -74.831, 4.423 ], [ -74.839, 4.383 ], [ -74.854, 4.366 ], [ -74.856, 4.335 ], [ -74.883, 4.318 ], [ -74.874, 4.305 ], [ -74.891, 4.289 ], [ -74.879, 4.266 ], [ -74.855, 4.269 ], [ -74.834, 4.276 ], [ -74.813, 4.294 ], [ -74.797, 4.288 ], [ -74.777, 4.282 ], [ -74.781, 4.265 ], [ -74.768, 4.264 ], [ -74.766, 4.251 ], [ -74.752, 4.259 ], [ -74.745, 4.248 ], [ -74.745, 4.236 ], [ -74.731, 4.245 ], [ -74.722, 4.231 ], [ -74.705, 4.227 ], [ -74.702, 4.212 ], [ -74.677, 4.207 ], [ -74.656, 4.215 ], [ -74.657, 4.199 ], [ -74.626, 4.223 ], [ -74.619, 4.238 ], [ -74.62, 4.252 ], [ -74.597, 4.258 ], [ -74.589, 4.267 ], [ -74.569, 4.272 ], [ -74.556, 4.267 ], [ -74.552, 4.265 ], [ -74.549, 4.26 ], [ -74.541, 4.252 ], [ -74.519, 4.24 ], [ -74.508, 4.199 ], [ -74.501, 4.188 ], [ -74.483, 4.177 ], [ -74.484, 4.147 ], [ -74.476, 4.134 ], [ -74.476, 4.12 ], [ -74.486, 4.096 ], [ -74.509, 4.078 ], [ -74.526, 4.052 ], [ -74.531, 4.034 ], [ -74.524, 4.022 ], [ -74.534, 3.993 ], [ -74.532, 3.975 ], [ -74.527, 3.963 ], [ -74.513, 3.953 ], [ -74.515, 3.927 ], [ -74.523, 3.917 ], [ -74.529, 3.879 ], [ -74.539, 3.845 ], [ -74.535, 3.843 ], [ -74.536, 3.817 ], [ -74.547, 3.803 ], [ -74.557, 3.768 ], [ -74.605, 3.721 ], [ -74.647, 3.683 ], [ -74.658, 3.682 ], [ -74.676, 3.666 ], [ -74.698, 3.641 ], [ -74.701, 3.616 ], [ -74.717, 3.615 ], [ -74.739, 3.59 ], [ -74.727, 3.562 ], [ -74.739, 3.536 ], [ -74.752, 3.528 ], [ -74.758, 3.532 ], [ -74.775, 3.524 ], [ -74.783, 3.493 ], [ -74.781, 3.479 ], [ -74.762, 3.45 ], [ -74.765, 3.441 ], [ -74.784, 3.426 ], [ -74.811, 3.411 ], [ -74.815, 3.396 ], [ -74.826, 3.389 ], [ -74.831, 3.369 ], [ -74.846, 3.356 ], [ -74.848, 3.343 ], [ -74.875, 3.327 ], [ -74.875, 3.321 ], [ -74.903, 3.293 ], [ -74.909, 3.291 ], [ -74.934, 3.286 ], [ -74.959, 3.277 ], [ -74.98, 3.285 ], [ -74.996, 3.277 ], [ -75.008, 3.28 ], [ -75.021, 3.289 ], [ -75.035, 3.287 ], [ -75.071, 3.295 ], [ -75.058, 3.313 ], [ -75.055, 3.332 ], [ -75.06, 3.352 ], [ -75.055, 3.36 ], [ -75.057, 3.378 ], [ -75.032, 3.386 ], [ -75.028, 3.397 ], [ -75.042, 3.407 ], [ -75.034, 3.428 ], [ -75.046, 3.432 ], [ -75.121, 3.433 ], [ -75.132, 3.43 ], [ -75.15, 3.435 ], [ -75.149, 3.421 ], [ -75.174, 3.409 ], [ -75.173, 3.378 ], [ -75.2, 3.385 ], [ -75.201, 3.41 ], [ -75.212, 3.408 ], [ -75.227, 3.416 ], [ -75.241, 3.404 ], [ -75.253, 3.366 ], [ -75.268, 3.382 ], [ -75.308, 3.404 ], [ -75.321, 3.418 ], [ -75.327, 3.404 ], [ -75.369, 3.404 ], [ -75.375, 3.375 ], [ -75.396, 3.377 ], [ -75.413, 3.372 ], [ -75.426, 3.353 ], [ -75.44, 3.345 ], [ -75.445, 3.357 ], [ -75.463, 3.354 ], [ -75.479, 3.361 ], [ -75.487, 3.346 ], [ -75.486, 3.332 ], [ -75.496, 3.322 ], [ -75.511, 3.329 ], [ -75.527, 3.318 ], [ -75.522, 3.302 ], [ -75.53, 3.286 ], [ -75.542, 3.276 ], [ -75.55, 3.257 ], [ -75.568, 3.242 ], [ -75.578, 3.221 ], [ -75.572, 3.211 ], [ -75.577, 3.189 ], [ -75.585, 3.176 ], [ -75.585, 3.15 ], [ -75.576, 3.145 ], [ -75.583, 3.124 ] ] ] } },
{ "type": "Feature", "properties": { "DPTO_CCDGO": "76", "DPTO_CNMBR": "VALLE DEL CAUCA", "area_km2": 20677.368574597243 }, "geometry": { "type": "MultiPolygon", "coordinates": [ [ [ [ -77.215, 4.023 ], [ -77.214, 4.021 ], [ -77.216, 4.021 ], [ -77.215, 4.023 ] ] ], [ [ [ -77.215, 4.026 ], [ -77.216, 4.026 ], [ -77.216, 4.027 ], [ -77.215, 4.027 ], [ -77.215, 4.026 ] ] ], [ [ [ -77.211, 4.024 ], [ -77.21, 4.031 ], [ -77.207, 4.031 ], [ -77.211, 4.024 ] ] ], [ [ [ -77.221, 4.027 ], [ -77.219, 4.029 ], [ -77.217, 4.027 ], [ -77.221, 4.027 ] ] ], [ [ [ -77.216, 4.027 ], [ -77.217, 4.032 ], [ -77.214, 4.031 ], [ -77.216, 4.027 ] ] ], [ [ [ -77.213, 4.032 ], [ -77.211, 4.033 ], [ -77.213, 4.027 ], [ -77.213, 4.032 ] ] ], [ [ [ -77.221, 4.031 ], [ -77.219, 4.032 ], [ -77.219, 4.03 ], [ -77.221, 4.031 ] ] ], [ [ [ -77.209, 4.033 ], [ -77.206, 4.035 ], [ -77.206, 4.033 ], [ -77.209, 4.033 ] ] ], [ [ [ -77.226, 4.035 ], [ -77.225, 4.034 ], [ -77.228, 4.033 ], [ -77.226, 4.035 ] ] ], [ [ [ -77.241, 4.036 ], [ -77.24, 4.034 ], [ -77.242, 4.034 ], [ -77.241, 4.036 ] ] ], [ [ [ -77.226, 4.036 ], [ -77.225, 4.037 ], [ -77.224, 4.036 ], [ -77.226, 4.036 ] ] ], [ [ [ -77.24, 4.042 ], [ -77.23, 4.043 ], [ -77.231, 4.032 ], [ -77.24, 4.042 ] ] ], [ [ [ -77.214, 4.049 ], [ -77.214, 4.051 ], [ -77.211, 4.05 ], [ -77.214, 4.049 ] ] ], [ [ [ -77.258, 4.058 ], [ -77.252, 4.058 ], [ -77.253, 4.056 ], [ -77.254, 4.053 ], [ -77.258, 4.058 ] ] ], [ [ [ -77.234, 4.058 ], [ -77.233, 4.06 ], [ -77.231, 4.058 ], [ -77.234, 4.058 ] ] ], [ [ [ -77.252, 4.061 ], [ -77.249, 4.058 ], [ -77.251, 4.058 ], [ -77.252, 4.061 ] ] ], [ [ [ -77.24, 4.063 ], [ -77.237, 4.06 ], [ -77.242, 4.056 ], [ -77.24, 4.063 ] ] ], [ [ [ -77.25, 4.063 ], [ -77.25, 4.065 ], [ -77.246, 4.062 ], [ -77.25, 4.063 ] ] ], [ [ [ -77.232, 4.061 ], [ -77.237, 4.064 ], [ -77.232, 4.067 ], [ -77.232, 4.061 ] ] ], [ [ [ -77.241, 4.065 ], [ -77.242, 4.067 ], [ -77.239, 4.067 ], [ -77.241, 4.065 ] ] ], [ [ [ -77.245, 4.064 ], [ -77.247, 4.07 ], [ -77.242, 4.065 ], [ -77.245, 4.064 ] ] ], [ [ [ -77.231, 4.069 ], [ -77.229, 4.075 ], [ -77.227, 4.071 ], [ -77.231, 4.069 ] ] ], [ [ [ -77.242, 4.068 ], [ -77.242, 4.082 ], [ -77.232, 4.072 ], [ -77.242, 4.068 ] ] ], [ [ [ -76.473, 3.217 ], [ -76.492, 3.216 ], [ -76.49, 3.17 ], [ -76.496, 3.175 ], [ -76.508, 3.157 ], [ -76.503, 3.144 ], [ -76.521, 3.142 ], [ -76.516, 3.118 ], [ -76.53, 3.124 ], [ -76.539, 3.108 ], [ -76.558, 3.102 ], [ -76.573, 3.129 ], [ -76.591, 3.116 ], [ -76.588, 3.108 ], [ -76.599, 3.092 ], [ -76.61, 3.091 ], [ -76.624, 3.102 ], [ -76.622, 3.116 ], [ -76.632, 3.128 ], [ -76.652, 3.102 ], [ -76.677, 3.1 ], [ -76.7, 3.12 ], [ -76.723, 3.118 ], [ -76.744, 3.136 ], [ -76.75, 3.146 ], [ -76.74, 3.171 ], [ -76.745, 3.193 ], [ -76.758, 3.202 ], [ -76.753, 3.21 ], [ -76.773, 3.234 ], [ -76.783, 3.231 ], [ -76.788, 3.218 ], [ -76.809, 3.208 ], [ -76.831, 3.211 ], [ -76.851, 3.207 ], [ -76.859, 3.212 ], [ -76.88, 3.21 ], [ -76.892, 3.202 ], [ -76.909, 3.201 ], [ -76.916, 3.149 ], [ -76.928, 3.14 ], [ -76.925, 3.131 ], [ -76.938, 3.114 ], [ -76.972, 3.119 ], [ -76.977, 3.133 ], [ -76.988, 3.139 ], [ -76.998, 3.155 ], [ -77.011, 3.153 ], [ -77.03, 3.167 ], [ -77.037, 3.164 ], [ -77.064, 3.169 ], [ -77.08, 3.18 ], [ -77.1, 3.186 ], [ -77.13, 3.161 ], [ -77.136, 3.17 ], [ -77.153, 3.17 ], [ -77.173, 3.165 ], [ -77.173, 3.159 ], [ -77.204, 3.134 ], [ -77.217, 3.136 ], [ -77.216, 3.121 ], [ -77.235, 3.108 ], [ -77.251, 3.115 ], [ -77.262, 3.135 ], [ -77.275, 3.133 ], [ -77.288, 3.138 ], [ -77.278, 3.149 ], [ -77.316, 3.174 ], [ -77.32, 3.166 ], [ -77.346, 3.141 ], [ -77.366, 3.147 ], [ -77.364, 3.163 ], [ -77.384, 3.178 ], [ -77.383, 3.204 ], [ -77.393, 3.214 ], [ -77.404, 3.214 ], [ -77.416, 3.241 ], [ -77.43, 3.254 ], [ -77.452, 3.242 ], [ -77.464, 3.23 ], [ -77.466, 3.216 ], [ -77.481, 3.209 ], [ -77.498, 3.216 ], [ -77.505, 3.225 ], [ -77.498, 3.234 ], [ -77.526, 3.234 ], [ -77.541, 3.226 ], [ -77.55, 3.23 ], [ -77.529, 3.261 ], [ -77.494, 3.306 ], [ -77.484, 3.309 ], [ -77.48, 3.323 ], [ -77.462, 3.334 ], [ -77.431, 3.366 ], [ -77.42, 3.369 ], [ -77.415, 3.355 ], [ -77.406, 3.372 ], [ -77.407, 3.383 ], [ -77.39, 3.402 ], [ -77.369, 3.443 ], [ -77.362, 3.45 ], [ -77.365, 3.426 ], [ -77.355, 3.411 ], [ -77.332, 3.427 ], [ -77.337, 3.448 ], [ -77.371, 3.472 ], [ -77.367, 3.484 ], [ -77.333, 3.517 ], [ -77.331, 3.531 ], [ -77.293, 3.576 ], [ -77.288, 3.569 ], [ -77.236, 3.585 ], [ -77.228, 3.582 ], [ -77.206, 3.608 ], [ -77.196, 3.611 ], [ -77.192, 3.635 ], [ -77.184, 3.655 ], [ -77.166, 3.645 ], [ -77.165, 3.685 ], [ -77.179, 3.692 ], [ -77.189, 3.681 ], [ -77.197, 3.721 ], [ -77.198, 3.747 ], [ -77.171, 3.751 ], [ -77.166, 3.758 ], [ -77.172, 3.77 ], [ -77.182, 3.809 ], [ -77.149, 3.803 ], [ -77.135, 3.805 ], [ -77.126, 3.818 ], [ -77.118, 3.819 ], [ -77.106, 3.849 ], [ -77.087, 3.858 ], [ -77.065, 3.86 ], [ -77.054, 3.868 ], [ -77.074, 3.879 ], [ -77.087, 3.905 ], [ -77.095, 3.901 ], [ -77.094, 3.88 ], [ -77.109, 3.872 ], [ -77.132, 3.873 ], [ -77.149, 3.858 ], [ -77.177, 3.846 ], [ -77.18, 3.832 ], [ -77.195, 3.839 ], [ -77.204, 3.834 ], [ -77.235, 3.836 ], [ -77.248, 3.829 ], [ -77.282, 3.84 ], [ -77.294, 3.858 ], [ -77.303, 3.862 ], [ -77.305, 3.874 ], [ -77.292, 3.877 ], [ -77.286, 3.895 ], [ -77.309, 3.907 ], [ -77.321, 3.903 ], [ -77.321, 3.925 ], [ -77.312, 3.931 ], [ -77.318, 3.949 ], [ -77.299, 3.962 ], [ -77.286, 3.981 ], [ -77.272, 3.987 ], [ -77.249, 3.981 ], [ -77.25, 3.988 ], [ -77.225, 3.995 ], [ -77.2, 4.029 ], [ -77.197, 4.056 ], [ -77.212, 4.061 ], [ -77.229, 4.059 ], [ -77.227, 4.071 ], [ -77.227, 4.073 ], [ -77.229, 4.075 ], [ -77.232, 4.081 ], [ -77.243, 4.083 ], [ -77.247, 4.071 ], [ -77.261, 4.061 ], [ -77.266, 4.077 ], [ -77.288, 4.05 ], [ -77.304, 4.04 ], [ -77.321, 4.01 ], [ -77.32, 3.995 ], [ -77.335, 3.973 ], [ -77.348, 3.931 ], [ -77.359, 3.927 ], [ -77.371, 3.951 ], [ -77.388, 3.974 ], [ -77.434, 4.01 ], [ -77.45, 4.039 ], [ -77.429, 4.091 ], [ -77.429, 4.101 ], [ -77.441, 4.121 ], [ -77.442, 4.137 ], [ -77.436, 4.146 ], [ -77.421, 4.143 ], [ -77.392, 4.148 ], [ -77.389, 4.162 ], [ -77.375, 4.18 ], [ -77.353, 4.197 ], [ -77.33, 4.189 ], [ -77.319, 4.173 ], [ -77.307, 4.166 ], [ -77.29, 4.179 ], [ -77.285, 4.19 ], [ -77.287, 4.206 ], [ -77.28, 4.221 ], [ -77.263, 4.234 ], [ -77.251, 4.233 ], [ -77.248, 4.184 ], [ -77.222, 4.156 ], [ -77.215, 4.156 ], [ -77.205, 4.173 ], [ -77.189, 4.173 ], [ -77.167, 4.184 ], [ -77.158, 4.183 ], [ -77.143, 4.161 ], [ -77.131, 4.156 ], [ -77.129, 4.145 ], [ -77.116, 4.133 ], [ -77.12, 4.117 ], [ -77.104, 4.108 ], [ -77.087, 4.123 ], [ -77.083, 4.111 ], [ -77.068, 4.096 ], [ -77.06, 4.102 ], [ -77.052, 4.095 ], [ -77.029, 4.093 ], [ -77.019, 4.101 ], [ -77.009, 4.096 ], [ -76.994, 4.12 ], [ -76.984, 4.115 ], [ -76.957, 4.121 ], [ -76.942, 4.108 ], [ -76.915, 4.098 ], [ -76.912, 4.081 ], [ -76.902, 4.082 ], [ -76.892, 4.074 ], [ -76.883, 4.055 ], [ -76.859, 4.03 ], [ -76.851, 4.037 ], [ -76.823, 4.033 ], [ -76.82, 4.011 ], [ -76.809, 4.005 ], [ -76.794, 4.011 ], [ -76.769, 3.989 ], [ -76.759, 3.993 ], [ -76.736, 3.982 ], [ -76.7, 3.978 ], [ -76.682, 3.965 ], [ -76.662, 3.977 ], [ -76.65, 3.997 ], [ -76.625, 4.015 ], [ -76.589, 3.993 ], [ -76.591, 3.97 ], [ -76.572, 3.986 ], [ -76.559, 3.991 ], [ -76.558, 4.009 ], [ -76.542, 4.012 ], [ -76.542, 4.044 ], [ -76.524, 4.067 ], [ -76.499, 4.064 ], [ -76.49, 4.081 ], [ -76.473, 4.104 ], [ -76.448, 4.162 ], [ -76.445, 4.176 ], [ -76.447, 4.205 ], [ -76.455, 4.229 ], [ -76.487, 4.236 ], [ -76.506, 4.252 ], [ -76.509, 4.268 ], [ -76.527, 4.289 ], [ -76.525, 4.311 ], [ -76.53, 4.325 ], [ -76.549, 4.337 ], [ -76.548, 4.351 ], [ -76.562, 4.37 ], [ -76.553, 4.402 ], [ -76.545, 4.397 ], [ -76.515, 4.403 ], [ -76.502, 4.413 ], [ -76.481, 4.415 ], [ -76.449, 4.44 ], [ -76.418, 4.448 ], [ -76.402, 4.474 ], [ -76.386, 4.481 ], [ -76.382, 4.493 ], [ -76.365, 4.492 ], [ -76.38, 4.515 ], [ -76.403, 4.536 ], [ -76.385, 4.547 ], [ -76.381, 4.56 ], [ -76.361, 4.556 ], [ -76.345, 4.562 ], [ -76.344, 4.582 ], [ -76.321, 4.605 ], [ -76.32, 4.619 ], [ -76.301, 4.654 ], [ -76.303, 4.667 ], [ -76.297, 4.699 ], [ -76.286, 4.712 ], [ -76.299, 4.735 ], [ -76.312, 4.75 ], [ -76.276, 4.771 ], [ -76.261, 4.795 ], [ -76.248, 4.794 ], [ -76.231, 4.802 ], [ -76.211, 4.829 ], [ -76.192, 4.829 ], [ -76.139, 4.841 ], [ -76.138, 4.844 ], [ -76.131, 4.863 ], [ -76.117, 4.882 ], [ -76.114, 4.894 ], [ -76.13, 4.907 ], [ -76.102, 4.915 ], [ -76.089, 4.946 ], [ -76.09, 4.98 ], [ -76.099, 4.998 ], [ -76.095, 5.01 ], [ -76.097, 5.031 ], [ -76.091, 5.043 ], [ -76.077, 5.047 ], [ -76.08, 5.041 ], [ -76.064, 5.015 ], [ -76.049, 5.007 ], [ -76.033, 4.962 ], [ -76.028, 4.939 ], [ -75.99, 4.913 ], [ -75.986, 4.905 ], [ -75.989, 4.881 ], [ -75.975, 4.861 ], [ -75.958, 4.864 ], [ -75.943, 4.857 ], [ -75.914, 4.874 ], [ -75.911, 4.862 ], [ -75.901, 4.853 ], [ -75.911, 4.817 ], [ -75.921, 4.817 ], [ -75.936, 4.807 ], [ -75.917, 4.794 ], [ -75.928, 4.784 ], [ -75.929, 4.769 ], [ -75.915, 4.764 ], [ -75.906, 4.752 ], [ -75.889, 4.755 ], [ -75.874, 4.771 ], [ -75.853, 4.779 ], [ -75.845, 4.766 ], [ -75.849, 4.739 ], [ -75.856, 4.728 ], [ -75.844, 4.728 ], [ -75.832, 4.738 ], [ -75.801, 4.727 ], [ -75.79, 4.716 ], [ -75.775, 4.721 ], [ -75.76, 4.711 ], [ -75.73, 4.708 ], [ -75.714, 4.714 ], [ -75.71, 4.679 ], [ -75.707, 4.657 ], [ -75.716, 4.652 ], [ -75.741, 4.655 ], [ -75.758, 4.651 ], [ -75.783, 4.653 ], [ -75.784, 4.659 ], [ -75.827, 4.66 ], [ -75.837, 4.644 ], [ -75.866, 4.613 ], [ -75.86, 4.595 ], [ -75.871, 4.586 ], [ -75.868, 4.575 ], [ -75.87, 4.548 ], [ -75.88, 4.532 ], [ -75.872, 4.524 ], [ -75.873, 4.498 ], [ -75.878, 4.485 ], [ -75.873, 4.472 ], [ -75.881, 4.469 ], [ -75.869, 4.455 ], [ -75.875, 4.449 ], [ -75.886, 4.448 ], [ -75.888, 4.43 ], [ -75.896, 4.426 ], [ -75.878, 4.41 ], [ -75.867, 4.411 ], [ -75.856, 4.415 ], [ -75.835, 4.4 ], [ -75.829, 4.407 ], [ -75.812, 4.404 ], [ -75.805, 4.397 ], [ -75.805, 4.396 ], [ -75.803, 4.396 ], [ -75.803, 4.368 ], [ -75.79, 4.353 ], [ -75.792, 4.337 ], [ -75.795, 4.311 ], [ -75.787, 4.295 ], [ -75.799, 4.264 ], [ -75.822, 4.229 ], [ -75.825, 4.215 ], [ -75.819, 4.202 ], [ -75.838, 4.159 ], [ -75.842, 4.156 ], [ -75.841, 4.122 ], [ -75.833, 4.116 ], [ -75.839, 4.098 ], [ -75.828, 4.1 ], [ -75.785, 4.09 ], [ -75.774, 4.076 ], [ -75.752, 4.077 ], [ -75.738, 4.056 ], [ -75.745, 4.043 ], [ -75.769, 4.021 ], [ -75.774, 4.008 ], [ -75.795, 4.005 ], [ -75.797, 3.989 ], [ -75.791, 3.971 ], [ -75.806, 3.953 ], [ -75.807, 3.931 ], [ -75.823, 3.905 ], [ -75.834, 3.91 ], [ -75.85, 3.889 ], [ -75.862, 3.874 ], [ -75.853, 3.854 ], [ -75.861, 3.849 ], [ -75.872, 3.824 ], [ -75.903, 3.797 ], [ -75.917, 3.748 ], [ -75.945, 3.728 ], [ -75.946, 3.715 ], [ -75.956, 3.714 ], [ -75.96, 3.704 ], [ -75.961, 3.697 ], [ -75.95, 3.674 ], [ -75.977, 3.655 ], [ -75.977, 3.644 ], [ -75.994, 3.636 ], [ -75.987, 3.624 ], [ -75.994, 3.611 ], [ -75.985, 3.589 ], [ -75.989, 3.575 ], [ -75.984, 3.56 ], [ -76.003, 3.528 ], [ -76.001, 3.52 ], [ -76.015, 3.508 ], [ -76.027, 3.487 ], [ -76.022, 3.48 ], [ -76.029, 3.453 ], [ -76.037, 3.453 ], [ -76.041, 3.438 ], [ -76.038, 3.419 ], [ -76.042, 3.395 ], [ -76.03, 3.393 ], [ -76.031, 3.382 ], [ -76.047, 3.374 ], [ -76.047, 3.365 ], [ -76.061, 3.355 ], [ -76.052, 3.336 ], [ -76.057, 3.328 ], [ -76.045, 3.319 ], [ -76.038, 3.301 ], [ -76.051, 3.282 ], [ -76.04, 3.248 ], [ -76.059, 3.231 ], [ -76.055, 3.223 ], [ -76.068, 3.211 ], [ -76.106, 3.224 ], [ -76.146, 3.223 ], [ -76.156, 3.236 ], [ -76.168, 3.23 ], [ -76.192, 3.227 ], [ -76.203, 3.243 ], [ -76.207, 3.258 ], [ -76.229, 3.277 ], [ -76.246, 3.276 ], [ -76.263, 3.282 ], [ -76.276, 3.278 ], [ -76.293, 3.287 ], [ -76.312, 3.281 ], [ -76.343, 3.281 ], [ -76.351, 3.286 ], [ -76.389, 3.292 ], [ -76.406, 3.299 ], [ -76.421, 3.312 ], [ -76.448, 3.317 ], [ -76.46, 3.329 ], [ -76.468, 3.311 ], [ -76.478, 3.319 ], [ -76.473, 3.304 ], [ -76.481, 3.293 ], [ -76.49, 3.305 ], [ -76.493, 3.29 ], [ -76.479, 3.29 ], [ -76.487, 3.282 ], [ -76.473, 3.28 ], [ -76.461, 3.259 ], [ -76.477, 3.232 ], [ -76.466, 3.227 ], [ -76.473, 3.217 ] ] ], [ [ [ -77.204, 4.032 ], [ -77.203, 4.035 ], [ -77.202, 4.032 ], [ -77.204, 4.032 ] ] ], [ [ [ -77.205, 4.039 ], [ -77.204, 4.04 ], [ -77.203, 4.038 ], [ -77.205, 4.039 ] ] ], [ [ [ -77.206, 4.042 ], [ -77.205, 4.041 ], [ -77.207, 4.041 ], [ -77.206, 4.042 ] ] ] ] } },
{ "type": "Feature", "properties": { "DPTO_CCDGO": "81", "DPTO_CNMBR": "ARAUCA", "area_km2": 23773.128709382956 }, "geometry": { "type": "Polygon", "coordinates": [ [ [ -69.486, 6.07 ], [ -69.503, 6.059 ], [ -69.536, 6.045 ], [ -69.571, 6.044 ], [ -69.614, 6.036 ], [ -69.658, 6.04 ], [ -69.683, 6.038 ], [ -69.704, 6.046 ], [ -69.744, 6.043 ], [ -69.784, 6.059 ], [ -69.804, 6.055 ], [ -69.836, 6.041 ], [ -69.868, 6.042 ], [ -69.892, 6.054 ], [ -69.904, 6.073 ], [ -69.899, 6.096 ], [ -69.933, 6.117 ], [ -69.944, 6.139 ], [ -69.953, 6.143 ], [ -69.978, 6.134 ], [ -69.985, 6.137 ], [ -69.982, 6.159 ], [ -69.992, 6.166 ], [ -69.996, 6.154 ], [ -70.007, 6.149 ], [ -70.03, 6.162 ], [ -70.051, 6.156 ], [ -70.062, 6.163 ], [ -70.059, 6.173 ], [ -70.041, 6.178 ], [ -70.042, 6.186 ], [ -70.059, 6.185 ], [ -70.064, 6.209 ], [ -70.081, 6.218 ], [ -70.097, 6.234 ], [ -70.115, 6.233 ], [ -70.121, 6.258 ], [ -70.135, 6.271 ], [ -70.149, 6.268 ], [ -70.154, 6.276 ], [ -70.155, 6.297 ], [ -70.163, 6.298 ], [ -70.177, 6.279 ], [ -70.199, 6.295 ], [ -70.21, 6.288 ], [ -70.224, 6.293 ], [ -70.239, 6.286 ], [ -70.255, 6.287 ], [ -70.273, 6.274 ], [ -70.289, 6.285 ], [ -70.299, 6.278 ], [ -70.309, 6.288 ], [ -70.323, 6.28 ], [ -70.331, 6.294 ], [ -70.356, 6.296 ], [ -70.38, 6.302 ], [ -70.39, 6.293 ], [ -70.431, 6.292 ], [ -70.428, 6.28 ], [ -70.465, 6.265 ], [ -70.478, 6.264 ], [ -70.482, 6.251 ], [ -70.503, 6.247 ], [ -70.517, 6.234 ], [ -70.531, 6.23 ], [ -70.537, 6.244 ], [ -70.551, 6.238 ], [ -70.556, 6.245 ], [ -70.569, 6.24 ], [ -70.58, 6.25 ], [ -70.584, 6.24 ], [ -70.597, 6.242 ], [ -70.624, 6.235 ], [ -70.631, 6.227 ], [ -70.641, 6.235 ], [ -70.671, 6.226 ], [ -70.678, 6.22 ], [ -70.692, 6.227 ], [ -70.72, 6.221 ], [ -70.732, 6.227 ], [ -70.745, 6.224 ], [ -70.754, 6.231 ], [ -70.769, 6.229 ], [ -70.772, 6.244 ], [ -70.783, 6.243 ], [ -70.796, 6.253 ], [ -70.81, 6.246 ], [ -70.821, 6.252 ], [ -70.831, 6.239 ], [ -70.864, 6.237 ], [ -70.869, 6.222 ], [ -70.879, 6.232 ], [ -70.916, 6.235 ], [ -70.935, 6.226 ], [ -70.953, 6.235 ], [ -70.972, 6.236 ], [ -70.989, 6.23 ], [ -71.011, 6.254 ], [ -71.02, 6.254 ], [ -71.034, 6.266 ], [ -71.034, 6.257 ], [ -71.064, 6.256 ], [ -71.071, 6.265 ], [ -71.097, 6.278 ], [ -71.107, 6.266 ], [ -71.127, 6.272 ], [ -71.132, 6.26 ], [ -71.16, 6.264 ], [ -71.159, 6.27 ], [ -71.184, 6.282 ], [ -71.19, 6.278 ], [ -71.22, 6.298 ], [ -71.225, 6.295 ], [ -71.217, 6.287 ], [ -71.228, 6.283 ], [ -71.237, 6.264 ], [ -71.256, 6.28 ], [ -71.27, 6.283 ], [ -71.271, 6.263 ], [ -71.286, 6.275 ], [ -71.303, 6.269 ], [ -71.318, 6.254 ], [ -71.331, 6.257 ], [ -71.332, 6.244 ], [ -71.343, 6.244 ], [ -71.345, 6.231 ], [ -71.382, 6.228 ], [ -71.381, 6.241 ], [ -71.395, 6.237 ], [ -71.417, 6.243 ], [ -71.418, 6.226 ], [ -71.447, 6.246 ], [ -71.439, 6.23 ], [ -71.445, 6.214 ], [ -71.456, 6.223 ], [ -71.462, 6.212 ], [ -71.471, 6.212 ], [ -71.488, 6.201 ], [ -71.493, 6.214 ], [ -71.501, 6.212 ], [ -71.504, 6.2 ], [ -71.525, 6.211 ], [ -71.533, 6.225 ], [ -71.539, 6.21 ], [ -71.551, 6.212 ], [ -71.551, 6.199 ], [ -71.558, 6.197 ], [ -71.569, 6.212 ], [ -71.575, 6.205 ], [ -71.569, 6.194 ], [ -71.579, 6.194 ], [ -71.595, 6.212 ], [ -71.61, 6.209 ], [ -71.61, 6.22 ], [ -71.621, 6.229 ], [ -71.639, 6.228 ], [ -71.644, 6.208 ], [ -71.667, 6.192 ], [ -71.694, 6.19 ], [ -71.777, 6.193 ], [ -71.831, 6.185 ], [ -71.844, 6.172 ], [ -71.863, 6.162 ], [ -71.879, 6.159 ], [ -71.91, 6.16 ], [ -71.937, 6.17 ], [ -71.961, 6.167 ], [ -71.988, 6.149 ], [ -72.01, 6.13 ], [ -72.038, 6.121 ], [ -72.061, 6.117 ], [ -72.077, 6.113 ], [ -72.112, 6.076 ], [ -72.138, 6.067 ], [ -72.162, 6.075 ], [ -72.191, 6.095 ], [ -72.224, 6.105 ], [ -72.273, 6.131 ], [ -72.28, 6.157 ], [ -72.289, 6.163 ], [ -72.282, 6.176 ], [ -72.285, 6.197 ], [ -72.292, 6.204 ], [ -72.325, 6.21 ], [ -72.329, 6.221 ], [ -72.344, 6.226 ], [ -72.348, 6.246 ], [ -72.364, 6.271 ], [ -72.359, 6.285 ], [ -72.367, 6.307 ], [ -72.352, 6.321 ], [ -72.352, 6.331 ], [ -72.339, 6.346 ], [ -72.334, 6.338 ], [ -72.317, 6.335 ], [ -72.315, 6.358 ], [ -72.302, 6.359 ], [ -72.295, 6.374 ], [ -72.284, 6.378 ], [ -72.287, 6.396 ], [ -72.282, 6.416 ], [ -72.269, 6.419 ], [ -72.271, 6.437 ], [ -72.261, 6.442 ], [ -72.246, 6.42 ], [ -72.233, 6.423 ], [ -72.219, 6.438 ], [ -72.213, 6.466 ], [ -72.203, 6.469 ], [ -72.182, 6.459 ], [ -72.175, 6.463 ], [ -72.173, 6.48 ], [ -72.178, 6.497 ], [ -72.162, 6.51 ], [ -72.139, 6.514 ], [ -72.129, 6.525 ], [ -72.124, 6.54 ], [ -72.118, 6.579 ], [ -72.112, 6.592 ], [ -72.113, 6.612 ], [ -72.095, 6.635 ], [ -72.091, 6.648 ], [ -72.098, 6.679 ], [ -72.1, 6.724 ], [ -72.095, 6.73 ], [ -72.1, 6.746 ], [ -72.093, 6.754 ], [ -72.079, 6.751 ], [ -72.06, 6.768 ], [ -72.051, 6.769 ], [ -72.039, 6.794 ], [ -72.035, 6.83 ], [ -72.018, 6.861 ], [ -71.997, 6.909 ], [ -71.994, 6.927 ], [ -71.978, 6.965 ], [ -71.962, 6.99 ], [ -71.96, 7.002 ], [ -71.949, 7.011 ], [ -71.938, 7.006 ], [ -71.915, 7.017 ], [ -71.889, 7.021 ], [ -71.862, 7.021 ], [ -71.851, 7.028 ], [ -71.835, 7.026 ], [ -71.822, 7.037 ], [ -71.826, 7.056 ], [ -71.812, 7.062 ], [ -71.767, 7.066 ], [ -71.746, 7.066 ], [ -71.718, 7.054 ], [ -71.715, 7.035 ], [ -71.693, 7.037 ], [ -71.664, 7.033 ], [ -71.648, 7.05 ], [ -71.631, 7.052 ], [ -71.617, 7.043 ], [ -71.584, 7.052 ], [ -71.592, 7.033 ], [ -71.591, 7.019 ], [ -71.574, 7.026 ], [ -71.556, 7.027 ], [ -71.534, 7.035 ], [ -71.514, 7.021 ], [ -71.497, 7.036 ], [ -71.486, 7.016 ], [ -71.469, 7.024 ], [ -71.472, 7.034 ], [ -71.465, 7.042 ], [ -71.458, 7.036 ], [ -71.459, 7.014 ], [ -71.45, 7.01 ], [ -71.45, 7.026 ], [ -71.435, 7.025 ], [ -71.424, 7.039 ], [ -71.392, 7.036 ], [ -71.379, 7.018 ], [ -71.334, 7.017 ], [ -71.3, 7.029 ], [ -71.287, 7.024 ], [ -71.262, 7.03 ], [ -71.259, 7.019 ], [ -71.239, 7.012 ], [ -71.228, 7.027 ], [ -71.212, 7.019 ], [ -71.202, 7.025 ], [ -71.193, 7.019 ], [ -71.145, 7.032 ], [ -71.129, 7.032 ], [ -71.121, 7.011 ], [ -71.104, 7.008 ], [ -71.112, 6.99 ], [ -71.089, 6.983 ], [ -71.041, 6.982 ], [ -71.022, 6.974 ], [ -70.995, 6.983 ], [ -70.974, 7.013 ], [ -70.963, 7.017 ], [ -70.939, 7.013 ], [ -70.919, 7.026 ], [ -70.927, 7.046 ], [ -70.915, 7.053 ], [ -70.908, 7.041 ], [ -70.895, 7.059 ], [ -70.872, 7.064 ], [ -70.861, 7.055 ], [ -70.85, 7.056 ], [ -70.848, 7.072 ], [ -70.856, 7.076 ], [ -70.835, 7.078 ], [ -70.822, 7.07 ], [ -70.818, 7.079 ], [ -70.788, 7.083 ], [ -70.777, 7.077 ], [ -70.758, 7.097 ], [ -70.742, 7.089 ], [ -70.697, 7.094 ], [ -70.684, 7.104 ], [ -70.671, 7.085 ], [ -70.646, 7.077 ], [ -70.641, 7.069 ], [ -70.625, 7.071 ], [ -70.609, 7.064 ], [ -70.585, 7.069 ], [ -70.568, 7.081 ], [ -70.549, 7.074 ], [ -70.526, 7.036 ], [ -70.511, 7.028 ], [ -70.514, 7.02 ], [ -70.503, 7.006 ], [ -70.491, 7.009 ], [ -70.475, 7.002 ], [ -70.443, 7.003 ], [ -70.431, 7.007 ], [ -70.428, 6.994 ], [ -70.417, 6.981 ], [ -70.403, 6.988 ], [ -70.371, 6.98 ], [ -70.361, 6.956 ], [ -70.322, 6.935 ], [ -70.294, 6.934 ], [ -70.285, 6.94 ], [ -70.266, 6.941 ], [ -70.249, 6.959 ], [ -70.23, 6.965 ], [ -70.224, 6.975 ], [ -70.205, 6.978 ], [ -70.174, 6.976 ], [ -70.15, 6.984 ], [ -70.133, 6.975 ], [ -70.118, 6.979 ], [ -70.101, 6.959 ], [ -69.762, 6.53 ], [ -69.429, 6.109 ], [ -69.453, 6.083 ], [ -69.486, 6.07 ] ] ] } },
{ "type": "Feature", "properties": { "DPTO_CCDGO": "85", "DPTO_CNMBR": "CASANARE", "area_km2": 44267.009710964572 }, "geometry": { "type": "Polygon", "coordinates": [ [ [ -72.688, 4.312 ], [ -72.687, 4.293 ], [ -72.695, 4.288 ], [ -72.715, 4.292 ], [ -72.726, 4.306 ], [ -72.74, 4.31 ], [ -72.74, 4.324 ], [ -72.769, 4.333 ], [ -72.764, 4.349 ], [ -72.777, 4.347 ], [ -72.767, 4.362 ], [ -72.772, 4.37 ], [ -72.8, 4.377 ], [ -72.788, 4.396 ], [ -72.806, 4.397 ], [ -72.807, 4.406 ], [ -72.825, 4.418 ], [ -72.812, 4.428 ], [ -72.843, 4.433 ], [ -72.852, 4.449 ], [ -72.871, 4.452 ], [ -72.878, 4.463 ], [ -72.897, 4.475 ], [ -72.902, 4.495 ], [ -72.923, 4.52 ], [ -72.937, 4.522 ], [ -72.939, 4.534 ], [ -72.953, 4.551 ], [ -72.95, 4.56 ], [ -72.962, 4.571 ], [ -72.968, 4.599 ], [ -72.977, 4.61 ], [ -72.997, 4.617 ], [ -73.017, 4.636 ], [ -73.017, 4.647 ], [ -73.027, 4.653 ], [ -73.04, 4.677 ], [ -73.054, 4.703 ], [ -73.048, 4.728 ], [ -73.053, 4.736 ], [ -73.046, 4.758 ], [ -73.06, 4.779 ], [ -73.07, 4.802 ], [ -73.078, 4.81 ], [ -73.069, 4.827 ], [ -73.062, 4.855 ], [ -73.041, 4.879 ], [ -73.049, 4.922 ], [ -73.039, 4.939 ], [ -73.038, 4.956 ], [ -73.029, 4.97 ], [ -73.031, 4.982 ], [ -73.015, 5.002 ], [ -72.975, 4.975 ], [ -72.953, 5.01 ], [ -72.926, 5.032 ], [ -72.928, 5.047 ], [ -72.904, 5.068 ], [ -72.909, 5.103 ], [ -72.929, 5.1 ], [ -72.942, 5.12 ], [ -72.965, 5.134 ], [ -72.974, 5.15 ], [ -72.963, 5.156 ], [ -72.949, 5.191 ], [ -72.937, 5.204 ], [ -72.923, 5.215 ], [ -72.91, 5.246 ], [ -72.897, 5.26 ], [ -72.892, 5.287 ], [ -72.901, 5.294 ], [ -72.888, 5.316 ], [ -72.89, 5.331 ], [ -72.882, 5.347 ], [ -72.883, 5.363 ], [ -72.866, 5.353 ], [ -72.867, 5.341 ], [ -72.855, 5.342 ], [ -72.842, 5.364 ], [ -72.822, 5.37 ], [ -72.812, 5.378 ], [ -72.798, 5.38 ], [ -72.779, 5.366 ], [ -72.761, 5.335 ], [ -72.743, 5.322 ], [ -72.726, 5.319 ], [ -72.718, 5.301 ], [ -72.72, 5.288 ], [ -72.701, 5.273 ], [ -72.682, 5.29 ], [ -72.667, 5.295 ], [ -72.653, 5.306 ], [ -72.649, 5.322 ], [ -72.638, 5.336 ], [ -72.619, 5.352 ], [ -72.609, 5.348 ], [ -72.592, 5.358 ], [ -72.582, 5.35 ], [ -72.567, 5.373 ], [ -72.584, 5.382 ], [ -72.559, 5.402 ], [ -72.537, 5.414 ], [ -72.529, 5.428 ], [ -72.502, 5.445 ], [ -72.49, 5.482 ], [ -72.471, 5.496 ], [ -72.444, 5.521 ], [ -72.426, 5.547 ], [ -72.421, 5.563 ], [ -72.397, 5.57 ], [ -72.384, 5.56 ], [ -72.375, 5.538 ], [ -72.363, 5.528 ], [ -72.346, 5.507 ], [ -72.33, 5.498 ], [ -72.301, 5.506 ], [ -72.295, 5.515 ], [ -72.297, 5.547 ], [ -72.285, 5.575 ], [ -72.287, 5.606 ], [ -72.263, 5.634 ], [ -72.273, 5.655 ], [ -72.269, 5.664 ], [ -72.257, 5.662 ], [ -72.226, 5.668 ], [ -72.221, 5.675 ], [ -72.236, 5.687 ], [ -72.249, 5.685 ], [ -72.248, 5.696 ], [ -72.274, 5.728 ], [ -72.28, 5.75 ], [ -72.297, 5.755 ], [ -72.297, 5.771 ], [ -72.307, 5.78 ], [ -72.303, 5.789 ], [ -72.331, 5.802 ], [ -72.392, 5.819 ], [ -72.401, 5.837 ], [ -72.435, 5.849 ], [ -72.459, 5.851 ], [ -72.462, 5.847 ], [ -72.461, 5.86 ], [ -72.451, 5.878 ], [ -72.416, 5.904 ], [ -72.392, 5.902 ], [ -72.333, 5.892 ], [ -72.328, 5.902 ], [ -72.325, 5.935 ], [ -72.336, 5.944 ], [ -72.343, 5.971 ], [ -72.339, 5.986 ], [ -72.343, 6.001 ], [ -72.366, 6.037 ], [ -72.322, 6.068 ], [ -72.321, 6.088 ], [ -72.362, 6.075 ], [ -72.375, 6.093 ], [ -72.364, 6.099 ], [ -72.384, 6.114 ], [ -72.389, 6.124 ], [ -72.377, 6.134 ], [ -72.375, 6.15 ], [ -72.393, 6.162 ], [ -72.393, 6.188 ], [ -72.417, 6.184 ], [ -72.403, 6.208 ], [ -72.398, 6.237 ], [ -72.387, 6.261 ], [ -72.397, 6.272 ], [ -72.379, 6.293 ], [ -72.371, 6.319 ], [ -72.352, 6.345 ], [ -72.339, 6.346 ], [ -72.352, 6.331 ], [ -72.352, 6.321 ], [ -72.367, 6.307 ], [ -72.359, 6.285 ], [ -72.364, 6.271 ], [ -72.348, 6.246 ], [ -72.344, 6.226 ], [ -72.329, 6.221 ], [ -72.325, 6.21 ], [ -72.292, 6.204 ], [ -72.285, 6.197 ], [ -72.282, 6.176 ], [ -72.289, 6.163 ], [ -72.28, 6.157 ], [ -72.273, 6.131 ], [ -72.224, 6.105 ], [ -72.191, 6.095 ], [ -72.162, 6.075 ], [ -72.138, 6.067 ], [ -72.112, 6.076 ], [ -72.077, 6.113 ], [ -72.061, 6.117 ], [ -72.038, 6.121 ], [ -72.01, 6.13 ], [ -71.988, 6.149 ], [ -71.961, 6.167 ], [ -71.937, 6.17 ], [ -71.91, 6.16 ], [ -71.879, 6.159 ], [ -71.863, 6.162 ], [ -71.844, 6.172 ], [ -71.831, 6.185 ], [ -71.777, 6.193 ], [ -71.694, 6.19 ], [ -71.667, 6.192 ], [ -71.644, 6.208 ], [ -71.639, 6.228 ], [ -71.621, 6.229 ], [ -71.61, 6.22 ], [ -71.61, 6.209 ], [ -71.595, 6.212 ], [ -71.579, 6.194 ], [ -71.569, 6.194 ], [ -71.575, 6.205 ], [ -71.569, 6.212 ], [ -71.558, 6.197 ], [ -71.551, 6.199 ], [ -71.551, 6.212 ], [ -71.539, 6.21 ], [ -71.533, 6.225 ], [ -71.525, 6.211 ], [ -71.504, 6.2 ], [ -71.501, 6.212 ], [ -71.493, 6.214 ], [ -71.488, 6.201 ], [ -71.471, 6.212 ], [ -71.462, 6.212 ], [ -71.456, 6.223 ], [ -71.445, 6.214 ], [ -71.439, 6.23 ], [ -71.447, 6.246 ], [ -71.418, 6.226 ], [ -71.417, 6.243 ], [ -71.395, 6.237 ], [ -71.381, 6.241 ], [ -71.382, 6.228 ], [ -71.345, 6.231 ], [ -71.343, 6.244 ], [ -71.332, 6.244 ], [ -71.331, 6.257 ], [ -71.318, 6.254 ], [ -71.303, 6.269 ], [ -71.286, 6.275 ], [ -71.271, 6.263 ], [ -71.27, 6.283 ], [ -71.256, 6.28 ], [ -71.237, 6.264 ], [ -71.228, 6.283 ], [ -71.217, 6.287 ], [ -71.225, 6.295 ], [ -71.22, 6.298 ], [ -71.19, 6.278 ], [ -71.184, 6.282 ], [ -71.159, 6.27 ], [ -71.16, 6.264 ], [ -71.132, 6.26 ], [ -71.127, 6.272 ], [ -71.107, 6.266 ], [ -71.097, 6.278 ], [ -71.071, 6.265 ], [ -71.064, 6.256 ], [ -71.034, 6.257 ], [ -71.034, 6.266 ], [ -71.02, 6.254 ], [ -71.011, 6.254 ], [ -70.989, 6.23 ], [ -70.972, 6.236 ], [ -70.953, 6.235 ], [ -70.935, 6.226 ], [ -70.916, 6.235 ], [ -70.879, 6.232 ], [ -70.869, 6.222 ], [ -70.864, 6.237 ], [ -70.831, 6.239 ], [ -70.821, 6.252 ], [ -70.81, 6.246 ], [ -70.796, 6.253 ], [ -70.783, 6.243 ], [ -70.772, 6.244 ], [ -70.769, 6.229 ], [ -70.754, 6.231 ], [ -70.745, 6.224 ], [ -70.732, 6.227 ], [ -70.72, 6.221 ], [ -70.692, 6.227 ], [ -70.678, 6.22 ], [ -70.671, 6.226 ], [ -70.641, 6.235 ], [ -70.631, 6.227 ], [ -70.624, 6.235 ], [ -70.597, 6.242 ], [ -70.584, 6.24 ], [ -70.58, 6.25 ], [ -70.569, 6.24 ], [ -70.556, 6.245 ], [ -70.551, 6.238 ], [ -70.537, 6.244 ], [ -70.531, 6.23 ], [ -70.517, 6.234 ], [ -70.503, 6.247 ], [ -70.482, 6.251 ], [ -70.478, 6.264 ], [ -70.465, 6.265 ], [ -70.428, 6.28 ], [ -70.431, 6.292 ], [ -70.39, 6.293 ], [ -70.38, 6.302 ], [ -70.356, 6.296 ], [ -70.331, 6.294 ], [ -70.323, 6.28 ], [ -70.309, 6.288 ], [ -70.299, 6.278 ], [ -70.289, 6.285 ], [ -70.273, 6.274 ], [ -70.255, 6.287 ], [ -70.239, 6.286 ], [ -70.224, 6.293 ], [ -70.21, 6.288 ], [ -70.199, 6.295 ], [ -70.177, 6.279 ], [ -70.163, 6.298 ], [ -70.155, 6.297 ], [ -70.154, 6.276 ], [ -70.149, 6.268 ], [ -70.135, 6.271 ], [ -70.121, 6.258 ], [ -70.115, 6.233 ], [ -70.097, 6.234 ], [ -70.081, 6.218 ], [ -70.064, 6.209 ], [ -70.059, 6.185 ], [ -70.042, 6.186 ], [ -70.041, 6.178 ], [ -70.059, 6.173 ], [ -70.062, 6.163 ], [ -70.051, 6.156 ], [ -70.03, 6.162 ], [ -70.007, 6.149 ], [ -69.996, 6.154 ], [ -69.992, 6.166 ], [ -69.982, 6.159 ], [ -69.985, 6.137 ], [ -69.978, 6.134 ], [ -69.953, 6.143 ], [ -69.944, 6.139 ], [ -69.933, 6.117 ], [ -69.899, 6.096 ], [ -69.904, 6.073 ], [ -69.892, 6.054 ], [ -69.868, 6.042 ], [ -69.836, 6.041 ], [ -69.843, 6.033 ], [ -69.848, 5.999 ], [ -69.865, 5.975 ], [ -69.883, 5.97 ], [ -69.903, 5.929 ], [ -69.924, 5.911 ], [ -69.934, 5.875 ], [ -69.961, 5.865 ], [ -69.969, 5.856 ], [ -69.967, 5.826 ], [ -69.991, 5.791 ], [ -70.011, 5.767 ], [ -70.044, 5.746 ], [ -70.047, 5.721 ], [ -70.058, 5.703 ], [ -70.079, 5.687 ], [ -70.106, 5.652 ], [ -70.115, 5.631 ], [ -70.153, 5.601 ], [ -70.195, 5.603 ], [ -70.215, 5.583 ], [ -70.265, 5.564 ], [ -70.298, 5.577 ], [ -70.337, 5.575 ], [ -70.356, 5.587 ], [ -70.391, 5.561 ], [ -70.401, 5.56 ], [ -70.419, 5.546 ], [ -70.42, 5.535 ], [ -70.446, 5.531 ], [ -70.501, 5.494 ], [ -70.511, 5.476 ], [ -70.532, 5.471 ], [ -70.569, 5.442 ], [ -70.57, 5.436 ], [ -70.604, 5.422 ], [ -70.621, 5.4 ], [ -70.65, 5.38 ], [ -70.652, 5.374 ], [ -70.666, 5.374 ], [ -70.678, 5.364 ], [ -70.681, 5.348 ], [ -70.674, 5.315 ], [ -70.694, 5.284 ], [ -70.746, 5.245 ], [ -70.764, 5.225 ], [ -70.809, 5.196 ], [ -70.824, 5.183 ], [ -70.846, 5.157 ], [ -70.866, 5.144 ], [ -70.913, 5.141 ], [ -70.942, 5.126 ], [ -70.954, 5.111 ], [ -70.956, 5.096 ], [ -70.975, 5.08 ], [ -70.968, 5.058 ], [ -70.987, 5.044 ], [ -70.985, 5.036 ], [ -70.998, 4.999 ], [ -71.002, 4.98 ], [ -71.013, 4.977 ], [ -71.023, 4.956 ], [ -71.039, 4.942 ], [ -71.042, 4.925 ], [ -71.056, 4.907 ], [ -71.078, 4.899 ], [ -71.107, 4.884 ], [ -71.113, 4.875 ], [ -71.15, 4.862 ], [ -71.169, 4.843 ], [ -71.212, 4.817 ], [ -71.239, 4.818 ], [ -71.273, 4.8 ], [ -71.287, 4.804 ], [ -71.311, 4.782 ], [ -71.32, 4.769 ], [ -71.346, 4.758 ], [ -71.376, 4.751 ], [ -71.387, 4.757 ], [ -71.426, 4.725 ], [ -71.45, 4.716 ], [ -71.484, 4.707 ], [ -71.511, 4.697 ], [ -71.523, 4.682 ], [ -71.56, 4.68 ], [ -71.579, 4.674 ], [ -71.598, 4.645 ], [ -71.618, 4.637 ], [ -71.646, 4.615 ], [ -71.67, 4.61 ], [ -71.735, 4.575 ], [ -71.764, 4.581 ], [ -71.777, 4.58 ], [ -71.787, 4.586 ], [ -71.802, 4.585 ], [ -71.813, 4.575 ], [ -71.827, 4.548 ], [ -71.85, 4.533 ], [ -71.868, 4.505 ], [ -71.891, 4.497 ], [ -71.902, 4.484 ], [ -71.905, 4.468 ], [ -71.919, 4.453 ], [ -71.956, 4.422 ], [ -71.957, 4.412 ], [ -71.971, 4.408 ], [ -71.975, 4.394 ], [ -71.998, 4.382 ], [ -72.024, 4.387 ], [ -72.057, 4.374 ], [ -72.073, 4.392 ], [ -72.071, 4.408 ], [ -72.118, 4.433 ], [ -72.158, 4.442 ], [ -72.18, 4.431 ], [ -72.199, 4.429 ], [ -72.235, 4.436 ], [ -72.249, 4.43 ], [ -72.258, 4.418 ], [ -72.286, 4.417 ], [ -72.302, 4.409 ], [ -72.311, 4.382 ], [ -72.324, 4.369 ], [ -72.34, 4.372 ], [ -72.341, 4.363 ], [ -72.356, 4.342 ], [ -72.389, 4.332 ], [ -72.405, 4.318 ], [ -72.416, 4.32 ], [ -72.418, 4.348 ], [ -72.437, 4.35 ], [ -72.455, 4.326 ], [ -72.468, 4.317 ], [ -72.481, 4.326 ], [ -72.493, 4.327 ], [ -72.516, 4.339 ], [ -72.533, 4.34 ], [ -72.54, 4.351 ], [ -72.551, 4.354 ], [ -72.555, 4.337 ], [ -72.567, 4.332 ], [ -72.574, 4.32 ], [ -72.569, 4.307 ], [ -72.58, 4.301 ], [ -72.606, 4.315 ], [ -72.617, 4.31 ], [ -72.642, 4.303 ], [ -72.658, 4.317 ], [ -72.676, 4.317 ], [ -72.688, 4.312 ] ] ] } },
{ "type": "Feature", "properties": { "DPTO_CCDGO": "86", "DPTO_CNMBR": "PUTUMAYO", "area_km2": 25974.524970977327 }, "geometry": { "type": "Polygon", "coordinates": [ [ [ -76.678, 0.27 ], [ -76.702, 0.278 ], [ -76.713, 0.269 ], [ -76.733, 0.289 ], [ -76.767, 0.262 ], [ -76.754, 0.259 ], [ -76.753, 0.251 ], [ -76.77, 0.245 ], [ -76.786, 0.263 ], [ -76.798, 0.265 ], [ -76.823, 0.255 ], [ -76.848, 0.239 ], [ -76.879, 0.251 ], [ -76.903, 0.245 ], [ -76.934, 0.261 ], [ -76.929, 0.273 ], [ -76.936, 0.277 ], [ -76.95, 0.269 ], [ -76.985, 0.268 ], [ -77.005, 0.295 ], [ -77.026, 0.278 ], [ -77.049, 0.289 ], [ -77.056, 0.285 ], [ -77.08, 0.287 ], [ -77.089, 0.304 ], [ -77.081, 0.31 ], [ -77.097, 0.327 ], [ -77.108, 0.35 ], [ -77.113, 0.373 ], [ -77.089, 0.394 ], [ -77.099, 0.411 ], [ -77.09, 0.42 ], [ -77.105, 0.433 ], [ -77.108, 0.449 ], [ -77.101, 0.464 ], [ -77.105, 0.477 ], [ -77.116, 0.483 ], [ -77.12, 0.508 ], [ -77.13, 0.525 ], [ -77.13, 0.556 ], [ -77.115, 0.564 ], [ -77.12, 0.576 ], [ -77.119, 0.594 ], [ -77.128, 0.602 ], [ -77.156, 0.606 ], [ -77.176, 0.617 ], [ -77.187, 0.631 ], [ -77.177, 0.671 ], [ -77.159, 0.744 ], [ -77.139, 0.822 ], [ -77.102, 0.834 ], [ -77.118, 0.858 ], [ -77.116, 0.876 ], [ -77.123, 0.881 ], [ -77.117, 0.9 ], [ -77.091, 0.914 ], [ -77.08, 0.941 ], [ -77.073, 0.942 ], [ -77.079, 0.962 ], [ -77.072, 0.971 ], [ -77.047, 0.979 ], [ -77.039, 0.993 ], [ -77.028, 0.995 ], [ -77.027, 1.013 ], [ -77.039, 1.04 ], [ -77.037, 1.047 ], [ -77.055, 1.033 ], [ -77.067, 1.042 ], [ -77.068, 1.06 ], [ -77.084, 1.062 ], [ -77.095, 1.082 ], [ -77.092, 1.111 ], [ -77.101, 1.136 ], [ -77.097, 1.165 ], [ -77.087, 1.172 ], [ -77.089, 1.183 ], [ -77.069, 1.185 ], [ -77.04, 1.202 ], [ -77.021, 1.196 ], [ -77.003, 1.213 ], [ -76.981, 1.223 ], [ -76.971, 1.253 ], [ -76.983, 1.267 ], [ -76.979, 1.287 ], [ -76.972, 1.293 ], [ -76.961, 1.284 ], [ -76.963, 1.274 ], [ -76.94, 1.273 ], [ -76.933, 1.285 ], [ -76.93, 1.296 ], [ -76.904, 1.321 ], [ -76.921, 1.336 ], [ -76.921, 1.346 ], [ -76.915, 1.342 ], [ -76.885, 1.373 ], [ -76.876, 1.37 ], [ -76.85, 1.385 ], [ -76.807, 1.401 ], [ -76.79, 1.412 ], [ -76.779, 1.41 ], [ -76.756, 1.419 ], [ -76.741, 1.43 ], [ -76.698, 1.444 ], [ -76.677, 1.466 ], [ -76.645, 1.455 ], [ -76.626, 1.424 ], [ -76.613, 1.423 ], [ -76.601, 1.413 ], [ -76.592, 1.391 ], [ -76.576, 1.388 ], [ -76.577, 1.366 ], [ -76.584, 1.346 ], [ -76.572, 1.331 ], [ -76.586, 1.305 ], [ -76.574, 1.283 ], [ -76.574, 1.259 ], [ -76.563, 1.248 ], [ -76.562, 1.234 ], [ -76.543, 1.222 ], [ -76.537, 1.21 ], [ -76.542, 1.192 ], [ -76.544, 1.16 ], [ -76.551, 1.141 ], [ -76.547, 1.132 ], [ -76.553, 1.113 ], [ -76.568, 1.103 ], [ -76.562, 1.096 ], [ -76.568, 1.082 ], [ -76.548, 1.049 ], [ -76.544, 1.037 ], [ -76.523, 1.031 ], [ -76.492, 1.027 ], [ -76.486, 1.008 ], [ -76.467, 0.999 ], [ -76.445, 0.981 ], [ -76.445, 0.97 ], [ -76.427, 0.961 ], [ -76.41, 0.962 ], [ -76.401, 0.98 ], [ -76.388, 0.975 ], [ -76.372, 0.984 ], [ -76.335, 0.981 ], [ -76.331, 0.959 ], [ -76.312, 0.966 ], [ -76.298, 0.961 ], [ -76.284, 0.971 ], [ -76.28, 0.981 ], [ -76.267, 0.969 ], [ -76.249, 0.981 ], [ -76.239, 0.964 ], [ -76.238, 0.98 ], [ -76.202, 0.981 ], [ -76.189, 1.003 ], [ -76.209, 1.006 ], [ -76.205, 1.017 ], [ -76.184, 1.013 ], [ -76.184, 1.026 ], [ -76.166, 1.03 ], [ -76.153, 1.019 ], [ -76.125, 1.007 ], [ -76.112, 1.013 ], [ -76.103, 1.025 ], [ -76.092, 1.019 ], [ -76.075, 1.028 ], [ -76.081, 1.045 ], [ -76.092, 1.049 ], [ -76.085, 1.058 ], [ -76.064, 1.055 ], [ -76.047, 1.046 ], [ -76.039, 1.053 ], [ -76.02, 1.048 ], [ -76.006, 1.055 ], [ -76.001, 1.031 ], [ -75.994, 1.027 ], [ -75.986, 1.045 ], [ -76.0, 1.07 ], [ -75.986, 1.07 ], [ -75.976, 1.062 ], [ -75.952, 1.033 ], [ -75.935, 1.03 ], [ -75.927, 1.034 ], [ -75.922, 1.019 ], [ -75.931, 1.007 ], [ -75.932, 0.994 ], [ -75.946, 0.981 ], [ -75.921, 0.978 ], [ -75.904, 0.966 ], [ -75.903, 0.95 ], [ -75.895, 0.935 ], [ -75.87, 0.925 ], [ -75.857, 0.885 ], [ -75.832, 0.874 ], [ -75.825, 0.876 ], [ -75.809, 0.896 ], [ -75.797, 0.894 ], [ -75.778, 0.873 ], [ -75.758, 0.837 ], [ -75.742, 0.853 ], [ -75.711, 0.862 ], [ -75.682, 0.857 ], [ -75.66, 0.873 ], [ -75.636, 0.877 ], [ -75.619, 0.868 ], [ -75.613, 0.846 ], [ -75.605, 0.837 ], [ -75.586, 0.839 ], [ -75.574, 0.834 ], [ -75.547, 0.833 ], [ -75.538, 0.827 ], [ -75.539, 0.79 ], [ -75.504, 0.767 ], [ -75.484, 0.783 ], [ -75.473, 0.773 ], [ -75.469, 0.759 ], [ -75.423, 0.739 ], [ -75.403, 0.739 ], [ -75.384, 0.754 ], [ -75.36, 0.75 ], [ -75.347, 0.766 ], [ -75.339, 0.768 ], [ -75.324, 0.746 ], [ -75.309, 0.748 ], [ -75.295, 0.728 ], [ -75.266, 0.726 ], [ -75.257, 0.703 ], [ -75.275, 0.676 ], [ -75.271, 0.662 ], [ -75.231, 0.646 ], [ -75.22, 0.632 ], [ -75.207, 0.601 ], [ -75.213, 0.588 ], [ -75.231, 0.581 ], [ -75.236, 0.567 ], [ -75.225, 0.535 ], [ -75.2, 0.509 ], [ -75.201, 0.499 ], [ -75.219, 0.491 ], [ -75.196, 0.479 ], [ -75.176, 0.487 ], [ -75.161, 0.481 ], [ -75.143, 0.487 ], [ -75.117, 0.512 ], [ -75.099, 0.511 ], [ -75.096, 0.487 ], [ -75.106, 0.478 ], [ -75.101, 0.473 ], [ -75.086, 0.477 ], [ -75.026, 0.48 ], [ -75.014, 0.464 ], [ -75.006, 0.438 ], [ -74.984, 0.413 ], [ -74.989, 0.396 ], [ -75.016, 0.387 ], [ -75.012, 0.354 ], [ -75.0, 0.333 ], [ -74.982, 0.319 ], [ -74.989, 0.3 ], [ -75.006, 0.296 ], [ -75.01, 0.281 ], [ -74.986, 0.265 ], [ -74.965, 0.245 ], [ -74.943, 0.243 ], [ -74.914, 0.253 ], [ -74.893, 0.249 ], [ -74.865, 0.225 ], [ -74.844, 0.214 ], [ -74.815, 0.217 ], [ -74.782, 0.209 ], [ -74.769, 0.213 ], [ -74.737, 0.21 ], [ -74.717, 0.201 ], [ -74.704, 0.185 ], [ -74.678, 0.16 ], [ -74.674, 0.105 ], [ -74.68, 0.092 ], [ -74.697, 0.089 ], [ -74.713, 0.096 ], [ -74.704, 0.082 ], [ -74.692, 0.078 ], [ -74.671, 0.083 ], [ -74.656, 0.074 ], [ -74.663, 0.054 ], [ -74.684, 0.043 ], [ -74.702, 0.045 ], [ -74.704, 0.037 ], [ -74.69, 0.019 ], [ -74.658, -0.009 ], [ -74.657, -0.028 ], [ -74.662, -0.039 ], [ -74.68, -0.047 ], [ -74.671, -0.06 ], [ -74.65, -0.039 ], [ -74.63, -0.045 ], [ -74.617, -0.056 ], [ -74.618, -0.071 ], [ -74.632, -0.088 ], [ -74.599, -0.098 ], [ -74.582, -0.11 ], [ -74.541, -0.12 ], [ -74.53, -0.126 ], [ -74.524, -0.116 ], [ -74.535, -0.102 ], [ -74.531, -0.089 ], [ -74.514, -0.092 ], [ -74.507, -0.103 ], [ -74.508, -0.127 ], [ -74.499, -0.137 ], [ -74.486, -0.138 ], [ -74.475, -0.13 ], [ -74.465, -0.111 ], [ -74.462, -0.082 ], [ -74.451, -0.07 ], [ -74.44, -0.075 ], [ -74.423, -0.098 ], [ -74.427, -0.113 ], [ -74.447, -0.129 ], [ -74.447, -0.139 ], [ -74.429, -0.132 ], [ -74.412, -0.118 ], [ -74.395, -0.113 ], [ -74.351, -0.106 ], [ -74.33, -0.116 ], [ -74.306, -0.146 ], [ -74.299, -0.148 ], [ -74.278, -0.139 ], [ -74.269, -0.14 ], [ -74.264, -0.155 ], [ -74.287, -0.177 ], [ -74.29, -0.197 ], [ -74.261, -0.222 ], [ -74.234, -0.238 ], [ -74.223, -0.234 ], [ -74.218, -0.21 ], [ -74.208, -0.208 ], [ -74.195, -0.216 ], [ -74.188, -0.259 ], [ -74.176, -0.266 ], [ -74.157, -0.261 ], [ -74.146, -0.241 ], [ -74.135, -0.234 ], [ -74.109, -0.236 ], [ -74.084, -0.278 ], [ -74.07, -0.281 ], [ -74.054, -0.272 ], [ -74.04, -0.283 ], [ -74.041, -0.297 ], [ -74.017, -0.333 ], [ -73.999, -0.344 ], [ -73.945, -0.355 ], [ -73.901, -0.368 ], [ -73.88, -0.371 ], [ -73.841, -0.398 ], [ -74.389, -0.554 ], [ -74.398, -0.543 ], [ -74.415, -0.562 ], [ -74.426, -0.556 ], [ -74.43, -0.529 ], [ -74.422, -0.507 ], [ -74.427, -0.5 ], [ -74.443, -0.497 ], [ -74.452, -0.506 ], [ -74.469, -0.497 ], [ -74.47, -0.481 ], [ -74.482, -0.478 ], [ -74.49, -0.491 ], [ -74.503, -0.485 ], [ -74.509, -0.465 ], [ -74.514, -0.473 ], [ -74.538, -0.463 ], [ -74.548, -0.438 ], [ -74.55, -0.423 ], [ -74.574, -0.413 ], [ -74.576, -0.396 ], [ -74.591, -0.384 ], [ -74.612, -0.383 ], [ -74.617, -0.37 ], [ -74.612, -0.353 ], [ -74.636, -0.361 ], [ -74.652, -0.376 ], [ -74.675, -0.373 ], [ -74.688, -0.365 ], [ -74.684, -0.331 ], [ -74.697, -0.338 ], [ -74.702, -0.352 ], [ -74.726, -0.35 ], [ -74.738, -0.329 ], [ -74.732, -0.302 ], [ -74.75, -0.285 ], [ -74.753, -0.254 ], [ -74.763, -0.23 ], [ -74.772, -0.228 ], [ -74.778, -0.208 ], [ -74.788, -0.201 ], [ -74.801, -0.202 ], [ -74.809, -0.193 ], [ -74.835, -0.215 ], [ -74.854, -0.243 ], [ -74.874, -0.241 ], [ -74.887, -0.245 ], [ -74.897, -0.238 ], [ -74.912, -0.213 ], [ -74.917, -0.225 ], [ -74.928, -0.229 ], [ -74.959, -0.195 ], [ -74.973, -0.188 ], [ -74.978, -0.177 ], [ -74.974, -0.158 ], [ -74.998, -0.155 ], [ -75.018, -0.148 ], [ -75.052, -0.122 ], [ -75.054, -0.112 ], [ -75.069, -0.095 ], [ -75.079, -0.094 ], [ -75.1, -0.081 ], [ -75.121, -0.08 ], [ -75.146, -0.068 ], [ -75.169, -0.045 ], [ -75.187, -0.042 ], [ -75.202, -0.045 ], [ -75.214, -0.056 ], [ -75.218, -0.078 ], [ -75.225, -0.09 ], [ -75.251, -0.116 ], [ -75.276, -0.127 ], [ -75.316, -0.109 ], [ -75.337, -0.108 ], [ -75.359, -0.092 ], [ -75.382, -0.101 ], [ -75.398, -0.101 ], [ -75.425, -0.09 ], [ -75.451, -0.075 ], [ -75.459, -0.06 ], [ -75.48, -0.051 ], [ -75.499, -0.053 ], [ -75.522, -0.031 ], [ -75.553, -0.025 ], [ -75.57, -0.031 ], [ -75.58, -0.025 ], [ -75.588, -0.011 ], [ -75.581, 0.014 ], [ -75.604, 0.01 ], [ -75.616, 0.028 ], [ -75.638, 0.047 ], [ -75.649, 0.027 ], [ -75.675, 0.039 ], [ -75.697, 0.031 ], [ -75.704, 0.034 ], [ -75.739, 0.032 ], [ -75.78, 0.043 ], [ -75.788, 0.054 ], [ -75.802, 0.047 ], [ -75.812, 0.051 ], [ -75.822, 0.082 ], [ -75.845, 0.104 ], [ -75.854, 0.131 ], [ -75.86, 0.133 ], [ -75.871, 0.118 ], [ -75.884, 0.12 ], [ -75.881, 0.134 ], [ -75.889, 0.141 ], [ -75.907, 0.138 ], [ -75.899, 0.154 ], [ -75.929, 0.182 ], [ -75.93, 0.192 ], [ -75.956, 0.201 ], [ -75.96, 0.211 ], [ -75.953, 0.22 ], [ -75.966, 0.236 ], [ -76.004, 0.247 ], [ -76.006, 0.257 ], [ -75.985, 0.257 ], [ -75.997, 0.263 ], [ -76.007, 0.278 ], [ -76.004, 0.292 ], [ -76.011, 0.299 ], [ -76.047, 0.304 ], [ -76.054, 0.328 ], [ -76.064, 0.334 ], [ -76.085, 0.333 ], [ -76.104, 0.311 ], [ -76.122, 0.32 ], [ -76.121, 0.339 ], [ -76.133, 0.37 ], [ -76.144, 0.375 ], [ -76.158, 0.388 ], [ -76.179, 0.37 ], [ -76.2, 0.372 ], [ -76.21, 0.385 ], [ -76.229, 0.376 ], [ -76.231, 0.398 ], [ -76.248, 0.397 ], [ -76.263, 0.406 ], [ -76.26, 0.422 ], [ -76.281, 0.435 ], [ -76.292, 0.422 ], [ -76.306, 0.423 ], [ -76.313, 0.433 ], [ -76.331, 0.41 ], [ -76.333, 0.39 ], [ -76.354, 0.379 ], [ -76.366, 0.393 ], [ -76.397, 0.381 ], [ -76.412, 0.379 ], [ -76.412, 0.242 ], [ -76.428, 0.236 ], [ -76.424, 0.248 ], [ -76.433, 0.259 ], [ -76.445, 0.254 ], [ -76.452, 0.239 ], [ -76.488, 0.241 ], [ -76.503, 0.236 ], [ -76.535, 0.259 ], [ -76.567, 0.245 ], [ -76.584, 0.22 ], [ -76.603, 0.229 ], [ -76.619, 0.256 ], [ -76.629, 0.263 ], [ -76.641, 0.258 ], [ -76.656, 0.254 ], [ -76.659, 0.273 ], [ -76.678, 0.27 ] ] ] } },
{ "type": "Feature", "properties": { "DPTO_CCDGO": "88", "DPTO_CNMBR": "ARCHIPIÉLAGO DE SAN ANDRÉS, PROVIDENCIA Y SANTA CATALINA", "area_km2": 49.588585207057072 }, "geometry": { "type": "MultiPolygon", "coordinates": [ [ [ [ -81.713, 12.524 ], [ -81.716, 12.505 ], [ -81.728, 12.481 ], [ -81.735, 12.497 ], [ -81.729, 12.523 ], [ -81.736, 12.531 ], [ -81.731, 12.558 ], [ -81.723, 12.578 ], [ -81.708, 12.593 ], [ -81.687, 12.581 ], [ -81.703, 12.575 ], [ -81.704, 12.543 ], [ -81.713, 12.524 ] ] ], [ [ [ -81.691, 12.599 ], [ -81.69, 12.601 ], [ -81.689, 12.6 ], [ -81.691, 12.599 ] ] ], [ [ [ -81.391, 13.321 ], [ -81.395, 13.338 ], [ -81.392, 13.359 ], [ -81.385, 13.371 ], [ -81.375, 13.37 ], [ -81.365, 13.386 ], [ -81.35, 13.357 ], [ -81.357, 13.353 ], [ -81.361, 13.334 ], [ -81.377, 13.324 ], [ -81.391, 13.321 ] ] ], [ [ [ -81.377, 13.382 ], [ -81.378, 13.393 ], [ -81.369, 13.394 ], [ -81.377, 13.382 ] ] ] ] } },
{ "type": "Feature", "properties": { "DPTO_CCDGO": "91", "DPTO_CNMBR": "AMAZONAS", "area_km2": 109174.82855113837 }, "geometry": { "type": "Polygon", "coordinates": [ [ [ -70.517, -2.475 ], [ -70.527, -2.466 ], [ -70.537, -2.444 ], [ -70.55, -2.427 ], [ -70.565, -2.42 ], [ -70.584, -2.425 ], [ -70.582, -2.432 ], [ -70.564, -2.437 ], [ -70.548, -2.448 ], [ -70.548, -2.467 ], [ -70.568, -2.485 ], [ -70.61, -2.487 ], [ -70.629, -2.48 ], [ -70.643, -2.463 ], [ -70.645, -2.448 ], [ -70.632, -2.421 ], [ -70.63, -2.399 ], [ -70.643, -2.414 ], [ -70.667, -2.414 ], [ -70.683, -2.404 ], [ -70.68, -2.389 ], [ -70.664, -2.367 ], [ -70.664, -2.36 ], [ -70.69, -2.343 ], [ -70.745, -2.334 ], [ -70.757, -2.328 ], [ -70.771, -2.299 ], [ -70.794, -2.295 ], [ -70.815, -2.299 ], [ -70.84, -2.291 ], [ -70.855, -2.244 ], [ -70.869, -2.228 ], [ -70.887, -2.223 ], [ -70.901, -2.229 ], [ -70.917, -2.251 ], [ -70.937, -2.257 ], [ -70.964, -2.241 ], [ -70.981, -2.214 ], [ -71.002, -2.212 ], [ -71.014, -2.226 ], [ -71.002, -2.254 ], [ -71.002, -2.263 ], [ -70.987, -2.291 ], [ -70.989, -2.305 ], [ -71.005, -2.309 ], [ -71.02, -2.299 ], [ -71.026, -2.283 ], [ -71.037, -2.276 ], [ -71.064, -2.273 ], [ -71.093, -2.284 ], [ -71.111, -2.283 ], [ -71.132, -2.288 ], [ -71.14, -2.301 ], [ -71.131, -2.316 ], [ -71.127, -2.338 ], [ -71.141, -2.346 ], [ -71.152, -2.338 ], [ -71.168, -2.346 ], [ -71.17, -2.379 ], [ -71.193, -2.383 ], [ -71.211, -2.371 ], [ -71.217, -2.354 ], [ -71.229, -2.348 ], [ -71.259, -2.362 ], [ -71.271, -2.386 ], [ -71.281, -2.389 ], [ -71.293, -2.378 ], [ -71.279, -2.36 ], [ -71.285, -2.348 ], [ -71.301, -2.349 ], [ -71.317, -2.38 ], [ -71.338, -2.384 ], [ -71.352, -2.392 ], [ -71.37, -2.393 ], [ -71.384, -2.409 ], [ -71.395, -2.411 ], [ -71.404, -2.404 ], [ -71.409, -2.383 ], [ -71.4, -2.358 ], [ -71.413, -2.337 ], [ -71.432, -2.322 ], [ -71.443, -2.294 ], [ -71.455, -2.28 ], [ -71.47, -2.275 ], [ -71.488, -2.302 ], [ -71.478, -2.33 ], [ -71.479, -2.349 ], [ -71.499, -2.356 ], [ -71.526, -2.321 ], [ -71.517, -2.259 ], [ -71.52, -2.252 ], [ -71.556, -2.249 ], [ -71.571, -2.25 ], [ -71.587, -2.242 ], [ -71.608, -2.237 ], [ -71.629, -2.211 ], [ -71.649, -2.204 ], [ -71.674, -2.209 ], [ -71.686, -2.22 ], [ -71.71, -2.233 ], [ -71.732, -2.225 ], [ -71.733, -2.197 ], [ -71.72, -2.164 ], [ -71.723, -2.155 ], [ -71.742, -2.146 ], [ -71.748, -2.174 ], [ -71.769, -2.181 ], [ -71.789, -2.188 ], [ -71.794, -2.205 ], [ -71.81, -2.205 ], [ -71.814, -2.198 ], [ -71.834, -2.197 ], [ -71.845, -2.234 ], [ -71.859, -2.26 ], [ -71.868, -2.293 ], [ -71.883, -2.314 ], [ -71.924, -2.313 ], [ -71.932, -2.327 ], [ -71.916, -2.368 ], [ -71.918, -2.379 ], [ -71.934, -2.382 ], [ -71.96, -2.359 ], [ -71.973, -2.37 ], [ -71.998, -2.374 ], [ -72.016, -2.369 ], [ -72.028, -2.347 ], [ -72.049, -2.339 ], [ -72.064, -2.35 ], [ -72.08, -2.374 ], [ -72.096, -2.391 ], [ -72.121, -2.404 ], [ -72.132, -2.423 ], [ -72.13, -2.438 ], [ -72.142, -2.47 ], [ -72.157, -2.481 ], [ -72.168, -2.479 ], [ -72.17, -2.453 ], [ -72.187, -2.436 ], [ -72.205, -2.448 ], [ -72.228, -2.448 ], [ -72.239, -2.435 ], [ -72.257, -2.432 ], [ -72.26, -2.438 ], [ -72.253, -2.455 ], [ -72.259, -2.461 ], [ -72.28, -2.454 ], [ -72.289, -2.473 ], [ -72.313, -2.476 ], [ -72.329, -2.483 ], [ -72.345, -2.483 ], [ -72.365, -2.493 ], [ -72.379, -2.489 ], [ -72.383, -2.477 ], [ -72.397, -2.473 ], [ -72.406, -2.449 ], [ -72.401, -2.434 ], [ -72.408, -2.416 ], [ -72.423, -2.438 ], [ -72.444, -2.441 ], [ -72.463, -2.426 ], [ -72.5, -2.419 ], [ -72.511, -2.427 ], [ -72.525, -2.423 ], [ -72.532, -2.411 ], [ -72.545, -2.405 ], [ -72.568, -2.405 ], [ -72.58, -2.395 ], [ -72.597, -2.368 ], [ -72.631, -2.36 ], [ -72.639, -2.365 ], [ -72.635, -2.39 ], [ -72.654, -2.407 ], [ -72.663, -2.442 ], [ -72.68, -2.452 ], [ -72.693, -2.452 ], [ -72.693, -2.432 ], [ -72.705, -2.415 ], [ -72.704, -2.398 ], [ -72.729, -2.399 ], [ -72.73, -2.421 ], [ -72.739, -2.428 ], [ -72.757, -2.425 ], [ -72.762, -2.4 ], [ -72.772, -2.394 ], [ -72.786, -2.397 ], [ -72.793, -2.408 ], [ -72.82, -2.421 ], [ -72.831, -2.431 ], [ -72.858, -2.44 ], [ -72.879, -2.439 ], [ -72.906, -2.444 ], [ -72.932, -2.458 ], [ -72.939, -2.451 ], [ -72.933, -2.433 ], [ -72.935, -2.414 ], [ -72.952, -2.404 ], [ -72.958, -2.378 ], [ -72.97, -2.363 ], [ -72.972, -2.349 ], [ -72.982, -2.344 ], [ -72.991, -2.36 ], [ -73.006, -2.361 ], [ -73.017, -2.349 ], [ -73.022, -2.331 ], [ -73.041, -2.329 ], [ -73.039, -2.348 ], [ -73.054, -2.366 ], [ -73.07, -2.357 ], [ -73.072, -2.343 ], [ -73.098, -2.327 ], [ -73.119, -2.329 ], [ -73.127, -2.323 ], [ -73.125, -2.297 ], [ -73.156, -2.259 ], [ -73.173, -2.221 ], [ -73.175, -2.197 ], [ -73.167, -2.183 ], [ -73.147, -2.185 ], [ -73.132, -2.18 ], [ -73.126, -2.168 ], [ -73.119, -2.131 ], [ -73.11, -2.121 ], [ -73.076, -2.105 ], [ -73.07, -2.085 ], [ -73.11, -2.081 ], [ -73.114, -2.069 ], [ -73.095, -2.044 ], [ -73.098, -2.027 ], [ -73.121, -2.016 ], [ -73.129, -1.987 ], [ -73.118, -1.972 ], [ -73.115, -1.93 ], [ -73.12, -1.916 ], [ -73.109, -1.884 ], [ -73.113, -1.874 ], [ -73.139, -1.873 ], [ -73.157, -1.853 ], [ -73.149, -1.835 ], [ -73.147, -1.805 ], [ -73.171, -1.803 ], [ -73.185, -1.808 ], [ -73.197, -1.789 ], [ -73.209, -1.759 ], [ -73.219, -1.75 ], [ -73.228, -1.759 ], [ -73.226, -1.788 ], [ -73.233, -1.803 ], [ -73.245, -1.808 ], [ -73.259, -1.805 ], [ -73.258, -1.795 ], [ -73.242, -1.788 ], [ -73.251, -1.781 ], [ -73.273, -1.784 ], [ -73.282, -1.78 ], [ -73.306, -1.8 ], [ -73.297, -1.814 ], [ -73.303, -1.829 ], [ -73.326, -1.822 ], [ -73.335, -1.804 ], [ -73.352, -1.801 ], [ -73.38, -1.781 ], [ -73.4, -1.788 ], [ -73.429, -1.791 ], [ -73.437, -1.78 ], [ -73.438, -1.764 ], [ -73.452, -1.749 ], [ -73.478, -1.736 ], [ -73.506, -1.731 ], [ -73.541, -1.699 ], [ -73.538, -1.682 ], [ -73.517, -1.661 ], [ -73.518, -1.642 ], [ -73.505, -1.619 ], [ -73.465, -1.59 ], [ -73.459, -1.578 ], [ -73.464, -1.569 ], [ -73.48, -1.579 ], [ -73.496, -1.569 ], [ -73.499, -1.554 ], [ -73.483, -1.54 ], [ -73.482, -1.523 ], [ -73.493, -1.52 ], [ -73.492, -1.503 ], [ -73.491, -1.485 ], [ -73.507, -1.486 ], [ -73.531, -1.479 ], [ -73.535, -1.466 ], [ -73.531, -1.452 ], [ -73.535, -1.437 ], [ -73.576, -1.431 ], [ -73.588, -1.417 ], [ -73.574, -1.412 ], [ -73.559, -1.418 ], [ -73.552, -1.402 ], [ -73.563, -1.381 ], [ -73.58, -1.381 ], [ -73.583, -1.37 ], [ -73.58, -1.337 ], [ -73.57, -1.332 ], [ -73.574, -1.32 ], [ -73.585, -1.33 ], [ -73.598, -1.33 ], [ -73.613, -1.32 ], [ -73.621, -1.291 ], [ -73.62, -1.265 ], [ -73.631, -1.272 ], [ -73.657, -1.263 ], [ -73.668, -1.246 ], [ -73.683, -1.241 ], [ -73.697, -1.253 ], [ -73.728, -1.254 ], [ -73.742, -1.24 ], [ -73.75, -1.203 ], [ -73.751, -1.239 ], [ -73.762, -1.26 ], [ -73.785, -1.258 ], [ -73.788, -1.241 ], [ -73.796, -1.251 ], [ -73.814, -1.25 ], [ -73.837, -1.238 ], [ -73.847, -1.238 ], [ -73.869, -1.225 ], [ -73.869, -1.211 ], [ -73.877, -1.194 ], [ -73.89, -1.183 ], [ -73.899, -1.162 ], [ -73.898, -1.152 ], [ -73.905, -1.128 ], [ -73.923, -1.123 ], [ -73.936, -1.134 ], [ -73.953, -1.134 ], [ -73.97, -1.126 ], [ -73.968, -1.116 ], [ -73.952, -1.094 ], [ -73.965, -1.085 ], [ -73.973, -1.091 ], [ -73.979, -1.108 ], [ -73.994, -1.107 ], [ -74.012, -1.098 ], [ -74.027, -1.065 ], [ -74.026, -1.043 ], [ -74.015, -1.018 ], [ -74.027, -1.006 ], [ -74.034, -1.014 ], [ -74.036, -1.036 ], [ -74.047, -1.051 ], [ -74.06, -1.057 ], [ -74.087, -1.054 ], [ -74.113, -1.043 ], [ -74.147, -1.024 ], [ -74.156, -1.015 ], [ -74.175, -1.007 ], [ -74.186, -1.012 ], [ -74.221, -1.012 ], [ -74.241, -1.004 ], [ -74.274, -0.98 ], [ -74.277, -0.961 ], [ -74.263, -0.945 ], [ -74.272, -0.933 ], [ -74.277, -0.907 ], [ -74.297, -0.896 ], [ -74.318, -0.893 ], [ -74.322, -0.879 ], [ -74.31, -0.865 ], [ -74.3, -0.863 ], [ -74.271, -0.879 ], [ -74.274, -0.855 ], [ -74.268, -0.839 ], [ -74.258, -0.833 ], [ -74.257, -0.82 ], [ -74.281, -0.829 ], [ -74.293, -0.819 ], [ -74.287, -0.793 ], [ -74.292, -0.78 ], [ -74.303, -0.795 ], [ -74.319, -0.795 ], [ -74.322, -0.786 ], [ -74.314, -0.768 ], [ -74.328, -0.757 ], [ -74.341, -0.762 ], [ -74.355, -0.755 ], [ -74.376, -0.735 ], [ -74.382, -0.72 ], [ -74.37, -0.708 ], [ -74.351, -0.704 ], [ -74.342, -0.693 ], [ -74.349, -0.675 ], [ -74.369, -0.664 ], [ -74.378, -0.639 ], [ -74.364, -0.621 ], [ -74.379, -0.608 ], [ -74.395, -0.588 ], [ -74.389, -0.554 ], [ -73.841, -0.398 ], [ -73.81, -0.412 ], [ -73.764, -0.408 ], [ -73.753, -0.402 ], [ -73.738, -0.384 ], [ -73.719, -0.381 ], [ -73.708, -0.386 ], [ -73.69, -0.415 ], [ -73.677, -0.421 ], [ -73.642, -0.417 ], [ -73.636, -0.43 ], [ -73.653, -0.451 ], [ -73.65, -0.458 ], [ -73.609, -0.439 ], [ -73.593, -0.442 ], [ -73.58, -0.455 ], [ -73.579, -0.48 ], [ -73.569, -0.495 ], [ -73.571, -0.516 ], [ -73.56, -0.518 ], [ -73.546, -0.51 ], [ -73.539, -0.492 ], [ -73.531, -0.489 ], [ -73.529, -0.501 ], [ -73.517, -0.521 ], [ -73.489, -0.528 ], [ -73.453, -0.515 ], [ -73.425, -0.512 ], [ -73.408, -0.518 ], [ -73.396, -0.531 ], [ -73.379, -0.536 ], [ -73.366, -0.522 ], [ -73.336, -0.506 ], [ -73.323, -0.524 ], [ -73.299, -0.542 ], [ -73.28, -0.546 ], [ -73.268, -0.553 ], [ -73.253, -0.583 ], [ -73.239, -0.587 ], [ -73.22, -0.606 ], [ -73.209, -0.624 ], [ -73.197, -0.627 ], [ -73.161, -0.62 ], [ -73.137, -0.607 ], [ -73.112, -0.605 ], [ -73.085, -0.623 ], [ -73.075, -0.621 ], [ -73.07, -0.593 ], [ -73.061, -0.576 ], [ -73.057, -0.556 ], [ -73.044, -0.535 ], [ -73.026, -0.527 ], [ -72.997, -0.534 ], [ -72.968, -0.552 ], [ -72.956, -0.563 ], [ -72.937, -0.606 ], [ -72.917, -0.616 ], [ -72.878, -0.618 ], [ -72.854, -0.612 ], [ -72.831, -0.598 ], [ -72.811, -0.597 ], [ -72.796, -0.576 ], [ -72.777, -0.578 ], [ -72.763, -0.561 ], [ -72.75, -0.555 ], [ -72.737, -0.583 ], [ -72.714, -0.589 ], [ -72.695, -0.611 ], [ -72.677, -0.618 ], [ -72.677, -0.632 ], [ -72.63, -0.662 ], [ -72.592, -0.693 ], [ -72.556, -0.706 ], [ -72.538, -0.677 ], [ -72.514, -0.657 ], [ -72.499, -0.635 ], [ -72.469, -0.602 ], [ -72.434, -0.567 ], [ -72.425, -0.562 ], [ -72.408, -0.568 ], [ -72.404, -0.585 ], [ -72.409, -0.595 ], [ -72.397, -0.612 ], [ -72.37, -0.624 ], [ -72.358, -0.636 ], [ -72.317, -0.652 ], [ -72.292, -0.643 ], [ -72.286, -0.631 ], [ -72.263, -0.623 ], [ -72.243, -0.605 ], [ -72.247, -0.585 ], [ -72.24, -0.562 ], [ -72.237, -0.53 ], [ -72.231, -0.493 ], [ -72.207, -0.484 ], [ -72.195, -0.468 ], [ -72.183, -0.461 ], [ -72.168, -0.435 ], [ -72.163, -0.411 ], [ -72.148, -0.393 ], [ -72.159, -0.382 ], [ -72.153, -0.355 ], [ -72.144, -0.347 ], [ -72.097, -0.329 ], [ -72.083, -0.338 ], [ -72.073, -0.326 ], [ -72.063, -0.325 ], [ -72.057, -0.309 ], [ -72.061, -0.296 ], [ -72.046, -0.283 ], [ -72.042, -0.269 ], [ -72.02, -0.264 ], [ -71.996, -0.276 ], [ -71.987, -0.279 ], [ -71.969, -0.269 ], [ -71.928, -0.265 ], [ -71.91, -0.273 ], [ -71.872, -0.27 ], [ -71.848, -0.277 ], [ -71.82, -0.275 ], [ -71.811, -0.264 ], [ -71.79, -0.27 ], [ -71.773, -0.264 ], [ -71.773, -0.257 ], [ -71.74, -0.25 ], [ -71.738, -0.242 ], [ -71.711, -0.232 ], [ -71.714, -0.204 ], [ -71.723, -0.183 ], [ -71.736, -0.164 ], [ -71.736, -0.155 ], [ -71.726, -0.122 ], [ -71.703, -0.102 ], [ -71.701, -0.087 ], [ -71.705, -0.067 ], [ -71.672, -0.06 ], [ -71.648, -0.038 ], [ -71.626, -0.035 ], [ -71.593, -0.014 ], [ -71.578, -0.001 ], [ -71.582, 0.009 ], [ -71.568, 0.02 ], [ -71.55, 0.022 ], [ -71.475, -0.012 ], [ -71.452, -0.011 ], [ -71.448, 0.003 ], [ -71.437, 0.006 ], [ -71.4, 0.006 ], [ -71.386, 0.015 ], [ -71.387, 0.024 ], [ -71.362, 0.032 ], [ -71.342, 0.019 ], [ -71.315, 0.021 ], [ -71.304, 0.032 ], [ -71.286, 0.038 ], [ -71.271, 0.035 ], [ -71.254, 0.06 ], [ -71.232, 0.065 ], [ -71.226, 0.054 ], [ -71.199, 0.078 ], [ -71.188, 0.08 ], [ -71.192, 0.096 ], [ -71.169, 0.088 ], [ -71.145, 0.063 ], [ -71.149, 0.039 ], [ -71.137, 0.007 ], [ -71.129, 0.003 ], [ -71.116, 0.011 ], [ -71.112, 0.025 ], [ -71.1, 0.024 ], [ -71.097, -0.007 ], [ -71.077, 0.001 ], [ -71.066, -0.01 ], [ -71.047, -0.003 ], [ -71.035, -0.008 ], [ -71.053, -0.025 ], [ -71.05, -0.034 ], [ -71.029, -0.048 ], [ -71.012, -0.04 ], [ -71.017, -0.028 ], [ -71.016, -0.012 ], [ -70.998, -0.002 ], [ -70.982, -0.004 ], [ -70.968, -0.013 ], [ -70.973, -0.027 ], [ -70.959, -0.041 ], [ -70.928, -0.051 ], [ -70.93, -0.076 ], [ -70.917, -0.099 ], [ -70.897, -0.104 ], [ -70.892, -0.116 ], [ -70.902, -0.133 ], [ -70.92, -0.123 ], [ -70.935, -0.132 ], [ -70.947, -0.149 ], [ -70.935, -0.173 ], [ -70.917, -0.184 ], [ -70.914, -0.203 ], [ -70.885, -0.211 ], [ -70.882, -0.231 ], [ -70.874, -0.241 ], [ -70.873, -0.261 ], [ -70.878, -0.28 ], [ -70.868, -0.29 ], [ -70.867, -0.305 ], [ -70.843, -0.332 ], [ -70.832, -0.347 ], [ -70.828, -0.365 ], [ -70.812, -0.365 ], [ -70.806, -0.346 ], [ -70.771, -0.335 ], [ -70.759, -0.328 ], [ -70.762, -0.318 ], [ -70.779, -0.317 ], [ -70.772, -0.3 ], [ -70.739, -0.287 ], [ -70.73, -0.29 ], [ -70.715, -0.31 ], [ -70.689, -0.333 ], [ -70.678, -0.352 ], [ -70.666, -0.35 ], [ -70.656, -0.334 ], [ -70.637, -0.32 ], [ -70.626, -0.323 ], [ -70.607, -0.345 ], [ -70.599, -0.369 ], [ -70.585, -0.389 ], [ -70.573, -0.392 ], [ -70.564, -0.37 ], [ -70.555, -0.363 ], [ -70.53, -0.374 ], [ -70.53, -0.36 ], [ -70.522, -0.356 ], [ -70.497, -0.386 ], [ -70.478, -0.4 ], [ -70.457, -0.431 ], [ -70.448, -0.46 ], [ -70.465, -0.481 ], [ -70.463, -0.491 ], [ -70.449, -0.493 ], [ -70.437, -0.478 ], [ -70.403, -0.463 ], [ -70.388, -0.468 ], [ -70.379, -0.497 ], [ -70.343, -0.501 ], [ -70.324, -0.492 ], [ -70.319, -0.476 ], [ -70.323, -0.468 ], [ -70.343, -0.474 ], [ -70.362, -0.467 ], [ -70.361, -0.451 ], [ -70.346, -0.448 ], [ -70.334, -0.438 ], [ -70.31, -0.441 ], [ -70.295, -0.415 ], [ -70.268, -0.418 ], [ -70.255, -0.433 ], [ -70.241, -0.446 ], [ -70.223, -0.436 ], [ -70.21, -0.442 ], [ -70.201, -0.457 ], [ -70.2, -0.469 ], [ -70.209, -0.478 ], [ -70.232, -0.468 ], [ -70.245, -0.47 ], [ -70.257, -0.492 ], [ -70.292, -0.512 ], [ -70.32, -0.55 ], [ -70.325, -0.579 ], [ -70.31, -0.59 ], [ -70.303, -0.586 ], [ -70.302, -0.564 ], [ -70.296, -0.557 ], [ -70.281, -0.559 ], [ -70.265, -0.581 ], [ -70.256, -0.603 ], [ -70.26, -0.617 ], [ -70.255, -0.626 ], [ -70.261, -0.653 ], [ -70.254, -0.679 ], [ -70.262, -0.713 ], [ -70.249, -0.731 ], [ -70.252, -0.745 ], [ -70.275, -0.745 ], [ -70.29, -0.752 ], [ -70.295, -0.765 ], [ -70.297, -0.792 ], [ -70.291, -0.808 ], [ -70.263, -0.829 ], [ -70.252, -0.84 ], [ -70.235, -0.87 ], [ -70.224, -0.88 ], [ -70.225, -0.895 ], [ -70.25, -0.91 ], [ -70.261, -0.938 ], [ -70.283, -0.934 ], [ -70.296, -0.936 ], [ -70.307, -0.966 ], [ -70.302, -0.978 ], [ -70.267, -1.015 ], [ -70.239, -1.02 ], [ -70.231, -1.012 ], [ -70.22, -0.985 ], [ -70.205, -0.982 ], [ -70.195, -0.991 ], [ -70.201, -1.01 ], [ -70.217, -1.024 ], [ -70.227, -1.038 ], [ -70.227, -1.05 ], [ -70.218, -1.065 ], [ -70.177, -1.075 ], [ -70.178, -1.1 ], [ -70.17, -1.112 ], [ -70.15, -1.117 ], [ -70.127, -1.11 ], [ -70.113, -1.078 ], [ -70.088, -1.052 ], [ -70.079, -1.036 ], [ -70.087, -1.013 ], [ -70.101, -1.01 ], [ -70.122, -1.021 ], [ -70.132, -1.019 ], [ -70.14, -0.999 ], [ -70.123, -0.973 ], [ -70.101, -0.953 ], [ -70.08, -0.947 ], [ -70.07, -0.95 ], [ -70.045, -0.98 ], [ -70.027, -0.977 ], [ -70.023, -0.967 ], [ -70.024, -0.939 ], [ -70.01, -0.938 ], [ -70.0, -0.947 ], [ -70.007, -0.97 ], [ -69.988, -0.977 ], [ -69.96, -0.969 ], [ -69.942, -0.947 ], [ -69.908, -0.964 ], [ -69.906, -0.98 ], [ -69.921, -0.973 ], [ -69.951, -0.992 ], [ -69.955, -1.006 ], [ -69.941, -1.034 ], [ -69.967, -1.06 ], [ -69.971, -1.079 ], [ -69.964, -1.091 ], [ -69.937, -1.096 ], [ -69.916, -1.083 ], [ -69.889, -1.081 ], [ -69.869, -1.074 ], [ -69.853, -1.039 ], [ -69.84, -1.028 ], [ -69.822, -1.029 ], [ -69.815, -1.035 ], [ -69.784, -1.086 ], [ -69.757, -1.099 ], [ -69.739, -1.094 ], [ -69.74, -1.077 ], [ -69.754, -1.076 ], [ -69.764, -1.064 ], [ -69.772, -1.037 ], [ -69.75, -1.028 ], [ -69.739, -1.041 ], [ -69.724, -1.039 ], [ -69.705, -1.048 ], [ -69.681, -1.083 ], [ -69.65, -1.116 ], [ -69.654, -1.134 ], [ -69.66, -1.118 ], [ -69.68, -1.118 ], [ -69.678, -1.154 ], [ -69.68, -1.203 ], [ -69.665, -1.226 ], [ -69.65, -1.227 ], [ -69.637, -1.212 ], [ -69.636, -1.171 ], [ -69.619, -1.164 ], [ -69.592, -1.146 ], [ -69.578, -1.155 ], [ -69.566, -1.191 ], [ -69.539, -1.192 ], [ -69.511, -1.215 ], [ -69.481, -1.214 ], [ -69.468, -1.2 ], [ -69.466, -1.171 ], [ -69.476, -1.159 ], [ -69.488, -1.155 ], [ -69.483, -1.145 ], [ -69.462, -1.142 ], [ -69.46, -1.126 ], [ -69.471, -1.093 ], [ -69.463, -1.078 ], [ -69.452, -1.071 ], [ -69.433, -1.069 ], [ -69.407, -1.1 ], [ -69.395, -1.122 ], [ -69.396, -1.137 ], [ -69.414, -1.159 ], [ -69.415, -1.185 ], [ -69.43, -1.218 ], [ -69.43, -1.235 ], [ -69.414, -1.269 ], [ -69.407, -1.29 ], [ -69.408, -1.328 ], [ -69.398, -1.354 ], [ -69.399, -1.366 ], [ -69.417, -1.375 ], [ -69.428, -1.388 ], [ -69.436, -1.412 ], [ -69.433, -1.453 ], [ -69.438, -1.465 ], [ -69.456, -1.489 ], [ -69.452, -1.539 ], [ -69.535, -2.003 ], [ -69.691, -2.87 ], [ -69.714, -3.003 ], [ -69.933, -4.22 ], [ -69.95, -4.229 ], [ -69.957, -4.211 ], [ -69.983, -4.19 ], [ -69.997, -4.168 ], [ -70.017, -4.143 ], [ -70.034, -4.132 ], [ -70.045, -4.118 ], [ -70.056, -4.091 ], [ -70.089, -4.065 ], [ -70.145, -4.061 ], [ -70.167, -4.052 ], [ -70.177, -4.035 ], [ -70.176, -4.01 ], [ -70.172, -3.988 ], [ -70.175, -3.953 ], [ -70.183, -3.929 ], [ -70.221, -3.915 ], [ -70.248, -3.895 ], [ -70.262, -3.868 ], [ -70.27, -3.84 ], [ -70.278, -3.827 ], [ -70.308, -3.812 ], [ -70.354, -3.8 ], [ -70.376, -3.822 ], [ -70.419, -3.83 ], [ -70.448, -3.859 ], [ -70.486, -3.877 ], [ -70.52, -3.88 ], [ -70.531, -3.878 ], [ -70.543, -3.864 ], [ -70.555, -3.837 ], [ -70.564, -3.824 ], [ -70.58, -3.816 ], [ -70.592, -3.82 ], [ -70.611, -3.837 ], [ -70.653, -3.83 ], [ -70.673, -3.804 ], [ -70.688, -3.793 ], [ -70.713, -3.795 ], [ -70.336, -3.197 ], [ -70.212, -3.0 ], [ -70.08, -2.795 ], [ -70.074, -2.791 ], [ -70.061, -2.759 ], [ -70.07, -2.75 ], [ -70.075, -2.72 ], [ -70.071, -2.682 ], [ -70.076, -2.664 ], [ -70.101, -2.662 ], [ -70.113, -2.698 ], [ -70.132, -2.706 ], [ -70.147, -2.718 ], [ -70.163, -2.713 ], [ -70.169, -2.695 ], [ -70.158, -2.663 ], [ -70.165, -2.643 ], [ -70.178, -2.633 ], [ -70.187, -2.658 ], [ -70.201, -2.664 ], [ -70.219, -2.656 ], [ -70.231, -2.623 ], [ -70.23, -2.593 ], [ -70.242, -2.561 ], [ -70.261, -2.555 ], [ -70.28, -2.56 ], [ -70.306, -2.578 ], [ -70.328, -2.583 ], [ -70.358, -2.567 ], [ -70.36, -2.546 ], [ -70.339, -2.534 ], [ -70.319, -2.534 ], [ -70.299, -2.521 ], [ -70.299, -2.507 ], [ -70.329, -2.508 ], [ -70.341, -2.498 ], [ -70.358, -2.494 ], [ -70.374, -2.497 ], [ -70.408, -2.529 ], [ -70.425, -2.532 ], [ -70.439, -2.526 ], [ -70.45, -2.511 ], [ -70.457, -2.477 ], [ -70.469, -2.457 ], [ -70.496, -2.477 ], [ -70.517, -2.475 ] ] ] } },
{ "type": "Feature", "properties": { "DPTO_CCDGO": "94", "DPTO_CNMBR": "GUAINÍA", "area_km2": 70953.422322489598 }, "geometry": { "type": "Polygon", "coordinates": [ [ [ -66.959, 1.629 ], [ -66.963, 1.598 ], [ -66.959, 1.585 ], [ -66.942, 1.575 ], [ -66.924, 1.54 ], [ -66.908, 1.482 ], [ -66.912, 1.427 ], [ -66.902, 1.409 ], [ -66.875, 1.398 ], [ -66.856, 1.37 ], [ -66.847, 1.323 ], [ -66.854, 1.312 ], [ -66.873, 1.305 ], [ -66.881, 1.29 ], [ -66.876, 1.263 ], [ -66.856, 1.243 ], [ -66.851, 1.224 ], [ -66.857, 1.228 ], [ -67.089, 1.166 ], [ -67.083, 1.18 ], [ -67.09, 1.189 ], [ -67.082, 1.201 ], [ -67.091, 1.214 ], [ -67.091, 1.227 ], [ -67.101, 1.235 ], [ -67.101, 1.26 ], [ -67.127, 1.272 ], [ -67.123, 1.278 ], [ -67.144, 1.3 ], [ -67.145, 1.314 ], [ -67.156, 1.317 ], [ -67.151, 1.346 ], [ -67.132, 1.35 ], [ -67.128, 1.34 ], [ -67.112, 1.335 ], [ -67.089, 1.351 ], [ -67.092, 1.359 ], [ -67.076, 1.367 ], [ -67.08, 1.409 ], [ -67.087, 1.418 ], [ -67.083, 1.451 ], [ -67.077, 1.456 ], [ -67.079, 1.473 ], [ -67.09, 1.478 ], [ -67.092, 1.492 ], [ -67.103, 1.52 ], [ -67.095, 1.541 ], [ -67.106, 1.571 ], [ -67.101, 1.582 ], [ -67.115, 1.585 ], [ -67.113, 1.594 ], [ -67.143, 1.604 ], [ -67.141, 1.629 ], [ -67.132, 1.644 ], [ -67.138, 1.666 ], [ -67.13, 1.684 ], [ -67.14, 1.698 ], [ -67.14, 1.711 ], [ -67.149, 1.732 ], [ -67.139, 1.731 ], [ -67.142, 1.763 ], [ -67.128, 1.777 ], [ -67.136, 1.784 ], [ -67.137, 1.799 ], [ -67.157, 1.796 ], [ -67.163, 1.811 ], [ -67.152, 1.816 ], [ -67.172, 1.841 ], [ -67.209, 1.858 ], [ -67.212, 1.871 ], [ -67.209, 1.886 ], [ -67.216, 1.892 ], [ -67.22, 1.918 ], [ -67.227, 1.912 ], [ -67.263, 1.913 ], [ -67.275, 1.923 ], [ -67.277, 1.911 ], [ -67.294, 1.9 ], [ -67.303, 1.901 ], [ -67.311, 1.916 ], [ -67.334, 1.979 ], [ -67.347, 1.985 ], [ -67.348, 2.012 ], [ -67.341, 2.027 ], [ -67.354, 2.029 ], [ -67.358, 2.05 ], [ -67.342, 2.085 ], [ -67.359, 2.094 ], [ -67.356, 2.118 ], [ -67.348, 2.116 ], [ -67.327, 2.155 ], [ -67.331, 2.165 ], [ -67.351, 2.175 ], [ -67.362, 2.171 ], [ -67.362, 2.188 ], [ -67.371, 2.193 ], [ -67.365, 2.208 ], [ -67.369, 2.216 ], [ -67.395, 2.233 ], [ -67.409, 2.226 ], [ -67.415, 2.23 ], [ -67.425, 2.203 ], [ -67.416, 2.194 ], [ -67.446, 2.199 ], [ -67.443, 2.188 ], [ -67.45, 2.169 ], [ -67.491, 2.164 ], [ -67.511, 2.164 ], [ -67.535, 2.151 ], [ -67.551, 2.149 ], [ -67.573, 2.163 ], [ -67.58, 2.156 ], [ -67.587, 2.122 ], [ -67.574, 2.104 ], [ -67.584, 2.091 ], [ -67.592, 2.069 ], [ -67.598, 2.065 ], [ -67.602, 2.044 ], [ -67.613, 2.043 ], [ -67.631, 2.031 ], [ -67.627, 2.021 ], [ -67.637, 2.007 ], [ -67.658, 1.99 ], [ -67.677, 2.009 ], [ -67.697, 2.001 ], [ -67.701, 2.01 ], [ -67.731, 2.012 ], [ -67.731, 2.026 ], [ -67.743, 2.034 ], [ -67.752, 2.03 ], [ -67.775, 2.035 ], [ -67.775, 2.012 ], [ -67.783, 2.0 ], [ -67.801, 1.993 ], [ -67.808, 1.977 ], [ -67.826, 1.961 ], [ -67.832, 1.939 ], [ -67.847, 1.939 ], [ -67.869, 1.924 ], [ -67.871, 1.901 ], [ -67.885, 1.895 ], [ -67.916, 1.898 ], [ -67.922, 1.893 ], [ -67.909, 1.864 ], [ -67.922, 1.858 ], [ -67.914, 1.828 ], [ -67.922, 1.82 ], [ -67.909, 1.815 ], [ -67.908, 1.805 ], [ -67.942, 1.82 ], [ -67.96, 1.833 ], [ -67.972, 1.828 ], [ -67.987, 1.843 ], [ -67.998, 1.846 ], [ -68.015, 1.831 ], [ -68.024, 1.813 ], [ -68.04, 1.819 ], [ -68.038, 1.837 ], [ -68.047, 1.841 ], [ -68.042, 1.854 ], [ -68.054, 1.868 ], [ -68.052, 1.875 ], [ -68.062, 1.883 ], [ -68.062, 1.893 ], [ -68.072, 1.891 ], [ -68.086, 1.899 ], [ -68.093, 1.896 ], [ -68.103, 1.909 ], [ -68.108, 1.926 ], [ -68.129, 1.959 ], [ -68.145, 1.973 ], [ -68.167, 1.963 ], [ -68.182, 1.978 ], [ -68.188, 1.993 ], [ -68.194, 2.039 ], [ -68.201, 2.032 ], [ -68.205, 1.987 ], [ -68.215, 1.981 ], [ -68.217, 1.965 ], [ -68.23, 1.949 ], [ -68.233, 1.934 ], [ -68.245, 1.927 ], [ -68.247, 1.899 ], [ -68.253, 1.88 ], [ -68.273, 1.853 ], [ -68.285, 1.847 ], [ -68.273, 1.844 ], [ -68.285, 1.836 ], [ -68.276, 1.82 ], [ -68.246, 1.825 ], [ -68.228, 1.822 ], [ -68.238, 1.809 ], [ -68.245, 1.785 ], [ -68.24, 1.772 ], [ -68.231, 1.781 ], [ -68.225, 1.774 ], [ -68.212, 1.774 ], [ -68.205, 1.783 ], [ -68.192, 1.78 ], [ -68.178, 1.767 ], [ -68.188, 1.757 ], [ -68.193, 1.739 ], [ -68.185, 1.73 ], [ -68.172, 1.744 ], [ -68.163, 1.728 ], [ -69.393, 1.727 ], [ -69.406, 1.732 ], [ -69.407, 1.741 ], [ -69.432, 1.739 ], [ -69.453, 1.746 ], [ -69.468, 1.757 ], [ -69.476, 1.743 ], [ -69.496, 1.761 ], [ -69.512, 1.761 ], [ -69.514, 1.771 ], [ -69.527, 1.769 ], [ -69.535, 1.777 ], [ -69.553, 1.774 ], [ -69.56, 1.765 ], [ -69.579, 1.755 ], [ -69.583, 1.76 ], [ -69.607, 1.742 ], [ -69.637, 1.723 ], [ -69.64, 1.73 ], [ -69.654, 1.718 ], [ -69.665, 1.73 ], [ -69.676, 1.722 ], [ -69.676, 1.732 ], [ -69.692, 1.728 ], [ -69.705, 1.735 ], [ -69.745, 1.73 ], [ -69.773, 1.702 ], [ -69.803, 1.7 ], [ -69.815, 1.696 ], [ -69.819, 1.704 ], [ -69.846, 1.714 ], [ -69.86, 1.711 ], [ -69.869, 1.719 ], [ -69.917, 1.749 ], [ -69.938, 1.746 ], [ -69.965, 1.747 ], [ -69.994, 1.752 ], [ -70.003, 1.762 ], [ -70.016, 1.761 ], [ -70.026, 1.768 ], [ -70.055, 1.777 ], [ -70.071, 1.801 ], [ -70.08, 1.8 ], [ -70.095, 1.811 ], [ -70.111, 1.835 ], [ -70.124, 1.838 ], [ -70.149, 1.867 ], [ -70.176, 1.87 ], [ -70.18, 1.885 ], [ -70.175, 1.904 ], [ -70.163, 1.92 ], [ -70.166, 1.934 ], [ -70.158, 1.944 ], [ -70.143, 1.951 ], [ -70.137, 1.964 ], [ -70.141, 1.98 ], [ -70.112, 2.002 ], [ -70.122, 2.032 ], [ -70.119, 2.059 ], [ -70.11, 2.08 ], [ -70.104, 2.094 ], [ -70.115, 2.1 ], [ -70.117, 2.113 ], [ -70.092, 2.122 ], [ -70.081, 2.138 ], [ -70.058, 2.146 ], [ -70.055, 2.162 ], [ -70.038, 2.163 ], [ -70.027, 2.175 ], [ -70.028, 2.187 ], [ -70.018, 2.178 ], [ -70.006, 2.208 ], [ -69.997, 2.204 ], [ -69.995, 2.224 ], [ -70.022, 2.233 ], [ -70.03, 2.257 ], [ -70.029, 2.273 ], [ -70.038, 2.267 ], [ -70.054, 2.281 ], [ -70.045, 2.29 ], [ -70.063, 2.295 ], [ -70.071, 2.292 ], [ -70.073, 2.276 ], [ -70.087, 2.263 ], [ -70.103, 2.262 ], [ -70.107, 2.268 ], [ -70.121, 2.263 ], [ -70.141, 2.277 ], [ -70.153, 2.273 ], [ -70.137, 2.262 ], [ -70.148, 2.249 ], [ -70.161, 2.263 ], [ -70.156, 2.241 ], [ -70.172, 2.237 ], [ -70.189, 2.252 ], [ -70.183, 2.24 ], [ -70.2, 2.231 ], [ -70.206, 2.242 ], [ -70.21, 2.234 ], [ -70.223, 2.246 ], [ -70.23, 2.241 ], [ -70.25, 2.248 ], [ -70.235, 2.256 ], [ -70.251, 2.264 ], [ -70.277, 2.238 ], [ -70.296, 2.253 ], [ -70.308, 2.248 ], [ -70.297, 2.241 ], [ -70.294, 2.225 ], [ -70.31, 2.209 ], [ -70.341, 2.233 ], [ -70.347, 2.247 ], [ -70.362, 2.234 ], [ -70.383, 2.245 ], [ -70.395, 2.266 ], [ -70.406, 2.256 ], [ -70.419, 2.256 ], [ -70.417, 2.267 ], [ -70.438, 2.26 ], [ -70.458, 2.257 ], [ -70.464, 2.249 ], [ -70.455, 2.242 ], [ -70.466, 2.234 ], [ -70.475, 2.243 ], [ -70.484, 2.235 ], [ -70.497, 2.234 ], [ -70.514, 2.244 ], [ -70.514, 2.256 ], [ -70.489, 2.252 ], [ -70.512, 2.271 ], [ -70.517, 2.284 ], [ -70.52, 2.27 ], [ -70.531, 2.268 ], [ -70.544, 2.28 ], [ -70.55, 2.287 ], [ -70.574, 2.295 ], [ -70.581, 2.289 ], [ -70.608, 2.298 ], [ -70.63, 2.313 ], [ -70.635, 2.348 ], [ -70.642, 2.353 ], [ -70.661, 2.385 ], [ -70.682, 2.428 ], [ -70.677, 2.434 ], [ -70.69, 2.444 ], [ -70.71, 2.471 ], [ -70.733, 2.485 ], [ -70.746, 2.505 ], [ -70.746, 2.529 ], [ -70.754, 2.537 ], [ -70.769, 2.539 ], [ -70.784, 2.532 ], [ -70.793, 2.52 ], [ -70.829, 2.533 ], [ -70.83, 2.541 ], [ -70.848, 2.568 ], [ -70.871, 2.566 ], [ -70.889, 2.557 ], [ -70.902, 2.567 ], [ -70.917, 2.56 ], [ -70.93, 2.573 ], [ -70.942, 2.607 ], [ -70.501, 2.788 ], [ -70.499, 2.808 ], [ -70.448, 2.819 ], [ -70.405, 2.831 ], [ -70.374, 2.849 ], [ -70.359, 2.852 ], [ -70.351, 2.86 ], [ -70.349, 2.878 ], [ -70.356, 2.904 ], [ -70.351, 2.916 ], [ -70.324, 2.913 ], [ -70.299, 2.931 ], [ -70.28, 2.934 ], [ -70.278, 2.955 ], [ -70.285, 3.001 ], [ -70.302, 3.026 ], [ -70.295, 3.035 ], [ -70.272, 3.031 ], [ -70.256, 3.039 ], [ -70.258, 3.049 ], [ -70.273, 3.066 ], [ -70.285, 3.071 ], [ -70.311, 3.07 ], [ -70.322, 3.078 ], [ -70.313, 3.09 ], [ -70.282, 3.092 ], [ -70.279, 3.1 ], [ -70.287, 3.118 ], [ -70.284, 3.129 ], [ -70.26, 3.144 ], [ -70.247, 3.176 ], [ -70.234, 3.182 ], [ -70.218, 3.169 ], [ -70.207, 3.173 ], [ -70.207, 3.185 ], [ -70.22, 3.197 ], [ -70.21, 3.207 ], [ -70.2, 3.195 ], [ -70.194, 3.174 ], [ -70.172, 3.176 ], [ -70.158, 3.19 ], [ -70.161, 3.199 ], [ -70.178, 3.217 ], [ -70.178, 3.231 ], [ -70.167, 3.237 ], [ -70.153, 3.221 ], [ -70.152, 3.198 ], [ -70.142, 3.19 ], [ -70.128, 3.203 ], [ -70.132, 3.244 ], [ -70.158, 3.26 ], [ -70.158, 3.282 ], [ -70.148, 3.291 ], [ -70.133, 3.293 ], [ -70.12, 3.28 ], [ -70.11, 3.284 ], [ -70.113, 3.3 ], [ -70.143, 3.321 ], [ -70.153, 3.325 ], [ -70.172, 3.345 ], [ -70.17, 3.353 ], [ -70.138, 3.361 ], [ -70.129, 3.372 ], [ -70.131, 3.396 ], [ -70.119, 3.403 ], [ -70.112, 3.386 ], [ -70.073, 3.388 ], [ -70.05, 3.4 ], [ -70.034, 3.418 ], [ -70.015, 3.409 ], [ -70.017, 3.384 ], [ -69.999, 3.373 ], [ -69.969, 3.389 ], [ -69.944, 3.395 ], [ -69.94, 3.414 ], [ -69.961, 3.438 ], [ -69.96, 3.457 ], [ -69.946, 3.459 ], [ -69.915, 3.447 ], [ -69.903, 3.424 ], [ -69.874, 3.433 ], [ -69.872, 3.462 ], [ -69.862, 3.475 ], [ -69.876, 3.499 ], [ -69.896, 3.517 ], [ -69.897, 3.533 ], [ -69.89, 3.539 ], [ -69.872, 3.536 ], [ -69.858, 3.503 ], [ -69.847, 3.488 ], [ -69.817, 3.477 ], [ -69.816, 3.489 ], [ -69.833, 3.509 ], [ -69.845, 3.532 ], [ -69.846, 3.544 ], [ -69.834, 3.557 ], [ -69.821, 3.555 ], [ -69.814, 3.547 ], [ -69.815, 3.516 ], [ -69.806, 3.507 ], [ -69.787, 3.524 ], [ -69.79, 3.55 ], [ -69.777, 3.565 ], [ -69.758, 3.561 ], [ -69.734, 3.543 ], [ -69.713, 3.551 ], [ -69.721, 3.569 ], [ -69.742, 3.575 ], [ -69.745, 3.586 ], [ -69.729, 3.592 ], [ -69.709, 3.576 ], [ -69.702, 3.56 ], [ -69.702, 3.542 ], [ -69.691, 3.544 ], [ -69.681, 3.558 ], [ -69.674, 3.579 ], [ -69.662, 3.586 ], [ -69.643, 3.571 ], [ -69.625, 3.57 ], [ -69.62, 3.591 ], [ -69.612, 3.596 ], [ -69.602, 3.588 ], [ -69.593, 3.568 ], [ -69.576, 3.616 ], [ -69.582, 3.638 ], [ -69.574, 3.677 ], [ -69.591, 3.672 ], [ -69.596, 3.677 ], [ -69.579, 3.684 ], [ -69.533, 3.675 ], [ -69.51, 3.679 ], [ -69.498, 3.673 ], [ -69.5, 3.655 ], [ -69.486, 3.66 ], [ -69.488, 3.674 ], [ -69.478, 3.696 ], [ -69.462, 3.709 ], [ -69.444, 3.707 ], [ -69.432, 3.687 ], [ -69.425, 3.667 ], [ -69.415, 3.661 ], [ -69.4, 3.666 ], [ -69.395, 3.68 ], [ -69.384, 3.685 ], [ -69.378, 3.669 ], [ -69.366, 3.665 ], [ -69.357, 3.675 ], [ -69.32, 3.696 ], [ -69.306, 3.717 ], [ -69.292, 3.709 ], [ -69.292, 3.69 ], [ -69.304, 3.666 ], [ -69.306, 3.652 ], [ -69.292, 3.645 ], [ -69.281, 3.652 ], [ -69.269, 3.679 ], [ -69.271, 3.696 ], [ -69.284, 3.707 ], [ -69.283, 3.726 ], [ -69.25, 3.718 ], [ -69.242, 3.706 ], [ -69.242, 3.684 ], [ -69.233, 3.673 ], [ -69.22, 3.679 ], [ -69.211, 3.701 ], [ -69.197, 3.693 ], [ -69.203, 3.675 ], [ -69.195, 3.667 ], [ -69.18, 3.676 ], [ -69.168, 3.672 ], [ -69.17, 3.656 ], [ -69.188, 3.642 ], [ -69.187, 3.634 ], [ -69.168, 3.634 ], [ -69.152, 3.643 ], [ -69.128, 3.674 ], [ -69.114, 3.675 ], [ -69.106, 3.643 ], [ -69.087, 3.639 ], [ -69.082, 3.655 ], [ -69.071, 3.653 ], [ -69.056, 3.639 ], [ -69.012, 3.682 ], [ -68.992, 3.693 ], [ -68.975, 3.693 ], [ -68.959, 3.681 ], [ -68.941, 3.683 ], [ -68.935, 3.697 ], [ -68.938, 3.714 ], [ -68.948, 3.731 ], [ -68.944, 3.74 ], [ -68.929, 3.739 ], [ -68.925, 3.729 ], [ -68.929, 3.711 ], [ -68.927, 3.688 ], [ -68.911, 3.682 ], [ -68.9, 3.687 ], [ -68.888, 3.699 ], [ -68.863, 3.706 ], [ -68.851, 3.7 ], [ -68.838, 3.671 ], [ -68.829, 3.675 ], [ -68.839, 3.701 ], [ -68.852, 3.718 ], [ -68.85, 3.742 ], [ -68.838, 3.744 ], [ -68.813, 3.72 ], [ -68.782, 3.729 ], [ -68.769, 3.747 ], [ -68.768, 3.77 ], [ -68.754, 3.783 ], [ -68.732, 3.773 ], [ -68.71, 3.768 ], [ -68.67, 3.776 ], [ -68.653, 3.761 ], [ -68.645, 3.773 ], [ -68.657, 3.784 ], [ -68.674, 3.789 ], [ -68.681, 3.804 ], [ -68.676, 3.811 ], [ -68.655, 3.804 ], [ -68.645, 3.784 ], [ -68.627, 3.773 ], [ -68.611, 3.783 ], [ -68.586, 3.778 ], [ -68.58, 3.79 ], [ -68.567, 3.784 ], [ -68.555, 3.765 ], [ -68.548, 3.771 ], [ -68.57, 3.797 ], [ -68.574, 3.811 ], [ -68.562, 3.82 ], [ -68.55, 3.813 ], [ -68.527, 3.785 ], [ -68.507, 3.78 ], [ -68.502, 3.792 ], [ -68.515, 3.812 ], [ -68.514, 3.824 ], [ -68.484, 3.849 ], [ -68.466, 3.85 ], [ -68.454, 3.839 ], [ -68.443, 3.841 ], [ -68.44, 3.854 ], [ -68.45, 3.868 ], [ -68.447, 3.884 ], [ -68.433, 3.884 ], [ -68.414, 3.853 ], [ -68.404, 3.847 ], [ -68.393, 3.852 ], [ -68.392, 3.87 ], [ -68.397, 3.878 ], [ -68.43, 3.896 ], [ -68.438, 3.908 ], [ -68.433, 3.92 ], [ -68.42, 3.927 ], [ -68.404, 3.925 ], [ -68.384, 3.913 ], [ -68.347, 3.924 ], [ -68.342, 3.936 ], [ -68.356, 3.955 ], [ -68.346, 3.978 ], [ -68.349, 3.989 ], [ -68.34, 3.994 ], [ -68.314, 3.978 ], [ -68.282, 3.98 ], [ -68.232, 3.973 ], [ -68.207, 3.957 ], [ -68.2, 3.962 ], [ -68.2, 3.981 ], [ -68.207, 3.991 ], [ -68.2, 3.997 ], [ -68.187, 3.987 ], [ -68.171, 3.986 ], [ -68.147, 3.999 ], [ -68.127, 4.0 ], [ -68.12, 3.982 ], [ -68.136, 3.953 ], [ -68.121, 3.939 ], [ -68.105, 3.95 ], [ -68.098, 3.975 ], [ -68.078, 3.981 ], [ -68.072, 3.963 ], [ -68.083, 3.948 ], [ -68.073, 3.938 ], [ -68.056, 3.977 ], [ -68.043, 4.011 ], [ -68.029, 4.002 ], [ -68.032, 3.984 ], [ -68.019, 3.974 ], [ -67.994, 3.98 ], [ -67.984, 3.97 ], [ -67.961, 3.962 ], [ -67.945, 3.965 ], [ -67.931, 3.956 ], [ -67.922, 3.936 ], [ -67.92, 3.911 ], [ -67.906, 3.91 ], [ -67.88, 3.917 ], [ -67.868, 3.926 ], [ -67.819, 3.98 ], [ -67.793, 3.998 ], [ -67.752, 4.023 ], [ -67.719, 4.037 ], [ -67.708, 4.045 ], [ -67.698, 4.011 ], [ -67.697, 3.977 ], [ -67.691, 3.952 ], [ -67.692, 3.936 ], [ -67.681, 3.913 ], [ -67.663, 3.897 ], [ -67.65, 3.869 ], [ -67.645, 3.849 ], [ -67.645, 3.815 ], [ -67.634, 3.786 ], [ -67.623, 3.778 ], [ -67.613, 3.756 ], [ -67.583, 3.753 ], [ -67.537, 3.758 ], [ -67.525, 3.774 ], [ -67.501, 3.767 ], [ -67.487, 3.743 ], [ -67.483, 3.712 ], [ -67.466, 3.685 ], [ -67.448, 3.676 ], [ -67.453, 3.659 ], [ -67.44, 3.647 ], [ -67.445, 3.614 ], [ -67.449, 3.611 ], [ -67.444, 3.585 ], [ -67.431, 3.575 ], [ -67.431, 3.562 ], [ -67.412, 3.539 ], [ -67.408, 3.506 ], [ -67.401, 3.48 ], [ -67.395, 3.472 ], [ -67.368, 3.466 ], [ -67.339, 3.451 ], [ -67.33, 3.426 ], [ -67.313, 3.395 ], [ -67.311, 3.378 ], [ -67.326, 3.362 ], [ -67.334, 3.335 ], [ -67.357, 3.309 ], [ -67.375, 3.301 ], [ -67.382, 3.293 ], [ -67.384, 3.265 ], [ -67.381, 3.248 ], [ -67.435, 3.248 ], [ -67.516, 3.175 ], [ -67.863, 2.865 ], [ -67.864, 2.789 ], [ -67.838, 2.793 ], [ -67.822, 2.827 ], [ -67.811, 2.832 ], [ -67.788, 2.826 ], [ -67.74, 2.838 ], [ -67.736, 2.817 ], [ -67.686, 2.802 ], [ -67.658, 2.797 ], [ -67.641, 2.809 ], [ -67.621, 2.814 ], [ -67.593, 2.788 ], [ -67.583, 2.772 ], [ -67.584, 2.744 ], [ -67.563, 2.721 ], [ -67.569, 2.669 ], [ -67.563, 2.657 ], [ -67.553, 2.654 ], [ -67.539, 2.668 ], [ -67.52, 2.673 ], [ -67.506, 2.666 ], [ -67.487, 2.667 ], [ -67.465, 2.618 ], [ -67.45, 2.619 ], [ -67.415, 2.583 ], [ -67.391, 2.572 ], [ -67.383, 2.544 ], [ -67.345, 2.525 ], [ -67.336, 2.513 ], [ -67.336, 2.5 ], [ -67.328, 2.486 ], [ -67.302, 2.458 ], [ -67.298, 2.443 ], [ -67.277, 2.43 ], [ -67.263, 2.43 ], [ -67.239, 2.409 ], [ -67.216, 2.392 ], [ -67.213, 2.38 ], [ -67.188, 2.35 ], [ -67.186, 2.34 ], [ -67.198, 2.32 ], [ -67.214, 2.31 ], [ -67.218, 2.293 ], [ -67.214, 2.281 ], [ -67.221, 2.251 ], [ -67.203, 2.223 ], [ -67.194, 2.185 ], [ -67.186, 2.168 ], [ -67.162, 2.133 ], [ -67.146, 2.126 ], [ -67.134, 2.134 ], [ -67.115, 2.133 ], [ -67.108, 2.119 ], [ -67.106, 2.094 ], [ -67.099, 2.074 ], [ -67.097, 2.051 ], [ -67.115, 2.02 ], [ -67.123, 1.98 ], [ -67.114, 1.975 ], [ -67.104, 1.958 ], [ -67.084, 1.94 ], [ -67.072, 1.934 ], [ -67.06, 1.906 ], [ -67.047, 1.86 ], [ -67.035, 1.845 ], [ -67.038, 1.809 ], [ -67.033, 1.786 ], [ -67.014, 1.759 ], [ -67.012, 1.739 ], [ -67.003, 1.729 ], [ -66.985, 1.687 ], [ -66.972, 1.682 ], [ -66.962, 1.667 ], [ -66.964, 1.645 ], [ -66.959, 1.629 ] ] ] } },
{ "type": "Feature", "properties": { "DPTO_CCDGO": "95", "DPTO_CNMBR": "GUAVIARE", "area_km2": 55403.36358860608 }, "geometry": { "type": "Polygon", "coordinates": [ [ [ -71.389, 1.657 ], [ -71.398, 1.629 ], [ -71.39, 1.599 ], [ -71.412, 1.571 ], [ -71.422, 1.568 ], [ -71.439, 1.546 ], [ -71.44, 1.509 ], [ -71.454, 1.485 ], [ -71.455, 1.465 ], [ -71.479, 1.446 ], [ -71.479, 1.405 ], [ -71.49, 1.384 ], [ -71.488, 1.373 ], [ -71.503, 1.363 ], [ -71.505, 1.342 ], [ -71.527, 1.302 ], [ -71.527, 1.277 ], [ -71.552, 1.275 ], [ -71.542, 1.257 ], [ -71.544, 1.223 ], [ -71.552, 1.219 ], [ -71.551, 1.205 ], [ -71.535, 1.206 ], [ -71.531, 1.181 ], [ -71.512, 1.165 ], [ -71.509, 1.139 ], [ -71.495, 1.134 ], [ -71.483, 1.112 ], [ -71.501, 1.103 ], [ -71.524, 1.114 ], [ -71.536, 1.124 ], [ -71.53, 1.146 ], [ -71.537, 1.163 ], [ -71.556, 1.155 ], [ -71.557, 1.144 ], [ -71.54, 1.12 ], [ -71.55, 1.112 ], [ -71.564, 1.13 ], [ -71.576, 1.119 ], [ -71.583, 1.102 ], [ -71.58, 1.061 ], [ -71.589, 1.063 ], [ -71.591, 1.049 ], [ -71.616, 1.037 ], [ -71.631, 1.016 ], [ -71.639, 0.997 ], [ -71.665, 0.973 ], [ -71.688, 0.97 ], [ -71.695, 0.985 ], [ -71.711, 0.99 ], [ -71.725, 0.984 ], [ -71.74, 0.985 ], [ -71.755, 0.964 ], [ -71.765, 0.962 ], [ -71.77, 0.95 ], [ -71.767, 0.931 ], [ -71.774, 0.906 ], [ -71.803, 0.888 ], [ -72.033, 0.664 ], [ -72.049, 0.656 ], [ -72.083, 0.657 ], [ -72.073, 0.666 ], [ -72.067, 0.681 ], [ -72.081, 0.705 ], [ -72.094, 0.699 ], [ -72.11, 0.705 ], [ -72.121, 0.722 ], [ -72.119, 0.734 ], [ -72.129, 0.74 ], [ -72.14, 0.718 ], [ -72.159, 0.733 ], [ -72.166, 0.728 ], [ -72.162, 0.714 ], [ -72.191, 0.727 ], [ -72.2, 0.702 ], [ -72.21, 0.7 ], [ -72.23, 0.716 ], [ -72.222, 0.747 ], [ -72.239, 0.768 ], [ -72.25, 0.79 ], [ -72.271, 0.791 ], [ -72.261, 0.767 ], [ -72.27, 0.763 ], [ -72.293, 0.782 ], [ -72.31, 0.809 ], [ -72.303, 0.817 ], [ -72.289, 0.817 ], [ -72.288, 0.824 ], [ -72.3, 0.838 ], [ -72.297, 0.854 ], [ -72.287, 0.862 ], [ -72.289, 0.873 ], [ -72.3, 0.882 ], [ -72.324, 0.875 ], [ -72.317, 0.854 ], [ -72.328, 0.84 ], [ -72.343, 0.871 ], [ -72.332, 0.88 ], [ -72.345, 0.898 ], [ -72.34, 0.927 ], [ -72.354, 0.935 ], [ -72.374, 0.917 ], [ -72.392, 0.923 ], [ -72.377, 0.958 ], [ -72.4, 0.967 ], [ -72.41, 0.987 ], [ -72.399, 1.003 ], [ -72.424, 1.023 ], [ -72.426, 1.037 ], [ -72.455, 1.069 ], [ -72.456, 1.08 ], [ -72.469, 1.084 ], [ -72.484, 1.072 ], [ -72.5, 1.073 ], [ -72.508, 1.068 ], [ -72.521, 1.081 ], [ -72.557, 1.094 ], [ -72.574, 1.113 ], [ -72.587, 1.116 ], [ -72.59, 1.125 ], [ -72.619, 1.134 ], [ -72.635, 1.149 ], [ -72.646, 1.179 ], [ -72.658, 1.152 ], [ -72.671, 1.164 ], [ -72.694, 1.164 ], [ -72.699, 1.182 ], [ -72.726, 1.186 ], [ -72.73, 1.163 ], [ -72.724, 1.149 ], [ -72.734, 1.153 ], [ -72.739, 1.14 ], [ -72.751, 1.129 ], [ -72.764, 1.133 ], [ -72.778, 1.148 ], [ -72.777, 1.165 ], [ -72.769, 1.177 ], [ -72.798, 1.176 ], [ -72.805, 1.183 ], [ -72.823, 1.179 ], [ -72.817, 1.163 ], [ -72.828, 1.15 ], [ -72.831, 1.157 ], [ -72.858, 1.165 ], [ -72.851, 1.158 ], [ -72.851, 1.142 ], [ -72.87, 1.146 ], [ -72.867, 1.12 ], [ -72.849, 1.108 ], [ -72.864, 1.108 ], [ -72.883, 1.1 ], [ -72.87, 1.088 ], [ -72.875, 1.075 ], [ -72.861, 1.072 ], [ -72.859, 1.041 ], [ -72.875, 1.036 ], [ -72.867, 1.026 ], [ -72.885, 1.024 ], [ -72.895, 1.012 ], [ -72.933, 1.014 ], [ -72.929, 1.002 ], [ -72.937, 0.984 ], [ -72.953, 0.979 ], [ -72.96, 0.961 ], [ -72.997, 0.95 ], [ -72.987, 0.932 ], [ -73.005, 0.933 ], [ -73.01, 0.911 ], [ -73.025, 0.921 ], [ -73.05, 0.905 ], [ -73.052, 0.912 ], [ -73.079, 0.895 ], [ -73.087, 0.906 ], [ -73.122, 0.922 ], [ -73.13, 0.915 ], [ -73.145, 0.92 ], [ -73.147, 0.943 ], [ -73.165, 0.942 ], [ -73.163, 0.95 ], [ -73.179, 0.957 ], [ -73.187, 0.971 ], [ -73.173, 0.982 ], [ -73.172, 0.992 ], [ -73.183, 1.002 ], [ -73.199, 0.999 ], [ -73.207, 1.006 ], [ -73.217, 0.997 ], [ -73.248, 1.022 ], [ -73.239, 1.033 ], [ -73.254, 1.042 ], [ -73.277, 1.047 ], [ -73.283, 1.067 ], [ -73.302, 1.07 ], [ -73.341, 1.099 ], [ -73.336, 1.112 ], [ -73.373, 1.131 ], [ -73.378, 1.144 ], [ -73.393, 1.147 ], [ -73.395, 1.168 ], [ -73.412, 1.175 ], [ -73.424, 1.223 ], [ -73.413, 1.239 ], [ -73.418, 1.252 ], [ -73.432, 1.258 ], [ -73.425, 1.265 ], [ -73.428, 1.296 ], [ -73.447, 1.291 ], [ -73.456, 1.294 ], [ -73.452, 1.304 ], [ -73.461, 1.311 ], [ -73.457, 1.323 ], [ -73.47, 1.34 ], [ -73.474, 1.36 ], [ -73.483, 1.37 ], [ -73.503, 1.37 ], [ -73.505, 1.384 ], [ -73.535, 1.39 ], [ -73.548, 1.407 ], [ -73.547, 1.436 ], [ -73.579, 1.47 ], [ -73.585, 1.488 ], [ -73.607, 1.502 ], [ -73.614, 1.524 ], [ -73.643, 1.552 ], [ -73.649, 1.568 ], [ -73.658, 1.576 ], [ -73.664, 1.593 ], [ -73.657, 1.618 ], [ -73.657, 2.064 ], [ -73.657, 2.294 ], [ -73.646, 2.284 ], [ -73.633, 2.288 ], [ -73.629, 2.3 ], [ -73.636, 2.321 ], [ -73.63, 2.331 ], [ -73.619, 2.333 ], [ -73.616, 2.345 ], [ -73.631, 2.354 ], [ -73.632, 2.363 ], [ -73.619, 2.377 ], [ -73.599, 2.381 ], [ -73.589, 2.39 ], [ -73.583, 2.376 ], [ -73.588, 2.366 ], [ -73.574, 2.355 ], [ -73.558, 2.369 ], [ -73.542, 2.376 ], [ -73.531, 2.388 ], [ -73.524, 2.383 ], [ -73.523, 2.368 ], [ -73.514, 2.35 ], [ -73.519, 2.337 ], [ -73.506, 2.335 ], [ -73.509, 2.35 ], [ -73.499, 2.358 ], [ -73.474, 2.362 ], [ -73.463, 2.353 ], [ -73.459, 2.338 ], [ -73.447, 2.344 ], [ -73.456, 2.382 ], [ -73.446, 2.386 ], [ -73.439, 2.383 ], [ -73.431, 2.357 ], [ -73.441, 2.334 ], [ -73.427, 2.326 ], [ -73.42, 2.354 ], [ -73.412, 2.357 ], [ -73.391, 2.351 ], [ -73.388, 2.342 ], [ -73.396, 2.328 ], [ -73.38, 2.324 ], [ -73.375, 2.33 ], [ -73.374, 2.363 ], [ -73.356, 2.368 ], [ -73.349, 2.364 ], [ -73.346, 2.349 ], [ -73.358, 2.337 ], [ -73.356, 2.324 ], [ -73.338, 2.329 ], [ -73.33, 2.344 ], [ -73.335, 2.358 ], [ -73.32, 2.359 ], [ -73.299, 2.336 ], [ -73.271, 2.358 ], [ -73.242, 2.347 ], [ -73.239, 2.366 ], [ -73.244, 2.373 ], [ -73.263, 2.372 ], [ -73.267, 2.381 ], [ -73.253, 2.382 ], [ -73.24, 2.389 ], [ -73.225, 2.389 ], [ -73.218, 2.405 ], [ -73.211, 2.399 ], [ -73.217, 2.386 ], [ -73.2, 2.383 ], [ -73.186, 2.389 ], [ -73.174, 2.401 ], [ -73.164, 2.396 ], [ -73.168, 2.37 ], [ -73.156, 2.366 ], [ -73.142, 2.377 ], [ -73.123, 2.382 ], [ -73.141, 2.395 ], [ -73.135, 2.408 ], [ -73.118, 2.407 ], [ -73.114, 2.382 ], [ -73.097, 2.393 ], [ -73.07, 2.425 ], [ -73.056, 2.426 ], [ -73.043, 2.438 ], [ -73.035, 2.413 ], [ -73.012, 2.433 ], [ -72.986, 2.452 ], [ -72.963, 2.452 ], [ -72.971, 2.471 ], [ -72.96, 2.481 ], [ -72.938, 2.465 ], [ -72.928, 2.476 ], [ -72.936, 2.503 ], [ -72.951, 2.495 ], [ -72.958, 2.5 ], [ -72.956, 2.515 ], [ -72.942, 2.525 ], [ -72.925, 2.53 ], [ -72.919, 2.54 ], [ -72.922, 2.561 ], [ -72.911, 2.567 ], [ -72.898, 2.563 ], [ -72.879, 2.577 ], [ -72.868, 2.578 ], [ -72.849, 2.597 ], [ -72.817, 2.615 ], [ -72.796, 2.608 ], [ -72.789, 2.589 ], [ -72.762, 2.573 ], [ -72.736, 2.571 ], [ -72.72, 2.585 ], [ -72.7, 2.62 ], [ -72.682, 2.623 ], [ -72.667, 2.611 ], [ -72.664, 2.576 ], [ -72.653, 2.572 ], [ -72.643, 2.581 ], [ -72.647, 2.596 ], [ -72.625, 2.627 ], [ -72.606, 2.623 ], [ -72.599, 2.614 ], [ -72.598, 2.584 ], [ -72.583, 2.585 ], [ -72.581, 2.609 ], [ -72.587, 2.639 ], [ -72.578, 2.646 ], [ -72.562, 2.647 ], [ -72.554, 2.658 ], [ -72.571, 2.666 ], [ -72.563, 2.682 ], [ -72.548, 2.679 ], [ -72.536, 2.685 ], [ -72.539, 2.698 ], [ -72.531, 2.703 ], [ -72.51, 2.691 ], [ -72.486, 2.686 ], [ -72.465, 2.697 ], [ -72.464, 2.717 ], [ -72.47, 2.734 ], [ -72.443, 2.735 ], [ -72.436, 2.74 ], [ -72.407, 2.726 ], [ -72.39, 2.737 ], [ -72.373, 2.757 ], [ -72.358, 2.781 ], [ -72.336, 2.797 ], [ -72.316, 2.8 ], [ -72.306, 2.795 ], [ -72.294, 2.774 ], [ -72.273, 2.78 ], [ -72.265, 2.796 ], [ -72.271, 2.816 ], [ -72.259, 2.825 ], [ -72.247, 2.819 ], [ -72.226, 2.784 ], [ -72.198, 2.77 ], [ -72.189, 2.775 ], [ -72.184, 2.79 ], [ -72.204, 2.813 ], [ -72.208, 2.836 ], [ -72.204, 2.859 ], [ -72.19, 2.874 ], [ -72.159, 2.867 ], [ -72.142, 2.867 ], [ -72.139, 2.883 ], [ -72.127, 2.889 ], [ -72.112, 2.875 ], [ -72.096, 2.836 ], [ -72.08, 2.825 ], [ -72.059, 2.817 ], [ -72.047, 2.818 ], [ -72.026, 2.828 ], [ -72.008, 2.83 ], [ -71.992, 2.824 ], [ -71.981, 2.801 ], [ -71.967, 2.822 ], [ -71.953, 2.832 ], [ -71.94, 2.833 ], [ -71.912, 2.828 ], [ -71.858, 2.842 ], [ -71.829, 2.837 ], [ -71.819, 2.858 ], [ -71.824, 2.871 ], [ -71.851, 2.873 ], [ -71.817, 2.879 ], [ -71.79, 2.871 ], [ -71.784, 2.858 ], [ -71.789, 2.822 ], [ -71.78, 2.818 ], [ -71.758, 2.851 ], [ -71.76, 2.872 ], [ -71.768, 2.893 ], [ -71.756, 2.897 ], [ -71.742, 2.884 ], [ -71.729, 2.861 ], [ -71.702, 2.84 ], [ -71.694, 2.838 ], [ -71.683, 2.85 ], [ -71.682, 2.872 ], [ -71.662, 2.873 ], [ -71.658, 2.861 ], [ -71.673, 2.832 ], [ -71.671, 2.823 ], [ -71.652, 2.82 ], [ -71.633, 2.825 ], [ -71.624, 2.841 ], [ -71.608, 2.847 ], [ -71.581, 2.842 ], [ -71.572, 2.851 ], [ -71.584, 2.866 ], [ -71.574, 2.872 ], [ -71.546, 2.859 ], [ -71.528, 2.879 ], [ -71.492, 2.87 ], [ -71.48, 2.853 ], [ -71.465, 2.857 ], [ -71.468, 2.894 ], [ -71.464, 2.899 ], [ -71.436, 2.874 ], [ -71.42, 2.868 ], [ -71.398, 2.847 ], [ -71.389, 2.845 ], [ -71.379, 2.872 ], [ -71.382, 2.888 ], [ -71.366, 2.893 ], [ -71.358, 2.886 ], [ -71.359, 2.864 ], [ -71.346, 2.859 ], [ -71.329, 2.893 ], [ -71.331, 2.921 ], [ -71.314, 2.925 ], [ -71.304, 2.916 ], [ -71.3, 2.878 ], [ -71.278, 2.868 ], [ -71.262, 2.886 ], [ -71.25, 2.877 ], [ -71.25, 2.866 ], [ -71.241, 2.862 ], [ -71.218, 2.869 ], [ -71.208, 2.891 ], [ -71.188, 2.893 ], [ -71.184, 2.905 ], [ -71.151, 2.872 ], [ -71.139, 2.883 ], [ -71.141, 2.902 ], [ -71.135, 2.903 ], [ -71.116, 2.875 ], [ -71.103, 2.873 ], [ -71.088, 2.883 ], [ -71.078, 2.882 ], [ -71.066, 2.873 ], [ -71.064, 2.858 ], [ -71.031, 2.847 ], [ -71.017, 2.857 ], [ -71.006, 2.853 ], [ -70.99, 2.83 ], [ -70.973, 2.833 ], [ -70.959, 2.843 ], [ -70.948, 2.834 ], [ -70.948, 2.818 ], [ -70.962, 2.8 ], [ -70.948, 2.786 ], [ -70.936, 2.788 ], [ -70.928, 2.803 ], [ -70.925, 2.821 ], [ -70.942, 2.84 ], [ -70.936, 2.858 ], [ -70.91, 2.847 ], [ -70.9, 2.812 ], [ -70.888, 2.794 ], [ -70.872, 2.796 ], [ -70.871, 2.809 ], [ -70.882, 2.83 ], [ -70.882, 2.845 ], [ -70.861, 2.837 ], [ -70.855, 2.818 ], [ -70.87, 2.798 ], [ -70.873, 2.779 ], [ -70.862, 2.777 ], [ -70.846, 2.8 ], [ -70.822, 2.813 ], [ -70.81, 2.812 ], [ -70.797, 2.796 ], [ -70.799, 2.776 ], [ -70.815, 2.768 ], [ -70.811, 2.76 ], [ -70.779, 2.768 ], [ -70.762, 2.767 ], [ -70.746, 2.776 ], [ -70.728, 2.795 ], [ -70.717, 2.781 ], [ -70.721, 2.75 ], [ -70.711, 2.737 ], [ -70.691, 2.754 ], [ -70.68, 2.779 ], [ -70.659, 2.78 ], [ -70.642, 2.799 ], [ -70.639, 2.818 ], [ -70.66, 2.84 ], [ -70.66, 2.857 ], [ -70.645, 2.855 ], [ -70.634, 2.846 ], [ -70.632, 2.808 ], [ -70.618, 2.792 ], [ -70.605, 2.801 ], [ -70.597, 2.836 ], [ -70.583, 2.84 ], [ -70.554, 2.817 ], [ -70.53, 2.806 ], [ -70.511, 2.789 ], [ -70.501, 2.788 ], [ -70.942, 2.607 ], [ -70.93, 2.573 ], [ -70.917, 2.56 ], [ -70.902, 2.567 ], [ -70.889, 2.557 ], [ -70.871, 2.566 ], [ -70.848, 2.568 ], [ -70.83, 2.541 ], [ -70.829, 2.533 ], [ -70.793, 2.52 ], [ -70.784, 2.532 ], [ -70.769, 2.539 ], [ -70.754, 2.537 ], [ -70.746, 2.529 ], [ -70.746, 2.505 ], [ -70.733, 2.485 ], [ -70.71, 2.471 ], [ -70.69, 2.444 ], [ -70.677, 2.434 ], [ -70.682, 2.428 ], [ -70.661, 2.385 ], [ -70.642, 2.353 ], [ -70.635, 2.348 ], [ -70.63, 2.313 ], [ -70.608, 2.298 ], [ -70.581, 2.289 ], [ -70.574, 2.295 ], [ -70.55, 2.287 ], [ -70.544, 2.28 ], [ -70.531, 2.268 ], [ -70.52, 2.27 ], [ -70.517, 2.284 ], [ -70.512, 2.271 ], [ -70.489, 2.252 ], [ -70.514, 2.256 ], [ -70.514, 2.244 ], [ -70.497, 2.234 ], [ -70.484, 2.235 ], [ -70.475, 2.243 ], [ -70.466, 2.234 ], [ -70.455, 2.242 ], [ -70.464, 2.249 ], [ -70.458, 2.257 ], [ -70.438, 2.26 ], [ -70.417, 2.267 ], [ -70.419, 2.256 ], [ -70.406, 2.256 ], [ -70.395, 2.266 ], [ -70.383, 2.245 ], [ -70.362, 2.234 ], [ -70.347, 2.247 ], [ -70.341, 2.233 ], [ -70.31, 2.209 ], [ -70.294, 2.225 ], [ -70.297, 2.241 ], [ -70.308, 2.248 ], [ -70.296, 2.253 ], [ -70.277, 2.238 ], [ -70.251, 2.264 ], [ -70.235, 2.256 ], [ -70.25, 2.248 ], [ -70.23, 2.241 ], [ -70.223, 2.246 ], [ -70.21, 2.234 ], [ -70.206, 2.242 ], [ -70.2, 2.231 ], [ -70.183, 2.24 ], [ -70.189, 2.252 ], [ -70.172, 2.237 ], [ -70.156, 2.241 ], [ -70.161, 2.263 ], [ -70.148, 2.249 ], [ -70.137, 2.262 ], [ -70.153, 2.273 ], [ -70.141, 2.277 ], [ -70.121, 2.263 ], [ -70.107, 2.268 ], [ -70.103, 2.262 ], [ -70.087, 2.263 ], [ -70.073, 2.276 ], [ -70.071, 2.292 ], [ -70.063, 2.295 ], [ -70.045, 2.29 ], [ -70.054, 2.281 ], [ -70.038, 2.267 ], [ -70.029, 2.273 ], [ -70.03, 2.257 ], [ -70.022, 2.233 ], [ -69.995, 2.224 ], [ -69.997, 2.204 ], [ -70.006, 2.208 ], [ -70.018, 2.178 ], [ -70.028, 2.187 ], [ -70.027, 2.175 ], [ -70.038, 2.163 ], [ -70.055, 2.162 ], [ -70.058, 2.146 ], [ -70.081, 2.138 ], [ -70.092, 2.122 ], [ -70.117, 2.113 ], [ -70.115, 2.1 ], [ -70.104, 2.094 ], [ -70.11, 2.08 ], [ -70.131, 2.069 ], [ -70.16, 2.061 ], [ -70.166, 2.042 ], [ -70.171, 2.046 ], [ -70.18, 2.025 ], [ -70.209, 2.025 ], [ -70.216, 2.021 ], [ -70.23, 2.034 ], [ -70.238, 2.024 ], [ -70.246, 2.03 ], [ -70.261, 2.014 ], [ -70.264, 2.023 ], [ -70.282, 2.015 ], [ -70.318, 2.013 ], [ -70.329, 1.993 ], [ -70.339, 2.0 ], [ -70.364, 1.985 ], [ -70.367, 2.003 ], [ -70.378, 2.005 ], [ -70.378, 1.986 ], [ -70.39, 1.986 ], [ -70.399, 1.999 ], [ -70.422, 1.987 ], [ -70.435, 2.0 ], [ -70.441, 1.987 ], [ -70.466, 1.983 ], [ -70.458, 1.971 ], [ -70.467, 1.963 ], [ -70.478, 1.967 ], [ -70.492, 1.949 ], [ -70.513, 1.943 ], [ -70.514, 1.957 ], [ -70.536, 1.954 ], [ -70.55, 1.938 ], [ -70.561, 1.941 ], [ -70.566, 1.933 ], [ -70.583, 1.931 ], [ -70.59, 1.939 ], [ -70.611, 1.922 ], [ -70.634, 1.919 ], [ -70.637, 1.903 ], [ -70.662, 1.914 ], [ -70.669, 1.902 ], [ -70.681, 1.908 ], [ -70.69, 1.898 ], [ -70.7, 1.913 ], [ -70.724, 1.915 ], [ -70.734, 1.924 ], [ -70.747, 1.913 ], [ -70.76, 1.91 ], [ -70.77, 1.928 ], [ -70.781, 1.912 ], [ -70.797, 1.917 ], [ -70.801, 1.906 ], [ -70.81, 1.913 ], [ -70.82, 1.909 ], [ -70.835, 1.919 ], [ -70.832, 1.91 ], [ -70.848, 1.92 ], [ -70.867, 1.909 ], [ -70.87, 1.92 ], [ -70.89, 1.922 ], [ -70.905, 1.887 ], [ -70.926, 1.879 ], [ -70.941, 1.868 ], [ -70.944, 1.858 ], [ -70.965, 1.841 ], [ -70.979, 1.841 ], [ -70.987, 1.825 ], [ -71.003, 1.815 ], [ -71.037, 1.811 ], [ -71.041, 1.818 ], [ -71.048, 1.804 ], [ -71.065, 1.798 ], [ -71.071, 1.806 ], [ -71.093, 1.781 ], [ -71.126, 1.783 ], [ -71.128, 1.771 ], [ -71.165, 1.755 ], [ -71.199, 1.727 ], [ -71.208, 1.709 ], [ -71.254, 1.671 ], [ -71.284, 1.684 ], [ -71.315, 1.714 ], [ -71.33, 1.705 ], [ -71.351, 1.727 ], [ -71.368, 1.739 ], [ -71.392, 1.735 ], [ -71.403, 1.723 ], [ -71.397, 1.672 ], [ -71.389, 1.657 ] ] ] } },
{ "type": "Feature", "properties": { "DPTO_CCDGO": "97", "DPTO_CNMBR": "VAUPÉS", "area_km2": 53109.337944872081 }, "geometry": { "type": "Polygon", "coordinates": [ [ [ -69.471, -1.093 ], [ -69.46, -1.126 ], [ -69.462, -1.142 ], [ -69.483, -1.145 ], [ -69.488, -1.155 ], [ -69.476, -1.159 ], [ -69.466, -1.171 ], [ -69.468, -1.2 ], [ -69.481, -1.214 ], [ -69.511, -1.215 ], [ -69.539, -1.192 ], [ -69.566, -1.191 ], [ -69.578, -1.155 ], [ -69.592, -1.146 ], [ -69.619, -1.164 ], [ -69.636, -1.171 ], [ -69.637, -1.212 ], [ -69.65, -1.227 ], [ -69.665, -1.226 ], [ -69.68, -1.203 ], [ -69.678, -1.154 ], [ -69.68, -1.118 ], [ -69.66, -1.118 ], [ -69.654, -1.134 ], [ -69.65, -1.116 ], [ -69.681, -1.083 ], [ -69.705, -1.048 ], [ -69.724, -1.039 ], [ -69.739, -1.041 ], [ -69.75, -1.028 ], [ -69.772, -1.037 ], [ -69.764, -1.064 ], [ -69.754, -1.076 ], [ -69.74, -1.077 ], [ -69.739, -1.094 ], [ -69.757, -1.099 ], [ -69.784, -1.086 ], [ -69.815, -1.035 ], [ -69.822, -1.029 ], [ -69.84, -1.028 ], [ -69.853, -1.039 ], [ -69.869, -1.074 ], [ -69.889, -1.081 ], [ -69.916, -1.083 ], [ -69.937, -1.096 ], [ -69.964, -1.091 ], [ -69.971, -1.079 ], [ -69.967, -1.06 ], [ -69.941, -1.034 ], [ -69.955, -1.006 ], [ -69.951, -0.992 ], [ -69.921, -0.973 ], [ -69.906, -0.98 ], [ -69.908, -0.964 ], [ -69.942, -0.947 ], [ -69.96, -0.969 ], [ -69.988, -0.977 ], [ -70.007, -0.97 ], [ -70.0, -0.947 ], [ -70.01, -0.938 ], [ -70.024, -0.939 ], [ -70.023, -0.967 ], [ -70.027, -0.977 ], [ -70.045, -0.98 ], [ -70.07, -0.95 ], [ -70.08, -0.947 ], [ -70.101, -0.953 ], [ -70.123, -0.973 ], [ -70.14, -0.999 ], [ -70.132, -1.019 ], [ -70.122, -1.021 ], [ -70.101, -1.01 ], [ -70.087, -1.013 ], [ -70.079, -1.036 ], [ -70.088, -1.052 ], [ -70.113, -1.078 ], [ -70.127, -1.11 ], [ -70.15, -1.117 ], [ -70.17, -1.112 ], [ -70.178, -1.1 ], [ -70.177, -1.075 ], [ -70.218, -1.065 ], [ -70.227, -1.05 ], [ -70.227, -1.038 ], [ -70.217, -1.024 ], [ -70.201, -1.01 ], [ -70.195, -0.991 ], [ -70.205, -0.982 ], [ -70.22, -0.985 ], [ -70.231, -1.012 ], [ -70.239, -1.02 ], [ -70.267, -1.015 ], [ -70.302, -0.978 ], [ -70.307, -0.966 ], [ -70.296, -0.936 ], [ -70.283, -0.934 ], [ -70.261, -0.938 ], [ -70.25, -0.91 ], [ -70.225, -0.895 ], [ -70.224, -0.88 ], [ -70.235, -0.87 ], [ -70.252, -0.84 ], [ -70.263, -0.829 ], [ -70.291, -0.808 ], [ -70.297, -0.792 ], [ -70.295, -0.765 ], [ -70.29, -0.752 ], [ -70.275, -0.745 ], [ -70.252, -0.745 ], [ -70.249, -0.731 ], [ -70.262, -0.713 ], [ -70.254, -0.679 ], [ -70.261, -0.653 ], [ -70.255, -0.626 ], [ -70.26, -0.617 ], [ -70.256, -0.603 ], [ -70.265, -0.581 ], [ -70.281, -0.559 ], [ -70.296, -0.557 ], [ -70.302, -0.564 ], [ -70.303, -0.586 ], [ -70.31, -0.59 ], [ -70.325, -0.579 ], [ -70.32, -0.55 ], [ -70.292, -0.512 ], [ -70.257, -0.492 ], [ -70.245, -0.47 ], [ -70.232, -0.468 ], [ -70.209, -0.478 ], [ -70.2, -0.469 ], [ -70.201, -0.457 ], [ -70.21, -0.442 ], [ -70.223, -0.436 ], [ -70.241, -0.446 ], [ -70.255, -0.433 ], [ -70.268, -0.418 ], [ -70.295, -0.415 ], [ -70.31, -0.441 ], [ -70.334, -0.438 ], [ -70.346, -0.448 ], [ -70.361, -0.451 ], [ -70.362, -0.467 ], [ -70.343, -0.474 ], [ -70.323, -0.468 ], [ -70.319, -0.476 ], [ -70.324, -0.492 ], [ -70.343, -0.501 ], [ -70.379, -0.497 ], [ -70.388, -0.468 ], [ -70.403, -0.463 ], [ -70.437, -0.478 ], [ -70.449, -0.493 ], [ -70.463, -0.491 ], [ -70.465, -0.481 ], [ -70.448, -0.46 ], [ -70.457, -0.431 ], [ -70.478, -0.4 ], [ -70.497, -0.386 ], [ -70.522, -0.356 ], [ -70.53, -0.36 ], [ -70.53, -0.374 ], [ -70.555, -0.363 ], [ -70.564, -0.37 ], [ -70.573, -0.392 ], [ -70.585, -0.389 ], [ -70.599, -0.369 ], [ -70.607, -0.345 ], [ -70.626, -0.323 ], [ -70.637, -0.32 ], [ -70.656, -0.334 ], [ -70.666, -0.35 ], [ -70.678, -0.352 ], [ -70.689, -0.333 ], [ -70.715, -0.31 ], [ -70.73, -0.29 ], [ -70.739, -0.287 ], [ -70.772, -0.3 ], [ -70.779, -0.317 ], [ -70.762, -0.318 ], [ -70.759, -0.328 ], [ -70.771, -0.335 ], [ -70.806, -0.346 ], [ -70.812, -0.365 ], [ -70.828, -0.365 ], [ -70.832, -0.347 ], [ -70.843, -0.332 ], [ -70.867, -0.305 ], [ -70.868, -0.29 ], [ -70.878, -0.28 ], [ -70.873, -0.261 ], [ -70.874, -0.241 ], [ -70.882, -0.231 ], [ -70.885, -0.211 ], [ -70.914, -0.203 ], [ -70.917, -0.184 ], [ -70.935, -0.173 ], [ -70.947, -0.149 ], [ -70.935, -0.132 ], [ -70.92, -0.123 ], [ -70.902, -0.133 ], [ -70.892, -0.116 ], [ -70.897, -0.104 ], [ -70.917, -0.099 ], [ -70.93, -0.076 ], [ -70.928, -0.051 ], [ -70.959, -0.041 ], [ -70.973, -0.027 ], [ -70.968, -0.013 ], [ -70.982, -0.004 ], [ -70.998, -0.002 ], [ -71.016, -0.012 ], [ -71.017, -0.028 ], [ -71.012, -0.04 ], [ -71.029, -0.048 ], [ -71.05, -0.034 ], [ -71.053, -0.025 ], [ -71.035, -0.008 ], [ -71.047, -0.003 ], [ -71.066, -0.01 ], [ -71.077, 0.001 ], [ -71.097, -0.007 ], [ -71.1, 0.024 ], [ -71.112, 0.025 ], [ -71.116, 0.011 ], [ -71.129, 0.003 ], [ -71.137, 0.007 ], [ -71.149, 0.039 ], [ -71.145, 0.063 ], [ -71.169, 0.088 ], [ -71.192, 0.096 ], [ -71.188, 0.08 ], [ -71.199, 0.078 ], [ -71.226, 0.054 ], [ -71.232, 0.065 ], [ -71.254, 0.06 ], [ -71.262, 0.069 ], [ -71.28, 0.066 ], [ -71.297, 0.075 ], [ -71.291, 0.097 ], [ -71.307, 0.102 ], [ -71.329, 0.117 ], [ -71.32, 0.13 ], [ -71.335, 0.155 ], [ -71.344, 0.151 ], [ -71.339, 0.14 ], [ -71.367, 0.146 ], [ -71.375, 0.174 ], [ -71.402, 0.185 ], [ -71.404, 0.155 ], [ -71.42, 0.143 ], [ -71.45, 0.139 ], [ -71.47, 0.157 ], [ -71.457, 0.163 ], [ -71.456, 0.175 ], [ -71.476, 0.183 ], [ -71.485, 0.149 ], [ -71.494, 0.147 ], [ -71.503, 0.129 ], [ -71.518, 0.132 ], [ -71.529, 0.12 ], [ -71.545, 0.133 ], [ -71.534, 0.139 ], [ -71.526, 0.153 ], [ -71.531, 0.165 ], [ -71.544, 0.173 ], [ -71.567, 0.171 ], [ -71.584, 0.163 ], [ -71.59, 0.17 ], [ -71.58, 0.177 ], [ -71.577, 0.198 ], [ -71.563, 0.207 ], [ -71.571, 0.215 ], [ -71.606, 0.183 ], [ -71.636, 0.187 ], [ -71.621, 0.191 ], [ -71.627, 0.216 ], [ -71.644, 0.21 ], [ -71.656, 0.219 ], [ -71.698, 0.237 ], [ -71.727, 0.283 ], [ -71.703, 0.296 ], [ -71.699, 0.304 ], [ -71.705, 0.318 ], [ -71.727, 0.309 ], [ -71.734, 0.287 ], [ -71.751, 0.297 ], [ -71.753, 0.332 ], [ -71.769, 0.327 ], [ -71.789, 0.336 ], [ -71.784, 0.346 ], [ -71.773, 0.349 ], [ -71.766, 0.367 ], [ -71.789, 0.364 ], [ -71.815, 0.374 ], [ -71.802, 0.359 ], [ -71.805, 0.348 ], [ -71.832, 0.339 ], [ -71.854, 0.353 ], [ -71.836, 0.366 ], [ -71.836, 0.395 ], [ -71.823, 0.406 ], [ -71.847, 0.414 ], [ -71.847, 0.438 ], [ -71.857, 0.455 ], [ -71.888, 0.468 ], [ -71.889, 0.448 ], [ -71.904, 0.443 ], [ -71.917, 0.449 ], [ -71.922, 0.459 ], [ -71.903, 0.468 ], [ -71.905, 0.479 ], [ -71.927, 0.482 ], [ -71.929, 0.497 ], [ -71.913, 0.516 ], [ -71.929, 0.544 ], [ -71.939, 0.57 ], [ -71.945, 0.568 ], [ -71.943, 0.551 ], [ -71.955, 0.541 ], [ -71.964, 0.556 ], [ -71.991, 0.565 ], [ -71.989, 0.586 ], [ -72.011, 0.599 ], [ -71.998, 0.604 ], [ -71.981, 0.632 ], [ -71.994, 0.632 ], [ -71.999, 0.659 ], [ -72.017, 0.655 ], [ -72.033, 0.664 ], [ -71.803, 0.888 ], [ -71.774, 0.906 ], [ -71.767, 0.931 ], [ -71.77, 0.95 ], [ -71.765, 0.962 ], [ -71.755, 0.964 ], [ -71.74, 0.985 ], [ -71.725, 0.984 ], [ -71.711, 0.99 ], [ -71.695, 0.985 ], [ -71.688, 0.97 ], [ -71.665, 0.973 ], [ -71.639, 0.997 ], [ -71.631, 1.016 ], [ -71.616, 1.037 ], [ -71.591, 1.049 ], [ -71.589, 1.063 ], [ -71.58, 1.061 ], [ -71.583, 1.102 ], [ -71.576, 1.119 ], [ -71.564, 1.13 ], [ -71.55, 1.112 ], [ -71.54, 1.12 ], [ -71.557, 1.144 ], [ -71.556, 1.155 ], [ -71.537, 1.163 ], [ -71.53, 1.146 ], [ -71.536, 1.124 ], [ -71.524, 1.114 ], [ -71.501, 1.103 ], [ -71.483, 1.112 ], [ -71.495, 1.134 ], [ -71.509, 1.139 ], [ -71.512, 1.165 ], [ -71.531, 1.181 ], [ -71.535, 1.206 ], [ -71.551, 1.205 ], [ -71.552, 1.219 ], [ -71.544, 1.223 ], [ -71.542, 1.257 ], [ -71.552, 1.275 ], [ -71.527, 1.277 ], [ -71.527, 1.302 ], [ -71.505, 1.342 ], [ -71.503, 1.363 ], [ -71.488, 1.373 ], [ -71.49, 1.384 ], [ -71.479, 1.405 ], [ -71.479, 1.446 ], [ -71.455, 1.465 ], [ -71.454, 1.485 ], [ -71.44, 1.509 ], [ -71.439, 1.546 ], [ -71.422, 1.568 ], [ -71.412, 1.571 ], [ -71.39, 1.599 ], [ -71.398, 1.629 ], [ -71.389, 1.657 ], [ -71.397, 1.672 ], [ -71.403, 1.723 ], [ -71.392, 1.735 ], [ -71.368, 1.739 ], [ -71.351, 1.727 ], [ -71.33, 1.705 ], [ -71.315, 1.714 ], [ -71.284, 1.684 ], [ -71.254, 1.671 ], [ -71.208, 1.709 ], [ -71.199, 1.727 ], [ -71.165, 1.755 ], [ -71.128, 1.771 ], [ -71.126, 1.783 ], [ -71.093, 1.781 ], [ -71.071, 1.806 ], [ -71.065, 1.798 ], [ -71.048, 1.804 ], [ -71.041, 1.818 ], [ -71.037, 1.811 ], [ -71.003, 1.815 ], [ -70.987, 1.825 ], [ -70.979, 1.841 ], [ -70.965, 1.841 ], [ -70.944, 1.858 ], [ -70.941, 1.868 ], [ -70.926, 1.879 ], [ -70.905, 1.887 ], [ -70.89, 1.922 ], [ -70.87, 1.92 ], [ -70.867, 1.909 ], [ -70.848, 1.92 ], [ -70.832, 1.91 ], [ -70.835, 1.919 ], [ -70.82, 1.909 ], [ -70.81, 1.913 ], [ -70.801, 1.906 ], [ -70.797, 1.917 ], [ -70.781, 1.912 ], [ -70.77, 1.928 ], [ -70.76, 1.91 ], [ -70.747, 1.913 ], [ -70.734, 1.924 ], [ -70.724, 1.915 ], [ -70.7, 1.913 ], [ -70.69, 1.898 ], [ -70.681, 1.908 ], [ -70.669, 1.902 ], [ -70.662, 1.914 ], [ -70.637, 1.903 ], [ -70.634, 1.919 ], [ -70.611, 1.922 ], [ -70.59, 1.939 ], [ -70.583, 1.931 ], [ -70.566, 1.933 ], [ -70.561, 1.941 ], [ -70.55, 1.938 ], [ -70.536, 1.954 ], [ -70.514, 1.957 ], [ -70.513, 1.943 ], [ -70.492, 1.949 ], [ -70.478, 1.967 ], [ -70.467, 1.963 ], [ -70.458, 1.971 ], [ -70.466, 1.983 ], [ -70.441, 1.987 ], [ -70.435, 2.0 ], [ -70.422, 1.987 ], [ -70.399, 1.999 ], [ -70.39, 1.986 ], [ -70.378, 1.986 ], [ -70.378, 2.005 ], [ -70.367, 2.003 ], [ -70.364, 1.985 ], [ -70.339, 2.0 ], [ -70.329, 1.993 ], [ -70.318, 2.013 ], [ -70.282, 2.015 ], [ -70.264, 2.023 ], [ -70.261, 2.014 ], [ -70.246, 2.03 ], [ -70.238, 2.024 ], [ -70.23, 2.034 ], [ -70.216, 2.021 ], [ -70.209, 2.025 ], [ -70.18, 2.025 ], [ -70.171, 2.046 ], [ -70.166, 2.042 ], [ -70.16, 2.061 ], [ -70.131, 2.069 ], [ -70.11, 2.08 ], [ -70.119, 2.059 ], [ -70.122, 2.032 ], [ -70.112, 2.002 ], [ -70.141, 1.98 ], [ -70.137, 1.964 ], [ -70.143, 1.951 ], [ -70.158, 1.944 ], [ -70.166, 1.934 ], [ -70.163, 1.92 ], [ -70.175, 1.904 ], [ -70.18, 1.885 ], [ -70.176, 1.87 ], [ -70.149, 1.867 ], [ -70.124, 1.838 ], [ -70.111, 1.835 ], [ -70.095, 1.811 ], [ -70.08, 1.8 ], [ -70.071, 1.801 ], [ -70.055, 1.777 ], [ -70.026, 1.768 ], [ -70.016, 1.761 ], [ -70.003, 1.762 ], [ -69.994, 1.752 ], [ -69.965, 1.747 ], [ -69.938, 1.746 ], [ -69.917, 1.749 ], [ -69.869, 1.719 ], [ -69.86, 1.711 ], [ -69.846, 1.714 ], [ -69.847, 1.078 ], [ -69.829, 1.079 ], [ -69.815, 1.065 ], [ -69.804, 1.065 ], [ -69.791, 1.088 ], [ -69.774, 1.101 ], [ -69.745, 1.114 ], [ -69.723, 1.108 ], [ -69.708, 1.119 ], [ -69.7, 1.117 ], [ -69.706, 1.098 ], [ -69.704, 1.076 ], [ -69.674, 1.071 ], [ -69.668, 1.081 ], [ -69.645, 1.09 ], [ -69.633, 1.086 ], [ -69.619, 1.097 ], [ -69.605, 1.098 ], [ -69.574, 1.074 ], [ -69.519, 1.072 ], [ -69.485, 1.08 ], [ -69.435, 1.072 ], [ -69.432, 1.05 ], [ -69.414, 1.041 ], [ -69.399, 1.061 ], [ -69.381, 1.075 ], [ -69.375, 1.089 ], [ -69.371, 1.081 ], [ -69.335, 1.082 ], [ -69.321, 1.088 ], [ -69.288, 1.054 ], [ -69.244, 1.056 ], [ -69.245, 1.045 ], [ -69.213, 1.018 ], [ -69.199, 0.996 ], [ -69.218, 0.981 ], [ -69.206, 0.964 ], [ -69.172, 0.95 ], [ -69.169, 0.935 ], [ -69.182, 0.937 ], [ -69.192, 0.928 ], [ -69.191, 0.917 ], [ -69.182, 0.903 ], [ -69.155, 0.881 ], [ -69.14, 0.884 ], [ -69.136, 0.869 ], [ -69.145, 0.846 ], [ -69.157, 0.85 ], [ -69.167, 0.844 ], [ -69.168, 0.821 ], [ -69.153, 0.804 ], [ -69.147, 0.78 ], [ -69.149, 0.767 ], [ -69.162, 0.756 ], [ -69.176, 0.76 ], [ -69.188, 0.746 ], [ -69.181, 0.716 ], [ -69.162, 0.713 ], [ -69.14, 0.69 ], [ -69.129, 0.666 ], [ -69.118, 0.655 ], [ -69.117, 0.637 ], [ -69.125, 0.633 ], [ -69.135, 0.645 ], [ -69.171, 0.648 ], [ -69.183, 0.654 ], [ -69.204, 0.633 ], [ -69.201, 0.606 ], [ -69.212, 0.611 ], [ -69.235, 0.6 ], [ -69.242, 0.609 ], [ -69.272, 0.602 ], [ -69.296, 0.604 ], [ -69.285, 0.619 ], [ -69.291, 0.638 ], [ -69.286, 0.649 ], [ -69.298, 0.649 ], [ -69.322, 0.628 ], [ -69.322, 0.64 ], [ -69.332, 0.643 ], [ -69.35, 0.614 ], [ -69.391, 0.655 ], [ -69.404, 0.664 ], [ -69.416, 0.688 ], [ -69.437, 0.701 ], [ -69.434, 0.713 ], [ -69.456, 0.719 ], [ -69.464, 0.736 ], [ -69.482, 0.735 ], [ -69.533, 0.701 ], [ -69.536, 0.679 ], [ -69.567, 0.68 ], [ -69.567, 0.671 ], [ -69.593, 0.657 ], [ -69.59, 0.638 ], [ -69.605, 0.636 ], [ -69.609, 0.614 ], [ -69.621, 0.634 ], [ -69.63, 0.628 ], [ -69.648, 0.655 ], [ -69.65, 0.664 ], [ -69.67, 0.668 ], [ -69.688, 0.664 ], [ -69.691, 0.649 ], [ -69.704, 0.652 ], [ -69.723, 0.616 ], [ -69.741, 0.61 ], [ -69.749, 0.62 ], [ -69.768, 0.603 ], [ -69.783, 0.596 ], [ -69.788, 0.586 ], [ -69.803, 0.577 ], [ -69.823, 0.591 ], [ -69.835, 0.586 ], [ -69.852, 0.588 ], [ -69.859, 0.578 ], [ -69.869, 0.583 ], [ -69.887, 0.577 ], [ -69.897, 0.586 ], [ -69.914, 0.58 ], [ -69.936, 0.553 ], [ -69.961, 0.561 ], [ -69.964, 0.571 ], [ -69.979, 0.578 ], [ -70.0, 0.574 ], [ -69.992, 0.563 ], [ -69.996, 0.55 ], [ -70.018, 0.544 ], [ -70.021, 0.556 ], [ -70.039, 0.566 ], [ -70.046, 0.563 ], [ -70.047, 0.259 ], [ -70.047, -0.108 ], [ -70.047, -0.116 ], [ -70.043, -0.121 ], [ -70.051, -0.145 ], [ -70.065, -0.164 ], [ -70.053, -0.189 ], [ -70.034, -0.198 ], [ -70.025, -0.208 ], [ -69.997, -0.226 ], [ -69.993, -0.241 ], [ -69.984, -0.245 ], [ -69.97, -0.269 ], [ -69.951, -0.28 ], [ -69.948, -0.292 ], [ -69.936, -0.294 ], [ -69.935, -0.305 ], [ -69.921, -0.326 ], [ -69.902, -0.338 ], [ -69.839, -0.342 ], [ -69.829, -0.363 ], [ -69.831, -0.373 ], [ -69.816, -0.372 ], [ -69.792, -0.384 ], [ -69.78, -0.396 ], [ -69.775, -0.391 ], [ -69.754, -0.409 ], [ -69.741, -0.424 ], [ -69.737, -0.438 ], [ -69.72, -0.449 ], [ -69.688, -0.458 ], [ -69.646, -0.48 ], [ -69.634, -0.496 ], [ -69.611, -0.499 ], [ -69.614, -0.534 ], [ -69.593, -0.555 ], [ -69.599, -0.596 ], [ -69.583, -0.615 ], [ -69.569, -0.623 ], [ -69.576, -0.629 ], [ -69.562, -0.636 ], [ -69.575, -0.651 ], [ -69.574, -0.662 ], [ -69.582, -0.681 ], [ -69.597, -0.695 ], [ -69.609, -0.727 ], [ -69.616, -0.737 ], [ -69.612, -0.766 ], [ -69.6, -0.773 ], [ -69.6, -0.785 ], [ -69.587, -0.781 ], [ -69.583, -0.801 ], [ -69.574, -0.8 ], [ -69.558, -0.819 ], [ -69.574, -0.838 ], [ -69.55, -0.851 ], [ -69.546, -0.861 ], [ -69.531, -0.862 ], [ -69.53, -0.878 ], [ -69.522, -0.892 ], [ -69.529, -0.905 ], [ -69.528, -0.924 ], [ -69.509, -0.929 ], [ -69.509, -0.939 ], [ -69.486, -0.948 ], [ -69.463, -0.967 ], [ -69.467, -0.983 ], [ -69.448, -0.997 ], [ -69.439, -0.99 ], [ -69.42, -1.012 ], [ -69.435, -1.017 ], [ -69.443, -1.034 ], [ -69.428, -1.036 ], [ -69.423, -1.049 ], [ -69.424, -1.072 ], [ -69.433, -1.069 ], [ -69.452, -1.071 ], [ -69.463, -1.078 ], [ -69.471, -1.093 ] ] ] } },
{ "type": "Feature", "properties": { "DPTO_CCDGO": "99", "DPTO_CNMBR": "VICHADA", "area_km2": 99632.720791601838 }, "geometry": { "type": "Polygon", "coordinates": [ [ [ -67.851, 5.281 ], [ -67.847, 5.27 ], [ -67.831, 5.262 ], [ -67.824, 5.247 ], [ -67.831, 5.224 ], [ -67.826, 5.191 ], [ -67.838, 5.178 ], [ -67.855, 5.138 ], [ -67.822, 5.084 ], [ -67.822, 5.066 ], [ -67.806, 5.055 ], [ -67.821, 5.022 ], [ -67.82, 5.0 ], [ -67.825, 4.971 ], [ -67.838, 4.947 ], [ -67.836, 4.882 ], [ -67.823, 4.84 ], [ -67.822, 4.806 ], [ -67.826, 4.787 ], [ -67.824, 4.734 ], [ -67.818, 4.707 ], [ -67.845, 4.645 ], [ -67.846, 4.594 ], [ -67.839, 4.562 ], [ -67.855, 4.539 ], [ -67.857, 4.525 ], [ -67.84, 4.505 ], [ -67.818, 4.497 ], [ -67.799, 4.48 ], [ -67.792, 4.467 ], [ -67.798, 4.437 ], [ -67.787, 4.425 ], [ -67.773, 4.419 ], [ -67.781, 4.392 ], [ -67.779, 4.379 ], [ -67.764, 4.362 ], [ -67.764, 4.341 ], [ -67.791, 4.34 ], [ -67.804, 4.327 ], [ -67.806, 4.315 ], [ -67.791, 4.277 ], [ -67.798, 4.242 ], [ -67.797, 4.23 ], [ -67.777, 4.204 ], [ -67.776, 4.183 ], [ -67.768, 4.162 ], [ -67.742, 4.139 ], [ -67.733, 4.123 ], [ -67.719, 4.063 ], [ -67.708, 4.045 ], [ -67.719, 4.037 ], [ -67.752, 4.023 ], [ -67.793, 3.998 ], [ -67.819, 3.98 ], [ -67.868, 3.926 ], [ -67.88, 3.917 ], [ -67.906, 3.91 ], [ -67.92, 3.911 ], [ -67.922, 3.936 ], [ -67.931, 3.956 ], [ -67.945, 3.965 ], [ -67.961, 3.962 ], [ -67.984, 3.97 ], [ -67.994, 3.98 ], [ -68.019, 3.974 ], [ -68.032, 3.984 ], [ -68.029, 4.002 ], [ -68.043, 4.011 ], [ -68.056, 3.977 ], [ -68.073, 3.938 ], [ -68.083, 3.948 ], [ -68.072, 3.963 ], [ -68.078, 3.981 ], [ -68.098, 3.975 ], [ -68.105, 3.95 ], [ -68.121, 3.939 ], [ -68.136, 3.953 ], [ -68.12, 3.982 ], [ -68.127, 4.0 ], [ -68.147, 3.999 ], [ -68.171, 3.986 ], [ -68.187, 3.987 ], [ -68.2, 3.997 ], [ -68.207, 3.991 ], [ -68.2, 3.981 ], [ -68.2, 3.962 ], [ -68.207, 3.957 ], [ -68.232, 3.973 ], [ -68.282, 3.98 ], [ -68.314, 3.978 ], [ -68.34, 3.994 ], [ -68.349, 3.989 ], [ -68.346, 3.978 ], [ -68.356, 3.955 ], [ -68.342, 3.936 ], [ -68.347, 3.924 ], [ -68.384, 3.913 ], [ -68.404, 3.925 ], [ -68.42, 3.927 ], [ -68.433, 3.92 ], [ -68.438, 3.908 ], [ -68.43, 3.896 ], [ -68.397, 3.878 ], [ -68.392, 3.87 ], [ -68.393, 3.852 ], [ -68.404, 3.847 ], [ -68.414, 3.853 ], [ -68.433, 3.884 ], [ -68.447, 3.884 ], [ -68.45, 3.868 ], [ -68.44, 3.854 ], [ -68.443, 3.841 ], [ -68.454, 3.839 ], [ -68.466, 3.85 ], [ -68.484, 3.849 ], [ -68.514, 3.824 ], [ -68.515, 3.812 ], [ -68.502, 3.792 ], [ -68.507, 3.78 ], [ -68.527, 3.785 ], [ -68.55, 3.813 ], [ -68.562, 3.82 ], [ -68.574, 3.811 ], [ -68.57, 3.797 ], [ -68.548, 3.771 ], [ -68.555, 3.765 ], [ -68.567, 3.784 ], [ -68.58, 3.79 ], [ -68.586, 3.778 ], [ -68.611, 3.783 ], [ -68.627, 3.773 ], [ -68.645, 3.784 ], [ -68.655, 3.804 ], [ -68.676, 3.811 ], [ -68.681, 3.804 ], [ -68.674, 3.789 ], [ -68.657, 3.784 ], [ -68.645, 3.773 ], [ -68.653, 3.761 ], [ -68.67, 3.776 ], [ -68.71, 3.768 ], [ -68.732, 3.773 ], [ -68.754, 3.783 ], [ -68.768, 3.77 ], [ -68.769, 3.747 ], [ -68.782, 3.729 ], [ -68.813, 3.72 ], [ -68.838, 3.744 ], [ -68.85, 3.742 ], [ -68.852, 3.718 ], [ -68.839, 3.701 ], [ -68.829, 3.675 ], [ -68.838, 3.671 ], [ -68.851, 3.7 ], [ -68.863, 3.706 ], [ -68.888, 3.699 ], [ -68.9, 3.687 ], [ -68.911, 3.682 ], [ -68.927, 3.688 ], [ -68.929, 3.711 ], [ -68.925, 3.729 ], [ -68.929, 3.739 ], [ -68.944, 3.74 ], [ -68.948, 3.731 ], [ -68.938, 3.714 ], [ -68.935, 3.697 ], [ -68.941, 3.683 ], [ -68.959, 3.681 ], [ -68.975, 3.693 ], [ -68.992, 3.693 ], [ -69.012, 3.682 ], [ -69.056, 3.639 ], [ -69.071, 3.653 ], [ -69.082, 3.655 ], [ -69.087, 3.639 ], [ -69.106, 3.643 ], [ -69.114, 3.675 ], [ -69.128, 3.674 ], [ -69.152, 3.643 ], [ -69.168, 3.634 ], [ -69.187, 3.634 ], [ -69.188, 3.642 ], [ -69.17, 3.656 ], [ -69.168, 3.672 ], [ -69.18, 3.676 ], [ -69.195, 3.667 ], [ -69.203, 3.675 ], [ -69.197, 3.693 ], [ -69.211, 3.701 ], [ -69.22, 3.679 ], [ -69.233, 3.673 ], [ -69.242, 3.684 ], [ -69.242, 3.706 ], [ -69.25, 3.718 ], [ -69.283, 3.726 ], [ -69.284, 3.707 ], [ -69.271, 3.696 ], [ -69.269, 3.679 ], [ -69.281, 3.652 ], [ -69.292, 3.645 ], [ -69.306, 3.652 ], [ -69.304, 3.666 ], [ -69.292, 3.69 ], [ -69.292, 3.709 ], [ -69.306, 3.717 ], [ -69.32, 3.696 ], [ -69.357, 3.675 ], [ -69.366, 3.665 ], [ -69.378, 3.669 ], [ -69.384, 3.685 ], [ -69.395, 3.68 ], [ -69.4, 3.666 ], [ -69.415, 3.661 ], [ -69.425, 3.667 ], [ -69.432, 3.687 ], [ -69.444, 3.707 ], [ -69.462, 3.709 ], [ -69.478, 3.696 ], [ -69.488, 3.674 ], [ -69.486, 3.66 ], [ -69.5, 3.655 ], [ -69.498, 3.673 ], [ -69.51, 3.679 ], [ -69.533, 3.675 ], [ -69.579, 3.684 ], [ -69.596, 3.677 ], [ -69.591, 3.672 ], [ -69.574, 3.677 ], [ -69.582, 3.638 ], [ -69.576, 3.616 ], [ -69.593, 3.568 ], [ -69.602, 3.588 ], [ -69.612, 3.596 ], [ -69.62, 3.591 ], [ -69.625, 3.57 ], [ -69.643, 3.571 ], [ -69.662, 3.586 ], [ -69.674, 3.579 ], [ -69.681, 3.558 ], [ -69.691, 3.544 ], [ -69.702, 3.542 ], [ -69.702, 3.56 ], [ -69.709, 3.576 ], [ -69.729, 3.592 ], [ -69.745, 3.586 ], [ -69.742, 3.575 ], [ -69.721, 3.569 ], [ -69.713, 3.551 ], [ -69.734, 3.543 ], [ -69.758, 3.561 ], [ -69.777, 3.565 ], [ -69.79, 3.55 ], [ -69.787, 3.524 ], [ -69.806, 3.507 ], [ -69.815, 3.516 ], [ -69.814, 3.547 ], [ -69.821, 3.555 ], [ -69.834, 3.557 ], [ -69.846, 3.544 ], [ -69.845, 3.532 ], [ -69.833, 3.509 ], [ -69.816, 3.489 ], [ -69.817, 3.477 ], [ -69.847, 3.488 ], [ -69.858, 3.503 ], [ -69.872, 3.536 ], [ -69.89, 3.539 ], [ -69.897, 3.533 ], [ -69.896, 3.517 ], [ -69.876, 3.499 ], [ -69.862, 3.475 ], [ -69.872, 3.462 ], [ -69.874, 3.433 ], [ -69.903, 3.424 ], [ -69.915, 3.447 ], [ -69.946, 3.459 ], [ -69.96, 3.457 ], [ -69.961, 3.438 ], [ -69.94, 3.414 ], [ -69.944, 3.395 ], [ -69.969, 3.389 ], [ -69.999, 3.373 ], [ -70.017, 3.384 ], [ -70.015, 3.409 ], [ -70.034, 3.418 ], [ -70.05, 3.4 ], [ -70.073, 3.388 ], [ -70.112, 3.386 ], [ -70.119, 3.403 ], [ -70.131, 3.396 ], [ -70.129, 3.372 ], [ -70.138, 3.361 ], [ -70.17, 3.353 ], [ -70.172, 3.345 ], [ -70.153, 3.325 ], [ -70.143, 3.321 ], [ -70.113, 3.3 ], [ -70.11, 3.284 ], [ -70.12, 3.28 ], [ -70.133, 3.293 ], [ -70.148, 3.291 ], [ -70.158, 3.282 ], [ -70.158, 3.26 ], [ -70.132, 3.244 ], [ -70.128, 3.203 ], [ -70.142, 3.19 ], [ -70.152, 3.198 ], [ -70.153, 3.221 ], [ -70.167, 3.237 ], [ -70.178, 3.231 ], [ -70.178, 3.217 ], [ -70.161, 3.199 ], [ -70.158, 3.19 ], [ -70.172, 3.176 ], [ -70.194, 3.174 ], [ -70.2, 3.195 ], [ -70.21, 3.207 ], [ -70.22, 3.197 ], [ -70.207, 3.185 ], [ -70.207, 3.173 ], [ -70.218, 3.169 ], [ -70.234, 3.182 ], [ -70.247, 3.176 ], [ -70.26, 3.144 ], [ -70.284, 3.129 ], [ -70.287, 3.118 ], [ -70.279, 3.1 ], [ -70.282, 3.092 ], [ -70.313, 3.09 ], [ -70.322, 3.078 ], [ -70.311, 3.07 ], [ -70.285, 3.071 ], [ -70.273, 3.066 ], [ -70.258, 3.049 ], [ -70.256, 3.039 ], [ -70.272, 3.031 ], [ -70.295, 3.035 ], [ -70.302, 3.026 ], [ -70.285, 3.001 ], [ -70.278, 2.955 ], [ -70.28, 2.934 ], [ -70.299, 2.931 ], [ -70.324, 2.913 ], [ -70.351, 2.916 ], [ -70.356, 2.904 ], [ -70.349, 2.878 ], [ -70.351, 2.86 ], [ -70.359, 2.852 ], [ -70.374, 2.849 ], [ -70.405, 2.831 ], [ -70.448, 2.819 ], [ -70.499, 2.808 ], [ -70.501, 2.788 ], [ -70.511, 2.789 ], [ -70.53, 2.806 ], [ -70.554, 2.817 ], [ -70.583, 2.84 ], [ -70.597, 2.836 ], [ -70.605, 2.801 ], [ -70.618, 2.792 ], [ -70.632, 2.808 ], [ -70.634, 2.846 ], [ -70.645, 2.855 ], [ -70.66, 2.857 ], [ -70.66, 2.84 ], [ -70.639, 2.818 ], [ -70.642, 2.799 ], [ -70.659, 2.78 ], [ -70.68, 2.779 ], [ -70.691, 2.754 ], [ -70.711, 2.737 ], [ -70.721, 2.75 ], [ -70.717, 2.781 ], [ -70.728, 2.795 ], [ -70.746, 2.776 ], [ -70.762, 2.767 ], [ -70.779, 2.768 ], [ -70.811, 2.76 ], [ -70.815, 2.768 ], [ -70.799, 2.776 ], [ -70.797, 2.796 ], [ -70.81, 2.812 ], [ -70.822, 2.813 ], [ -70.846, 2.8 ], [ -70.862, 2.777 ], [ -70.873, 2.779 ], [ -70.87, 2.798 ], [ -70.855, 2.818 ], [ -70.861, 2.837 ], [ -70.882, 2.845 ], [ -70.882, 2.83 ], [ -70.871, 2.809 ], [ -70.872, 2.796 ], [ -70.888, 2.794 ], [ -70.9, 2.812 ], [ -70.91, 2.847 ], [ -70.936, 2.858 ], [ -70.942, 2.84 ], [ -70.925, 2.821 ], [ -70.928, 2.803 ], [ -70.936, 2.788 ], [ -70.948, 2.786 ], [ -70.962, 2.8 ], [ -70.948, 2.818 ], [ -70.948, 2.834 ], [ -70.959, 2.843 ], [ -70.973, 2.833 ], [ -70.99, 2.83 ], [ -71.006, 2.853 ], [ -71.017, 2.857 ], [ -71.031, 2.847 ], [ -71.064, 2.858 ], [ -71.066, 2.873 ], [ -71.078, 2.882 ], [ -71.078, 3.355 ], [ -71.078, 4.727 ], [ -71.078, 4.899 ], [ -71.056, 4.907 ], [ -71.042, 4.925 ], [ -71.039, 4.942 ], [ -71.023, 4.956 ], [ -71.013, 4.977 ], [ -71.002, 4.98 ], [ -70.998, 4.999 ], [ -70.985, 5.036 ], [ -70.987, 5.044 ], [ -70.968, 5.058 ], [ -70.975, 5.08 ], [ -70.956, 5.096 ], [ -70.954, 5.111 ], [ -70.942, 5.126 ], [ -70.913, 5.141 ], [ -70.866, 5.144 ], [ -70.846, 5.157 ], [ -70.824, 5.183 ], [ -70.809, 5.196 ], [ -70.764, 5.225 ], [ -70.746, 5.245 ], [ -70.694, 5.284 ], [ -70.674, 5.315 ], [ -70.681, 5.348 ], [ -70.678, 5.364 ], [ -70.666, 5.374 ], [ -70.652, 5.374 ], [ -70.65, 5.38 ], [ -70.621, 5.4 ], [ -70.604, 5.422 ], [ -70.57, 5.436 ], [ -70.569, 5.442 ], [ -70.532, 5.471 ], [ -70.511, 5.476 ], [ -70.501, 5.494 ], [ -70.446, 5.531 ], [ -70.42, 5.535 ], [ -70.419, 5.546 ], [ -70.401, 5.56 ], [ -70.391, 5.561 ], [ -70.356, 5.587 ], [ -70.337, 5.575 ], [ -70.298, 5.577 ], [ -70.265, 5.564 ], [ -70.215, 5.583 ], [ -70.195, 5.603 ], [ -70.153, 5.601 ], [ -70.115, 5.631 ], [ -70.106, 5.652 ], [ -70.079, 5.687 ], [ -70.058, 5.703 ], [ -70.047, 5.721 ], [ -70.044, 5.746 ], [ -70.011, 5.767 ], [ -69.991, 5.791 ], [ -69.967, 5.826 ], [ -69.969, 5.856 ], [ -69.961, 5.865 ], [ -69.934, 5.875 ], [ -69.924, 5.911 ], [ -69.903, 5.929 ], [ -69.883, 5.97 ], [ -69.865, 5.975 ], [ -69.848, 5.999 ], [ -69.843, 6.033 ], [ -69.836, 6.041 ], [ -69.804, 6.055 ], [ -69.784, 6.059 ], [ -69.744, 6.043 ], [ -69.704, 6.046 ], [ -69.683, 6.038 ], [ -69.658, 6.04 ], [ -69.614, 6.036 ], [ -69.571, 6.044 ], [ -69.536, 6.045 ], [ -69.503, 6.059 ], [ -69.486, 6.07 ], [ -69.453, 6.083 ], [ -69.429, 6.109 ], [ -69.417, 6.112 ], [ -69.404, 6.126 ], [ -69.384, 6.126 ], [ -69.361, 6.14 ], [ -69.345, 6.144 ], [ -69.329, 6.132 ], [ -69.31, 6.091 ], [ -69.278, 6.082 ], [ -69.237, 6.08 ], [ -69.217, 6.102 ], [ -69.212, 6.118 ], [ -69.178, 6.147 ], [ -69.152, 6.15 ], [ -69.139, 6.175 ], [ -69.123, 6.192 ], [ -69.103, 6.194 ], [ -69.091, 6.209 ], [ -69.069, 6.217 ], [ -69.043, 6.222 ], [ -69.028, 6.213 ], [ -69.018, 6.194 ], [ -69.004, 6.192 ], [ -68.98, 6.196 ], [ -68.934, 6.177 ], [ -68.917, 6.177 ], [ -68.875, 6.167 ], [ -68.858, 6.177 ], [ -68.83, 6.18 ], [ -68.814, 6.173 ], [ -68.79, 6.147 ], [ -68.746, 6.157 ], [ -68.728, 6.152 ], [ -68.707, 6.152 ], [ -68.696, 6.147 ], [ -68.687, 6.132 ], [ -68.643, 6.129 ], [ -68.622, 6.143 ], [ -68.596, 6.164 ], [ -68.577, 6.167 ], [ -68.551, 6.15 ], [ -68.533, 6.152 ], [ -68.523, 6.159 ], [ -68.512, 6.178 ], [ -68.446, 6.188 ], [ -68.427, 6.182 ], [ -68.413, 6.185 ], [ -68.393, 6.182 ], [ -68.378, 6.186 ], [ -68.355, 6.179 ], [ -68.329, 6.164 ], [ -68.296, 6.166 ], [ -68.268, 6.185 ], [ -68.258, 6.197 ], [ -68.24, 6.198 ], [ -68.214, 6.208 ], [ -68.186, 6.21 ], [ -68.171, 6.22 ], [ -68.139, 6.229 ], [ -68.117, 6.226 ], [ -68.093, 6.231 ], [ -68.066, 6.221 ], [ -68.047, 6.202 ], [ -68.026, 6.196 ], [ -67.997, 6.209 ], [ -67.979, 6.208 ], [ -67.964, 6.22 ], [ -67.925, 6.24 ], [ -67.902, 6.268 ], [ -67.857, 6.298 ], [ -67.835, 6.318 ], [ -67.81, 6.324 ], [ -67.796, 6.32 ], [ -67.769, 6.294 ], [ -67.757, 6.291 ], [ -67.717, 6.3 ], [ -67.701, 6.294 ], [ -67.615, 6.288 ], [ -67.595, 6.267 ], [ -67.585, 6.262 ], [ -67.555, 6.267 ], [ -67.534, 6.259 ], [ -67.511, 6.234 ], [ -67.475, 6.212 ], [ -67.456, 6.189 ], [ -67.485, 6.164 ], [ -67.492, 6.148 ], [ -67.493, 6.127 ], [ -67.477, 6.102 ], [ -67.472, 6.082 ], [ -67.456, 6.059 ], [ -67.428, 6.039 ], [ -67.428, 6.029 ], [ -67.412, 6.011 ], [ -67.41, 5.996 ], [ -67.418, 5.983 ], [ -67.445, 5.971 ], [ -67.464, 5.958 ], [ -67.475, 5.939 ], [ -67.502, 5.921 ], [ -67.523, 5.912 ], [ -67.541, 5.895 ], [ -67.563, 5.86 ], [ -67.589, 5.839 ], [ -67.598, 5.827 ], [ -67.6, 5.813 ], [ -67.609, 5.793 ], [ -67.611, 5.776 ], [ -67.62, 5.747 ], [ -67.63, 5.734 ], [ -67.635, 5.687 ], [ -67.638, 5.674 ], [ -67.637, 5.645 ], [ -67.631, 5.632 ], [ -67.629, 5.613 ], [ -67.62, 5.587 ], [ -67.62, 5.565 ], [ -67.599, 5.544 ], [ -67.605, 5.525 ], [ -67.616, 5.517 ], [ -67.625, 5.476 ], [ -67.683, 5.427 ], [ -67.701, 5.423 ], [ -67.716, 5.412 ], [ -67.725, 5.398 ], [ -67.751, 5.387 ], [ -67.772, 5.371 ], [ -67.801, 5.358 ], [ -67.814, 5.343 ], [ -67.838, 5.321 ], [ -67.85, 5.304 ], [ -67.851, 5.281 ] ] ] } }
]
}
